2026-05-27 09:48:16,138 - __main__ - INFO - 🚀 Starting Lab Monitoring System v2.1.0
2026-05-27 09:48:16,139 - __main__ - INFO - Configuration: USE_MQTT=True, SERVER_PORT=8800
2026-05-27 09:48:16,165 - __main__ - INFO - ✅ Connected to MQTT Broker at localhost:1883
2026-05-27 09:48:16,165 - __main__ - INFO - 🚀 MQTT client started
2026-05-27 09:48:16,165 - __main__ - INFO - 📡 Subscribed to: lab/monitoring/+
2026-05-27 09:48:20,657 - __main__ - INFO - 🔌 WebSocket connected. Total: 1
2026-05-27 09:48:20,684 - __main__ - ERROR - WebSocket error: Object of type datetime is not JSON serializable
Traceback (most recent call last):
  File "C:\Users\LENOVO\OneDrive\Desktop\JARKOM\main.py", line 634, in websocket_endpoint
    initial = json.dumps({
  File "C:\Users\LENOVO\AppData\Local\Programs\Python\Python310\lib\json\__init__.py", line 231, in dumps
    return _default_encoder.encode(obj)
  File "C:\Users\LENOVO\AppData\Local\Programs\Python\Python310\lib\json\encoder.py", line 199, in encode
    chunks = self.iterencode(o, _one_shot=True)
  File "C:\Users\LENOVO\AppData\Local\Programs\Python\Python310\lib\json\encoder.py", line 257, in iterencode
    return _iterencode(o, 0)
  File "C:\Users\LENOVO\AppData\Local\Programs\Python\Python310\lib\json\encoder.py", line 179, in default
    raise TypeError(f'Object of type {o.__class__.__name__} '
TypeError: Object of type datetime is not JSON serializable

2026-05-27 09:48:20,686 - __main__ - INFO - 🔌 WebSocket connection removed. Remaining: 0
2026-05-27 09:48:31,985 - __main__ - INFO - 🔌 WebSocket connected. Total: 1
2026-05-27 09:48:31,987 - __main__ - ERROR - WebSocket error: Object of type datetime is not JSON serializable
Traceback (most recent call last):
  File "C:\Users\LENOVO\OneDrive\Desktop\JARKOM\main.py", line 634, in websocket_endpoint
    initial = json.dumps({
  File "C:\Users\LENOVO\AppData\Local\Programs\Python\Python310\lib\json\__init__.py", line 231, in dumps
    return _default_encoder.encode(obj)
  File "C:\Users\LENOVO\AppData\Local\Programs\Python\Python310\lib\json\encoder.py", line 199, in encode
    chunks = self.iterencode(o, _one_shot=True)
  File "C:\Users\LENOVO\AppData\Local\Programs\Python\Python310\lib\json\encoder.py", line 257, in iterencode
    return _iterencode(o, 0)
  File "C:\Users\LENOVO\AppData\Local\Programs\Python\Python310\lib\json\encoder.py", line 179, in default
    raise TypeError(f'Object of type {o.__class__.__name__} '
TypeError: Object of type datetime is not JSON serializable

2026-05-27 09:48:31,988 - __main__ - INFO - 🔌 WebSocket connection removed. Remaining: 0
2026-05-27 09:48:43,831 - __main__ - INFO - 🔌 WebSocket connected. Total: 1
2026-05-27 09:48:43,831 - __main__ - ERROR - WebSocket error: Object of type datetime is not JSON serializable
Traceback (most recent call last):
  File "C:\Users\LENOVO\OneDrive\Desktop\JARKOM\main.py", line 634, in websocket_endpoint
    initial = json.dumps({
  File "C:\Users\LENOVO\AppData\Local\Programs\Python\Python310\lib\json\__init__.py", line 231, in dumps
    return _default_encoder.encode(obj)
  File "C:\Users\LENOVO\AppData\Local\Programs\Python\Python310\lib\json\encoder.py", line 199, in encode
    chunks = self.iterencode(o, _one_shot=True)
  File "C:\Users\LENOVO\AppData\Local\Programs\Python\Python310\lib\json\encoder.py", line 257, in iterencode
    return _iterencode(o, 0)
  File "C:\Users\LENOVO\AppData\Local\Programs\Python\Python310\lib\json\encoder.py", line 179, in default
    raise TypeError(f'Object of type {o.__class__.__name__} '
TypeError: Object of type datetime is not JSON serializable

2026-05-27 09:48:43,831 - __main__ - INFO - 🔌 WebSocket connection removed. Remaining: 0
2026-05-27 09:49:16,182 - __main__ - INFO - 📊 Stats - Uptime: 0:01:00.087465, Messages: 18, Failed: 0, Clients: 1, WS Connections: 0, Broadcast Failures: 0
2026-05-27 09:50:16,187 - __main__ - INFO - 📊 Stats - Uptime: 0:02:00.093091, Messages: 36, Failed: 0, Clients: 1, WS Connections: 0, Broadcast Failures: 0
2026-05-27 09:51:16,211 - __main__ - INFO - 📊 Stats - Uptime: 0:03:00.117143, Messages: 55, Failed: 0, Clients: 1, WS Connections: 0, Broadcast Failures: 0
2026-05-27 09:52:16,214 - __main__ - INFO - 📊 Stats - Uptime: 0:04:00.120129, Messages: 74, Failed: 0, Clients: 1, WS Connections: 0, Broadcast Failures: 0
2026-05-27 09:52:38,602 - __main__ - INFO - 🔌 WebSocket connected. Total: 1
2026-05-27 09:52:38,604 - __main__ - ERROR - WebSocket error: Object of type datetime is not JSON serializable
Traceback (most recent call last):
  File "C:\Users\LENOVO\OneDrive\Desktop\JARKOM\main.py", line 634, in websocket_endpoint
    initial = json.dumps({
  File "C:\Users\LENOVO\AppData\Local\Programs\Python\Python310\lib\json\__init__.py", line 231, in dumps
    return _default_encoder.encode(obj)
  File "C:\Users\LENOVO\AppData\Local\Programs\Python\Python310\lib\json\encoder.py", line 199, in encode
    chunks = self.iterencode(o, _one_shot=True)
  File "C:\Users\LENOVO\AppData\Local\Programs\Python\Python310\lib\json\encoder.py", line 257, in iterencode
    return _iterencode(o, 0)
  File "C:\Users\LENOVO\AppData\Local\Programs\Python\Python310\lib\json\encoder.py", line 179, in default
    raise TypeError(f'Object of type {o.__class__.__name__} '
TypeError: Object of type datetime is not JSON serializable

2026-05-27 09:52:38,605 - __main__ - INFO - 🔌 WebSocket connection removed. Remaining: 0
2026-05-27 09:53:16,238 - __main__ - INFO - 📊 Stats - Uptime: 0:05:00.143936, Messages: 93, Failed: 0, Clients: 1, WS Connections: 0, Broadcast Failures: 0
2026-05-27 09:54:16,254 - __main__ - INFO - 📊 Stats - Uptime: 0:06:00.160036, Messages: 113, Failed: 0, Clients: 1, WS Connections: 0, Broadcast Failures: 0
2026-05-27 09:55:16,251 - __main__ - INFO - 📊 Stats - Uptime: 0:07:00.156578, Messages: 131, Failed: 0, Clients: 1, WS Connections: 0, Broadcast Failures: 0
2026-05-27 09:56:16,259 - __main__ - INFO - 📊 Stats - Uptime: 0:08:00.165137, Messages: 150, Failed: 0, Clients: 1, WS Connections: 0, Broadcast Failures: 0
2026-05-27 09:57:16,265 - __main__ - INFO - 📊 Stats - Uptime: 0:09:00.170956, Messages: 169, Failed: 0, Clients: 1, WS Connections: 0, Broadcast Failures: 0
2026-05-27 09:58:16,271 - __main__ - INFO - 📊 Stats - Uptime: 0:10:00.176919, Messages: 187, Failed: 0, Clients: 1, WS Connections: 0, Broadcast Failures: 0
2026-05-27 09:59:16,270 - __main__ - INFO - 📊 Stats - Uptime: 0:11:00.175559, Messages: 205, Failed: 0, Clients: 1, WS Connections: 0, Broadcast Failures: 0
2026-05-27 09:59:57,946 - __main__ - INFO - 🛑 Shutting down Lab Monitoring System
2026-05-27 09:59:58,155 - __main__ - WARNING - ⚠️ Disconnected from MQTT Broker (rc=0)
2026-05-27 09:59:58,155 - __main__ - INFO - Will attempt to reconnect in 5 seconds...
2026-05-27 10:00:14,159 - __main__ - INFO - 🚀 Starting Lab Monitoring System v2.1.0
2026-05-27 10:00:14,161 - __main__ - INFO - Configuration: USE_MQTT=True, SERVER_PORT=8800
2026-05-27 10:00:14,166 - __main__ - INFO - ✅ Connected to MQTT Broker at localhost:1883
2026-05-27 10:00:14,166 - __main__ - INFO - 🚀 MQTT client started
2026-05-27 10:00:14,166 - __main__ - INFO - 📡 Subscribed to: lab/monitoring/+
2026-05-27 10:00:22,566 - __main__ - INFO - 🔌 WebSocket connected. Total: 1
2026-05-27 10:00:32,715 - __main__ - ERROR - Circuit breaker failure #1: Object of type datetime is not JSON serializable
2026-05-27 10:00:32,715 - __main__ - ERROR - Broadcast failed: Object of type datetime is not JSON serializable
Traceback (most recent call last):
  File "C:\Users\LENOVO\OneDrive\Desktop\JARKOM\main.py", line 361, in safe_broadcast_update
    message = broadcast_circuit_breaker.call(
  File "C:\Users\LENOVO\OneDrive\Desktop\JARKOM\main.py", line 89, in call
    result = func(*args, **kwargs)
  File "C:\Users\LENOVO\AppData\Local\Programs\Python\Python310\lib\json\__init__.py", line 231, in dumps
    return _default_encoder.encode(obj)
  File "C:\Users\LENOVO\AppData\Local\Programs\Python\Python310\lib\json\encoder.py", line 199, in encode
    chunks = self.iterencode(o, _one_shot=True)
  File "C:\Users\LENOVO\AppData\Local\Programs\Python\Python310\lib\json\encoder.py", line 257, in iterencode
    return _iterencode(o, 0)
  File "C:\Users\LENOVO\AppData\Local\Programs\Python\Python310\lib\json\encoder.py", line 179, in default
    raise TypeError(f'Object of type {o.__class__.__name__} '
TypeError: Object of type datetime is not JSON serializable

2026-05-27 10:00:35,380 - __main__ - ERROR - Circuit breaker failure #2: Object of type datetime is not JSON serializable
2026-05-27 10:00:35,380 - __main__ - ERROR - Broadcast failed: Object of type datetime is not JSON serializable
Traceback (most recent call last):
  File "C:\Users\LENOVO\OneDrive\Desktop\JARKOM\main.py", line 361, in safe_broadcast_update
    message = broadcast_circuit_breaker.call(
  File "C:\Users\LENOVO\OneDrive\Desktop\JARKOM\main.py", line 89, in call
    result = func(*args, **kwargs)
  File "C:\Users\LENOVO\AppData\Local\Programs\Python\Python310\lib\json\__init__.py", line 231, in dumps
    return _default_encoder.encode(obj)
  File "C:\Users\LENOVO\AppData\Local\Programs\Python\Python310\lib\json\encoder.py", line 199, in encode
    chunks = self.iterencode(o, _one_shot=True)
  File "C:\Users\LENOVO\AppData\Local\Programs\Python\Python310\lib\json\encoder.py", line 257, in iterencode
    return _iterencode(o, 0)
  File "C:\Users\LENOVO\AppData\Local\Programs\Python\Python310\lib\json\encoder.py", line 179, in default
    raise TypeError(f'Object of type {o.__class__.__name__} '
TypeError: Object of type datetime is not JSON serializable

2026-05-27 10:00:38,066 - __main__ - ERROR - Circuit breaker failure #3: Object of type datetime is not JSON serializable
2026-05-27 10:00:38,067 - __main__ - ERROR - Broadcast failed: Object of type datetime is not JSON serializable
Traceback (most recent call last):
  File "C:\Users\LENOVO\OneDrive\Desktop\JARKOM\main.py", line 361, in safe_broadcast_update
    message = broadcast_circuit_breaker.call(
  File "C:\Users\LENOVO\OneDrive\Desktop\JARKOM\main.py", line 89, in call
    result = func(*args, **kwargs)
  File "C:\Users\LENOVO\AppData\Local\Programs\Python\Python310\lib\json\__init__.py", line 231, in dumps
    return _default_encoder.encode(obj)
  File "C:\Users\LENOVO\AppData\Local\Programs\Python\Python310\lib\json\encoder.py", line 199, in encode
    chunks = self.iterencode(o, _one_shot=True)
  File "C:\Users\LENOVO\AppData\Local\Programs\Python\Python310\lib\json\encoder.py", line 257, in iterencode
    return _iterencode(o, 0)
  File "C:\Users\LENOVO\AppData\Local\Programs\Python\Python310\lib\json\encoder.py", line 179, in default
    raise TypeError(f'Object of type {o.__class__.__name__} '
TypeError: Object of type datetime is not JSON serializable

2026-05-27 10:00:40,813 - __main__ - ERROR - Circuit breaker failure #4: Object of type datetime is not JSON serializable
2026-05-27 10:00:40,813 - __main__ - ERROR - Broadcast failed: Object of type datetime is not JSON serializable
Traceback (most recent call last):
  File "C:\Users\LENOVO\OneDrive\Desktop\JARKOM\main.py", line 361, in safe_broadcast_update
    message = broadcast_circuit_breaker.call(
  File "C:\Users\LENOVO\OneDrive\Desktop\JARKOM\main.py", line 89, in call
    result = func(*args, **kwargs)
  File "C:\Users\LENOVO\AppData\Local\Programs\Python\Python310\lib\json\__init__.py", line 231, in dumps
    return _default_encoder.encode(obj)
  File "C:\Users\LENOVO\AppData\Local\Programs\Python\Python310\lib\json\encoder.py", line 199, in encode
    chunks = self.iterencode(o, _one_shot=True)
  File "C:\Users\LENOVO\AppData\Local\Programs\Python\Python310\lib\json\encoder.py", line 257, in iterencode
    return _iterencode(o, 0)
  File "C:\Users\LENOVO\AppData\Local\Programs\Python\Python310\lib\json\encoder.py", line 179, in default
    raise TypeError(f'Object of type {o.__class__.__name__} '
TypeError: Object of type datetime is not JSON serializable

2026-05-27 10:00:43,352 - __main__ - ERROR - Circuit breaker failure #5: Object of type datetime is not JSON serializable
2026-05-27 10:00:43,352 - __main__ - ERROR - Broadcast failed: Object of type datetime is not JSON serializable
Traceback (most recent call last):
  File "C:\Users\LENOVO\OneDrive\Desktop\JARKOM\main.py", line 361, in safe_broadcast_update
    message = broadcast_circuit_breaker.call(
  File "C:\Users\LENOVO\OneDrive\Desktop\JARKOM\main.py", line 89, in call
    result = func(*args, **kwargs)
  File "C:\Users\LENOVO\AppData\Local\Programs\Python\Python310\lib\json\__init__.py", line 231, in dumps
    return _default_encoder.encode(obj)
  File "C:\Users\LENOVO\AppData\Local\Programs\Python\Python310\lib\json\encoder.py", line 199, in encode
    chunks = self.iterencode(o, _one_shot=True)
  File "C:\Users\LENOVO\AppData\Local\Programs\Python\Python310\lib\json\encoder.py", line 257, in iterencode
    return _iterencode(o, 0)
  File "C:\Users\LENOVO\AppData\Local\Programs\Python\Python310\lib\json\encoder.py", line 179, in default
    raise TypeError(f'Object of type {o.__class__.__name__} '
TypeError: Object of type datetime is not JSON serializable

2026-05-27 10:00:46,015 - __main__ - ERROR - Circuit breaker failure #6: Object of type datetime is not JSON serializable
2026-05-27 10:00:46,015 - __main__ - ERROR - Broadcast failed: Object of type datetime is not JSON serializable
Traceback (most recent call last):
  File "C:\Users\LENOVO\OneDrive\Desktop\JARKOM\main.py", line 361, in safe_broadcast_update
    message = broadcast_circuit_breaker.call(
  File "C:\Users\LENOVO\OneDrive\Desktop\JARKOM\main.py", line 89, in call
    result = func(*args, **kwargs)
  File "C:\Users\LENOVO\AppData\Local\Programs\Python\Python310\lib\json\__init__.py", line 231, in dumps
    return _default_encoder.encode(obj)
  File "C:\Users\LENOVO\AppData\Local\Programs\Python\Python310\lib\json\encoder.py", line 199, in encode
    chunks = self.iterencode(o, _one_shot=True)
  File "C:\Users\LENOVO\AppData\Local\Programs\Python\Python310\lib\json\encoder.py", line 257, in iterencode
    return _iterencode(o, 0)
  File "C:\Users\LENOVO\AppData\Local\Programs\Python\Python310\lib\json\encoder.py", line 179, in default
    raise TypeError(f'Object of type {o.__class__.__name__} '
TypeError: Object of type datetime is not JSON serializable

2026-05-27 10:00:48,698 - __main__ - ERROR - Circuit breaker failure #7: Object of type datetime is not JSON serializable
2026-05-27 10:00:48,698 - __main__ - ERROR - Broadcast failed: Object of type datetime is not JSON serializable
Traceback (most recent call last):
  File "C:\Users\LENOVO\OneDrive\Desktop\JARKOM\main.py", line 361, in safe_broadcast_update
    message = broadcast_circuit_breaker.call(
  File "C:\Users\LENOVO\OneDrive\Desktop\JARKOM\main.py", line 89, in call
    result = func(*args, **kwargs)
  File "C:\Users\LENOVO\AppData\Local\Programs\Python\Python310\lib\json\__init__.py", line 231, in dumps
    return _default_encoder.encode(obj)
  File "C:\Users\LENOVO\AppData\Local\Programs\Python\Python310\lib\json\encoder.py", line 199, in encode
    chunks = self.iterencode(o, _one_shot=True)
  File "C:\Users\LENOVO\AppData\Local\Programs\Python\Python310\lib\json\encoder.py", line 257, in iterencode
    return _iterencode(o, 0)
  File "C:\Users\LENOVO\AppData\Local\Programs\Python\Python310\lib\json\encoder.py", line 179, in default
    raise TypeError(f'Object of type {o.__class__.__name__} '
TypeError: Object of type datetime is not JSON serializable

2026-05-27 10:00:51,250 - __main__ - ERROR - Circuit breaker failure #8: Object of type datetime is not JSON serializable
2026-05-27 10:00:51,252 - __main__ - ERROR - Broadcast failed: Object of type datetime is not JSON serializable
Traceback (most recent call last):
  File "C:\Users\LENOVO\OneDrive\Desktop\JARKOM\main.py", line 361, in safe_broadcast_update
    message = broadcast_circuit_breaker.call(
  File "C:\Users\LENOVO\OneDrive\Desktop\JARKOM\main.py", line 89, in call
    result = func(*args, **kwargs)
  File "C:\Users\LENOVO\AppData\Local\Programs\Python\Python310\lib\json\__init__.py", line 231, in dumps
    return _default_encoder.encode(obj)
  File "C:\Users\LENOVO\AppData\Local\Programs\Python\Python310\lib\json\encoder.py", line 199, in encode
    chunks = self.iterencode(o, _one_shot=True)
  File "C:\Users\LENOVO\AppData\Local\Programs\Python\Python310\lib\json\encoder.py", line 257, in iterencode
    return _iterencode(o, 0)
  File "C:\Users\LENOVO\AppData\Local\Programs\Python\Python310\lib\json\encoder.py", line 179, in default
    raise TypeError(f'Object of type {o.__class__.__name__} '
TypeError: Object of type datetime is not JSON serializable

2026-05-27 10:00:53,903 - __main__ - ERROR - Circuit breaker failure #9: Object of type datetime is not JSON serializable
2026-05-27 10:00:53,903 - __main__ - ERROR - Broadcast failed: Object of type datetime is not JSON serializable
Traceback (most recent call last):
  File "C:\Users\LENOVO\OneDrive\Desktop\JARKOM\main.py", line 361, in safe_broadcast_update
    message = broadcast_circuit_breaker.call(
  File "C:\Users\LENOVO\OneDrive\Desktop\JARKOM\main.py", line 89, in call
    result = func(*args, **kwargs)
  File "C:\Users\LENOVO\AppData\Local\Programs\Python\Python310\lib\json\__init__.py", line 231, in dumps
    return _default_encoder.encode(obj)
  File "C:\Users\LENOVO\AppData\Local\Programs\Python\Python310\lib\json\encoder.py", line 199, in encode
    chunks = self.iterencode(o, _one_shot=True)
  File "C:\Users\LENOVO\AppData\Local\Programs\Python\Python310\lib\json\encoder.py", line 257, in iterencode
    return _iterencode(o, 0)
  File "C:\Users\LENOVO\AppData\Local\Programs\Python\Python310\lib\json\encoder.py", line 179, in default
    raise TypeError(f'Object of type {o.__class__.__name__} '
TypeError: Object of type datetime is not JSON serializable

2026-05-27 10:00:56,470 - __main__ - ERROR - Circuit breaker failure #10: Object of type datetime is not JSON serializable
2026-05-27 10:00:56,472 - __main__ - ERROR - Circuit breaker OPENED after 10 failures
2026-05-27 10:00:56,472 - __main__ - ERROR - Broadcast failed: Object of type datetime is not JSON serializable
Traceback (most recent call last):
  File "C:\Users\LENOVO\OneDrive\Desktop\JARKOM\main.py", line 361, in safe_broadcast_update
    message = broadcast_circuit_breaker.call(
  File "C:\Users\LENOVO\OneDrive\Desktop\JARKOM\main.py", line 89, in call
    result = func(*args, **kwargs)
  File "C:\Users\LENOVO\AppData\Local\Programs\Python\Python310\lib\json\__init__.py", line 231, in dumps
    return _default_encoder.encode(obj)
  File "C:\Users\LENOVO\AppData\Local\Programs\Python\Python310\lib\json\encoder.py", line 199, in encode
    chunks = self.iterencode(o, _one_shot=True)
  File "C:\Users\LENOVO\AppData\Local\Programs\Python\Python310\lib\json\encoder.py", line 257, in iterencode
    return _iterencode(o, 0)
  File "C:\Users\LENOVO\AppData\Local\Programs\Python\Python310\lib\json\encoder.py", line 179, in default
    raise TypeError(f'Object of type {o.__class__.__name__} '
TypeError: Object of type datetime is not JSON serializable

2026-05-27 10:00:59,155 - __main__ - ERROR - Broadcast failed: Circuit breaker is OPEN. Will recover at 1779850916.4704583
Traceback (most recent call last):
  File "C:\Users\LENOVO\OneDrive\Desktop\JARKOM\main.py", line 361, in safe_broadcast_update
    message = broadcast_circuit_breaker.call(
  File "C:\Users\LENOVO\OneDrive\Desktop\JARKOM\main.py", line 86, in call
    raise Exception(f"Circuit breaker is OPEN. Will recover at {self.last_failure_time + self.recovery_timeout}")
Exception: Circuit breaker is OPEN. Will recover at 1779850916.4704583

2026-05-27 10:01:01,729 - __main__ - ERROR - Broadcast failed: Circuit breaker is OPEN. Will recover at 1779850916.4704583
Traceback (most recent call last):
  File "C:\Users\LENOVO\OneDrive\Desktop\JARKOM\main.py", line 361, in safe_broadcast_update
    message = broadcast_circuit_breaker.call(
  File "C:\Users\LENOVO\OneDrive\Desktop\JARKOM\main.py", line 86, in call
    raise Exception(f"Circuit breaker is OPEN. Will recover at {self.last_failure_time + self.recovery_timeout}")
Exception: Circuit breaker is OPEN. Will recover at 1779850916.4704583

2026-05-27 10:01:04,416 - __main__ - ERROR - Broadcast failed: Circuit breaker is OPEN. Will recover at 1779850916.4704583
Traceback (most recent call last):
  File "C:\Users\LENOVO\OneDrive\Desktop\JARKOM\main.py", line 361, in safe_broadcast_update
    message = broadcast_circuit_breaker.call(
  File "C:\Users\LENOVO\OneDrive\Desktop\JARKOM\main.py", line 86, in call
    raise Exception(f"Circuit breaker is OPEN. Will recover at {self.last_failure_time + self.recovery_timeout}")
Exception: Circuit breaker is OPEN. Will recover at 1779850916.4704583

2026-05-27 10:01:06,995 - __main__ - ERROR - Broadcast failed: Circuit breaker is OPEN. Will recover at 1779850916.4704583
Traceback (most recent call last):
  File "C:\Users\LENOVO\OneDrive\Desktop\JARKOM\main.py", line 361, in safe_broadcast_update
    message = broadcast_circuit_breaker.call(
  File "C:\Users\LENOVO\OneDrive\Desktop\JARKOM\main.py", line 86, in call
    raise Exception(f"Circuit breaker is OPEN. Will recover at {self.last_failure_time + self.recovery_timeout}")
Exception: Circuit breaker is OPEN. Will recover at 1779850916.4704583

2026-05-27 10:01:09,676 - __main__ - ERROR - Broadcast failed: Circuit breaker is OPEN. Will recover at 1779850916.4704583
Traceback (most recent call last):
  File "C:\Users\LENOVO\OneDrive\Desktop\JARKOM\main.py", line 361, in safe_broadcast_update
    message = broadcast_circuit_breaker.call(
  File "C:\Users\LENOVO\OneDrive\Desktop\JARKOM\main.py", line 86, in call
    raise Exception(f"Circuit breaker is OPEN. Will recover at {self.last_failure_time + self.recovery_timeout}")
Exception: Circuit breaker is OPEN. Will recover at 1779850916.4704583

2026-05-27 10:01:12,248 - __main__ - ERROR - Broadcast failed: Circuit breaker is OPEN. Will recover at 1779850916.4704583
Traceback (most recent call last):
  File "C:\Users\LENOVO\OneDrive\Desktop\JARKOM\main.py", line 361, in safe_broadcast_update
    message = broadcast_circuit_breaker.call(
  File "C:\Users\LENOVO\OneDrive\Desktop\JARKOM\main.py", line 86, in call
    raise Exception(f"Circuit breaker is OPEN. Will recover at {self.last_failure_time + self.recovery_timeout}")
Exception: Circuit breaker is OPEN. Will recover at 1779850916.4704583

2026-05-27 10:01:14,176 - __main__ - INFO - 📊 Stats - Uptime: 0:01:00.051772, Messages: 17, Failed: 0, Clients: 1, WS Connections: 1, Broadcast Failures: 16
2026-05-27 10:01:15,224 - __main__ - ERROR - Broadcast failed: Circuit breaker is OPEN. Will recover at 1779850916.4704583
Traceback (most recent call last):
  File "C:\Users\LENOVO\OneDrive\Desktop\JARKOM\main.py", line 361, in safe_broadcast_update
    message = broadcast_circuit_breaker.call(
  File "C:\Users\LENOVO\OneDrive\Desktop\JARKOM\main.py", line 86, in call
    raise Exception(f"Circuit breaker is OPEN. Will recover at {self.last_failure_time + self.recovery_timeout}")
Exception: Circuit breaker is OPEN. Will recover at 1779850916.4704583

2026-05-27 10:01:18,662 - __main__ - ERROR - Broadcast failed: Circuit breaker is OPEN. Will recover at 1779850916.4704583
Traceback (most recent call last):
  File "C:\Users\LENOVO\OneDrive\Desktop\JARKOM\main.py", line 361, in safe_broadcast_update
    message = broadcast_circuit_breaker.call(
  File "C:\Users\LENOVO\OneDrive\Desktop\JARKOM\main.py", line 86, in call
    raise Exception(f"Circuit breaker is OPEN. Will recover at {self.last_failure_time + self.recovery_timeout}")
Exception: Circuit breaker is OPEN. Will recover at 1779850916.4704583

2026-05-27 10:01:22,186 - __main__ - ERROR - Broadcast failed: Circuit breaker is OPEN. Will recover at 1779850916.4704583
Traceback (most recent call last):
  File "C:\Users\LENOVO\OneDrive\Desktop\JARKOM\main.py", line 361, in safe_broadcast_update
    message = broadcast_circuit_breaker.call(
  File "C:\Users\LENOVO\OneDrive\Desktop\JARKOM\main.py", line 86, in call
    raise Exception(f"Circuit breaker is OPEN. Will recover at {self.last_failure_time + self.recovery_timeout}")
Exception: Circuit breaker is OPEN. Will recover at 1779850916.4704583

2026-05-27 10:01:25,464 - __main__ - ERROR - Broadcast failed: Circuit breaker is OPEN. Will recover at 1779850916.4704583
Traceback (most recent call last):
  File "C:\Users\LENOVO\OneDrive\Desktop\JARKOM\main.py", line 361, in safe_broadcast_update
    message = broadcast_circuit_breaker.call(
  File "C:\Users\LENOVO\OneDrive\Desktop\JARKOM\main.py", line 86, in call
    raise Exception(f"Circuit breaker is OPEN. Will recover at {self.last_failure_time + self.recovery_timeout}")
Exception: Circuit breaker is OPEN. Will recover at 1779850916.4704583

2026-05-27 10:01:28,934 - __main__ - ERROR - Broadcast failed: Circuit breaker is OPEN. Will recover at 1779850916.4704583
Traceback (most recent call last):
  File "C:\Users\LENOVO\OneDrive\Desktop\JARKOM\main.py", line 361, in safe_broadcast_update
    message = broadcast_circuit_breaker.call(
  File "C:\Users\LENOVO\OneDrive\Desktop\JARKOM\main.py", line 86, in call
    raise Exception(f"Circuit breaker is OPEN. Will recover at {self.last_failure_time + self.recovery_timeout}")
Exception: Circuit breaker is OPEN. Will recover at 1779850916.4704583

2026-05-27 10:01:32,332 - __main__ - ERROR - Broadcast failed: Circuit breaker is OPEN. Will recover at 1779850916.4704583
Traceback (most recent call last):
  File "C:\Users\LENOVO\OneDrive\Desktop\JARKOM\main.py", line 361, in safe_broadcast_update
    message = broadcast_circuit_breaker.call(
  File "C:\Users\LENOVO\OneDrive\Desktop\JARKOM\main.py", line 86, in call
    raise Exception(f"Circuit breaker is OPEN. Will recover at {self.last_failure_time + self.recovery_timeout}")
Exception: Circuit breaker is OPEN. Will recover at 1779850916.4704583

2026-05-27 10:01:33,520 - __main__ - INFO - 🔌 WebSocket connection removed. Remaining: 0
2026-05-27 10:01:33,958 - __main__ - INFO - 🔌 WebSocket connected. Total: 1
2026-05-27 10:01:35,875 - __main__ - ERROR - Broadcast failed: Circuit breaker is OPEN. Will recover at 1779850916.4704583
Traceback (most recent call last):
  File "C:\Users\LENOVO\OneDrive\Desktop\JARKOM\main.py", line 361, in safe_broadcast_update
    message = broadcast_circuit_breaker.call(
  File "C:\Users\LENOVO\OneDrive\Desktop\JARKOM\main.py", line 86, in call
    raise Exception(f"Circuit breaker is OPEN. Will recover at {self.last_failure_time + self.recovery_timeout}")
Exception: Circuit breaker is OPEN. Will recover at 1779850916.4704583

2026-05-27 10:01:39,144 - __main__ - ERROR - Broadcast failed: Circuit breaker is OPEN. Will recover at 1779850916.4704583
Traceback (most recent call last):
  File "C:\Users\LENOVO\OneDrive\Desktop\JARKOM\main.py", line 361, in safe_broadcast_update
    message = broadcast_circuit_breaker.call(
  File "C:\Users\LENOVO\OneDrive\Desktop\JARKOM\main.py", line 86, in call
    raise Exception(f"Circuit breaker is OPEN. Will recover at {self.last_failure_time + self.recovery_timeout}")
Exception: Circuit breaker is OPEN. Will recover at 1779850916.4704583

2026-05-27 10:01:42,486 - __main__ - ERROR - Broadcast failed: Circuit breaker is OPEN. Will recover at 1779850916.4704583
Traceback (most recent call last):
  File "C:\Users\LENOVO\OneDrive\Desktop\JARKOM\main.py", line 361, in safe_broadcast_update
    message = broadcast_circuit_breaker.call(
  File "C:\Users\LENOVO\OneDrive\Desktop\JARKOM\main.py", line 86, in call
    raise Exception(f"Circuit breaker is OPEN. Will recover at {self.last_failure_time + self.recovery_timeout}")
Exception: Circuit breaker is OPEN. Will recover at 1779850916.4704583

2026-05-27 10:01:45,623 - __main__ - ERROR - Broadcast failed: Circuit breaker is OPEN. Will recover at 1779850916.4704583
Traceback (most recent call last):
  File "C:\Users\LENOVO\OneDrive\Desktop\JARKOM\main.py", line 361, in safe_broadcast_update
    message = broadcast_circuit_breaker.call(
  File "C:\Users\LENOVO\OneDrive\Desktop\JARKOM\main.py", line 86, in call
    raise Exception(f"Circuit breaker is OPEN. Will recover at {self.last_failure_time + self.recovery_timeout}")
Exception: Circuit breaker is OPEN. Will recover at 1779850916.4704583

2026-05-27 10:01:48,881 - __main__ - ERROR - Broadcast failed: Circuit breaker is OPEN. Will recover at 1779850916.4704583
Traceback (most recent call last):
  File "C:\Users\LENOVO\OneDrive\Desktop\JARKOM\main.py", line 361, in safe_broadcast_update
    message = broadcast_circuit_breaker.call(
  File "C:\Users\LENOVO\OneDrive\Desktop\JARKOM\main.py", line 86, in call
    raise Exception(f"Circuit breaker is OPEN. Will recover at {self.last_failure_time + self.recovery_timeout}")
Exception: Circuit breaker is OPEN. Will recover at 1779850916.4704583

2026-05-27 10:01:52,315 - __main__ - ERROR - Broadcast failed: Circuit breaker is OPEN. Will recover at 1779850916.4704583
Traceback (most recent call last):
  File "C:\Users\LENOVO\OneDrive\Desktop\JARKOM\main.py", line 361, in safe_broadcast_update
    message = broadcast_circuit_breaker.call(
  File "C:\Users\LENOVO\OneDrive\Desktop\JARKOM\main.py", line 86, in call
    raise Exception(f"Circuit breaker is OPEN. Will recover at {self.last_failure_time + self.recovery_timeout}")
Exception: Circuit breaker is OPEN. Will recover at 1779850916.4704583

2026-05-27 10:01:55,556 - __main__ - ERROR - Broadcast failed: Circuit breaker is OPEN. Will recover at 1779850916.4704583
Traceback (most recent call last):
  File "C:\Users\LENOVO\OneDrive\Desktop\JARKOM\main.py", line 361, in safe_broadcast_update
    message = broadcast_circuit_breaker.call(
  File "C:\Users\LENOVO\OneDrive\Desktop\JARKOM\main.py", line 86, in call
    raise Exception(f"Circuit breaker is OPEN. Will recover at {self.last_failure_time + self.recovery_timeout}")
Exception: Circuit breaker is OPEN. Will recover at 1779850916.4704583

2026-05-27 10:01:58,896 - __main__ - WARNING - Circuit breaker entering HALF_OPEN state
2026-05-27 10:01:58,896 - __main__ - ERROR - Circuit breaker failure #11: Object of type datetime is not JSON serializable
2026-05-27 10:01:58,897 - __main__ - ERROR - Circuit breaker OPENED after 11 failures
2026-05-27 10:01:58,897 - __main__ - ERROR - Broadcast failed: Object of type datetime is not JSON serializable
Traceback (most recent call last):
  File "C:\Users\LENOVO\OneDrive\Desktop\JARKOM\main.py", line 361, in safe_broadcast_update
    message = broadcast_circuit_breaker.call(
  File "C:\Users\LENOVO\OneDrive\Desktop\JARKOM\main.py", line 89, in call
    result = func(*args, **kwargs)
  File "C:\Users\LENOVO\AppData\Local\Programs\Python\Python310\lib\json\__init__.py", line 231, in dumps
    return _default_encoder.encode(obj)
  File "C:\Users\LENOVO\AppData\Local\Programs\Python\Python310\lib\json\encoder.py", line 199, in encode
    chunks = self.iterencode(o, _one_shot=True)
  File "C:\Users\LENOVO\AppData\Local\Programs\Python\Python310\lib\json\encoder.py", line 257, in iterencode
    return _iterencode(o, 0)
  File "C:\Users\LENOVO\AppData\Local\Programs\Python\Python310\lib\json\encoder.py", line 179, in default
    raise TypeError(f'Object of type {o.__class__.__name__} '
TypeError: Object of type datetime is not JSON serializable

2026-05-27 10:02:02,162 - __main__ - ERROR - Broadcast failed: Circuit breaker is OPEN. Will recover at 1779850978.896363
Traceback (most recent call last):
  File "C:\Users\LENOVO\OneDrive\Desktop\JARKOM\main.py", line 361, in safe_broadcast_update
    message = broadcast_circuit_breaker.call(
  File "C:\Users\LENOVO\OneDrive\Desktop\JARKOM\main.py", line 86, in call
    raise Exception(f"Circuit breaker is OPEN. Will recover at {self.last_failure_time + self.recovery_timeout}")
Exception: Circuit breaker is OPEN. Will recover at 1779850978.896363

2026-05-27 10:02:05,435 - __main__ - ERROR - Broadcast failed: Circuit breaker is OPEN. Will recover at 1779850978.896363
Traceback (most recent call last):
  File "C:\Users\LENOVO\OneDrive\Desktop\JARKOM\main.py", line 361, in safe_broadcast_update
    message = broadcast_circuit_breaker.call(
  File "C:\Users\LENOVO\OneDrive\Desktop\JARKOM\main.py", line 86, in call
    raise Exception(f"Circuit breaker is OPEN. Will recover at {self.last_failure_time + self.recovery_timeout}")
Exception: Circuit breaker is OPEN. Will recover at 1779850978.896363

2026-05-27 10:02:08,765 - __main__ - ERROR - Broadcast failed: Circuit breaker is OPEN. Will recover at 1779850978.896363
Traceback (most recent call last):
  File "C:\Users\LENOVO\OneDrive\Desktop\JARKOM\main.py", line 361, in safe_broadcast_update
    message = broadcast_circuit_breaker.call(
  File "C:\Users\LENOVO\OneDrive\Desktop\JARKOM\main.py", line 86, in call
    raise Exception(f"Circuit breaker is OPEN. Will recover at {self.last_failure_time + self.recovery_timeout}")
Exception: Circuit breaker is OPEN. Will recover at 1779850978.896363

2026-05-27 10:02:11,985 - __main__ - ERROR - Broadcast failed: Circuit breaker is OPEN. Will recover at 1779850978.896363
Traceback (most recent call last):
  File "C:\Users\LENOVO\OneDrive\Desktop\JARKOM\main.py", line 361, in safe_broadcast_update
    message = broadcast_circuit_breaker.call(
  File "C:\Users\LENOVO\OneDrive\Desktop\JARKOM\main.py", line 86, in call
    raise Exception(f"Circuit breaker is OPEN. Will recover at {self.last_failure_time + self.recovery_timeout}")
Exception: Circuit breaker is OPEN. Will recover at 1779850978.896363

2026-05-27 10:02:14,171 - __main__ - INFO - 📊 Stats - Uptime: 0:02:00.046536, Messages: 35, Failed: 0, Clients: 1, WS Connections: 1, Broadcast Failures: 34
2026-05-27 10:02:15,249 - __main__ - ERROR - Broadcast failed: Circuit breaker is OPEN. Will recover at 1779850978.896363
Traceback (most recent call last):
  File "C:\Users\LENOVO\OneDrive\Desktop\JARKOM\main.py", line 361, in safe_broadcast_update
    message = broadcast_circuit_breaker.call(
  File "C:\Users\LENOVO\OneDrive\Desktop\JARKOM\main.py", line 86, in call
    raise Exception(f"Circuit breaker is OPEN. Will recover at {self.last_failure_time + self.recovery_timeout}")
Exception: Circuit breaker is OPEN. Will recover at 1779850978.896363

2026-05-27 10:02:18,387 - __main__ - ERROR - Broadcast failed: Circuit breaker is OPEN. Will recover at 1779850978.896363
Traceback (most recent call last):
  File "C:\Users\LENOVO\OneDrive\Desktop\JARKOM\main.py", line 361, in safe_broadcast_update
    message = broadcast_circuit_breaker.call(
  File "C:\Users\LENOVO\OneDrive\Desktop\JARKOM\main.py", line 86, in call
    raise Exception(f"Circuit breaker is OPEN. Will recover at {self.last_failure_time + self.recovery_timeout}")
Exception: Circuit breaker is OPEN. Will recover at 1779850978.896363

2026-05-27 10:02:21,763 - __main__ - ERROR - Broadcast failed: Circuit breaker is OPEN. Will recover at 1779850978.896363
Traceback (most recent call last):
  File "C:\Users\LENOVO\OneDrive\Desktop\JARKOM\main.py", line 361, in safe_broadcast_update
    message = broadcast_circuit_breaker.call(
  File "C:\Users\LENOVO\OneDrive\Desktop\JARKOM\main.py", line 86, in call
    raise Exception(f"Circuit breaker is OPEN. Will recover at {self.last_failure_time + self.recovery_timeout}")
Exception: Circuit breaker is OPEN. Will recover at 1779850978.896363

2026-05-27 10:02:24,918 - __main__ - ERROR - Broadcast failed: Circuit breaker is OPEN. Will recover at 1779850978.896363
Traceback (most recent call last):
  File "C:\Users\LENOVO\OneDrive\Desktop\JARKOM\main.py", line 361, in safe_broadcast_update
    message = broadcast_circuit_breaker.call(
  File "C:\Users\LENOVO\OneDrive\Desktop\JARKOM\main.py", line 86, in call
    raise Exception(f"Circuit breaker is OPEN. Will recover at {self.last_failure_time + self.recovery_timeout}")
Exception: Circuit breaker is OPEN. Will recover at 1779850978.896363

2026-05-27 10:02:28,210 - __main__ - ERROR - Broadcast failed: Circuit breaker is OPEN. Will recover at 1779850978.896363
Traceback (most recent call last):
  File "C:\Users\LENOVO\OneDrive\Desktop\JARKOM\main.py", line 361, in safe_broadcast_update
    message = broadcast_circuit_breaker.call(
  File "C:\Users\LENOVO\OneDrive\Desktop\JARKOM\main.py", line 86, in call
    raise Exception(f"Circuit breaker is OPEN. Will recover at {self.last_failure_time + self.recovery_timeout}")
Exception: Circuit breaker is OPEN. Will recover at 1779850978.896363

2026-05-27 10:02:31,382 - __main__ - ERROR - Broadcast failed: Circuit breaker is OPEN. Will recover at 1779850978.896363
Traceback (most recent call last):
  File "C:\Users\LENOVO\OneDrive\Desktop\JARKOM\main.py", line 361, in safe_broadcast_update
    message = broadcast_circuit_breaker.call(
  File "C:\Users\LENOVO\OneDrive\Desktop\JARKOM\main.py", line 86, in call
    raise Exception(f"Circuit breaker is OPEN. Will recover at {self.last_failure_time + self.recovery_timeout}")
Exception: Circuit breaker is OPEN. Will recover at 1779850978.896363

2026-05-27 10:02:34,687 - __main__ - ERROR - Broadcast failed: Circuit breaker is OPEN. Will recover at 1779850978.896363
Traceback (most recent call last):
  File "C:\Users\LENOVO\OneDrive\Desktop\JARKOM\main.py", line 361, in safe_broadcast_update
    message = broadcast_circuit_breaker.call(
  File "C:\Users\LENOVO\OneDrive\Desktop\JARKOM\main.py", line 86, in call
    raise Exception(f"Circuit breaker is OPEN. Will recover at {self.last_failure_time + self.recovery_timeout}")
Exception: Circuit breaker is OPEN. Will recover at 1779850978.896363

2026-05-27 10:02:37,952 - __main__ - ERROR - Broadcast failed: Circuit breaker is OPEN. Will recover at 1779850978.896363
Traceback (most recent call last):
  File "C:\Users\LENOVO\OneDrive\Desktop\JARKOM\main.py", line 361, in safe_broadcast_update
    message = broadcast_circuit_breaker.call(
  File "C:\Users\LENOVO\OneDrive\Desktop\JARKOM\main.py", line 86, in call
    raise Exception(f"Circuit breaker is OPEN. Will recover at {self.last_failure_time + self.recovery_timeout}")
Exception: Circuit breaker is OPEN. Will recover at 1779850978.896363

2026-05-27 10:02:41,202 - __main__ - ERROR - Broadcast failed: Circuit breaker is OPEN. Will recover at 1779850978.896363
Traceback (most recent call last):
  File "C:\Users\LENOVO\OneDrive\Desktop\JARKOM\main.py", line 361, in safe_broadcast_update
    message = broadcast_circuit_breaker.call(
  File "C:\Users\LENOVO\OneDrive\Desktop\JARKOM\main.py", line 86, in call
    raise Exception(f"Circuit breaker is OPEN. Will recover at {self.last_failure_time + self.recovery_timeout}")
Exception: Circuit breaker is OPEN. Will recover at 1779850978.896363

2026-05-27 10:02:44,432 - __main__ - ERROR - Broadcast failed: Circuit breaker is OPEN. Will recover at 1779850978.896363
Traceback (most recent call last):
  File "C:\Users\LENOVO\OneDrive\Desktop\JARKOM\main.py", line 361, in safe_broadcast_update
    message = broadcast_circuit_breaker.call(
  File "C:\Users\LENOVO\OneDrive\Desktop\JARKOM\main.py", line 86, in call
    raise Exception(f"Circuit breaker is OPEN. Will recover at {self.last_failure_time + self.recovery_timeout}")
Exception: Circuit breaker is OPEN. Will recover at 1779850978.896363

2026-05-27 10:02:47,790 - __main__ - ERROR - Broadcast failed: Circuit breaker is OPEN. Will recover at 1779850978.896363
Traceback (most recent call last):
  File "C:\Users\LENOVO\OneDrive\Desktop\JARKOM\main.py", line 361, in safe_broadcast_update
    message = broadcast_circuit_breaker.call(
  File "C:\Users\LENOVO\OneDrive\Desktop\JARKOM\main.py", line 86, in call
    raise Exception(f"Circuit breaker is OPEN. Will recover at {self.last_failure_time + self.recovery_timeout}")
Exception: Circuit breaker is OPEN. Will recover at 1779850978.896363

2026-05-27 10:02:51,098 - __main__ - ERROR - Broadcast failed: Circuit breaker is OPEN. Will recover at 1779850978.896363
Traceback (most recent call last):
  File "C:\Users\LENOVO\OneDrive\Desktop\JARKOM\main.py", line 361, in safe_broadcast_update
    message = broadcast_circuit_breaker.call(
  File "C:\Users\LENOVO\OneDrive\Desktop\JARKOM\main.py", line 86, in call
    raise Exception(f"Circuit breaker is OPEN. Will recover at {self.last_failure_time + self.recovery_timeout}")
Exception: Circuit breaker is OPEN. Will recover at 1779850978.896363

2026-05-27 10:02:54,468 - __main__ - ERROR - Broadcast failed: Circuit breaker is OPEN. Will recover at 1779850978.896363
Traceback (most recent call last):
  File "C:\Users\LENOVO\OneDrive\Desktop\JARKOM\main.py", line 361, in safe_broadcast_update
    message = broadcast_circuit_breaker.call(
  File "C:\Users\LENOVO\OneDrive\Desktop\JARKOM\main.py", line 86, in call
    raise Exception(f"Circuit breaker is OPEN. Will recover at {self.last_failure_time + self.recovery_timeout}")
Exception: Circuit breaker is OPEN. Will recover at 1779850978.896363

2026-05-27 10:02:57,703 - __main__ - ERROR - Broadcast failed: Circuit breaker is OPEN. Will recover at 1779850978.896363
Traceback (most recent call last):
  File "C:\Users\LENOVO\OneDrive\Desktop\JARKOM\main.py", line 361, in safe_broadcast_update
    message = broadcast_circuit_breaker.call(
  File "C:\Users\LENOVO\OneDrive\Desktop\JARKOM\main.py", line 86, in call
    raise Exception(f"Circuit breaker is OPEN. Will recover at {self.last_failure_time + self.recovery_timeout}")
Exception: Circuit breaker is OPEN. Will recover at 1779850978.896363

2026-05-27 10:03:01,037 - __main__ - WARNING - Circuit breaker entering HALF_OPEN state
2026-05-27 10:03:01,038 - __main__ - ERROR - Circuit breaker failure #12: Object of type datetime is not JSON serializable
2026-05-27 10:03:01,038 - __main__ - ERROR - Circuit breaker OPENED after 12 failures
2026-05-27 10:03:01,039 - __main__ - ERROR - Broadcast failed: Object of type datetime is not JSON serializable
Traceback (most recent call last):
  File "C:\Users\LENOVO\OneDrive\Desktop\JARKOM\main.py", line 361, in safe_broadcast_update
    message = broadcast_circuit_breaker.call(
  File "C:\Users\LENOVO\OneDrive\Desktop\JARKOM\main.py", line 89, in call
    result = func(*args, **kwargs)
  File "C:\Users\LENOVO\AppData\Local\Programs\Python\Python310\lib\json\__init__.py", line 231, in dumps
    return _default_encoder.encode(obj)
  File "C:\Users\LENOVO\AppData\Local\Programs\Python\Python310\lib\json\encoder.py", line 199, in encode
    chunks = self.iterencode(o, _one_shot=True)
  File "C:\Users\LENOVO\AppData\Local\Programs\Python\Python310\lib\json\encoder.py", line 257, in iterencode
    return _iterencode(o, 0)
  File "C:\Users\LENOVO\AppData\Local\Programs\Python\Python310\lib\json\encoder.py", line 179, in default
    raise TypeError(f'Object of type {o.__class__.__name__} '
TypeError: Object of type datetime is not JSON serializable

2026-05-27 10:03:04,232 - __main__ - ERROR - Broadcast failed: Circuit breaker is OPEN. Will recover at 1779851041.0388238
Traceback (most recent call last):
  File "C:\Users\LENOVO\OneDrive\Desktop\JARKOM\main.py", line 361, in safe_broadcast_update
    message = broadcast_circuit_breaker.call(
  File "C:\Users\LENOVO\OneDrive\Desktop\JARKOM\main.py", line 86, in call
    raise Exception(f"Circuit breaker is OPEN. Will recover at {self.last_failure_time + self.recovery_timeout}")
Exception: Circuit breaker is OPEN. Will recover at 1779851041.0388238

2026-05-27 10:03:07,313 - __main__ - ERROR - Broadcast failed: Circuit breaker is OPEN. Will recover at 1779851041.0388238
Traceback (most recent call last):
  File "C:\Users\LENOVO\OneDrive\Desktop\JARKOM\main.py", line 361, in safe_broadcast_update
    message = broadcast_circuit_breaker.call(
  File "C:\Users\LENOVO\OneDrive\Desktop\JARKOM\main.py", line 86, in call
    raise Exception(f"Circuit breaker is OPEN. Will recover at {self.last_failure_time + self.recovery_timeout}")
Exception: Circuit breaker is OPEN. Will recover at 1779851041.0388238

2026-05-27 10:03:10,573 - __main__ - ERROR - Broadcast failed: Circuit breaker is OPEN. Will recover at 1779851041.0388238
Traceback (most recent call last):
  File "C:\Users\LENOVO\OneDrive\Desktop\JARKOM\main.py", line 361, in safe_broadcast_update
    message = broadcast_circuit_breaker.call(
  File "C:\Users\LENOVO\OneDrive\Desktop\JARKOM\main.py", line 86, in call
    raise Exception(f"Circuit breaker is OPEN. Will recover at {self.last_failure_time + self.recovery_timeout}")
Exception: Circuit breaker is OPEN. Will recover at 1779851041.0388238

2026-05-27 10:03:13,831 - __main__ - ERROR - Broadcast failed: Circuit breaker is OPEN. Will recover at 1779851041.0388238
Traceback (most recent call last):
  File "C:\Users\LENOVO\OneDrive\Desktop\JARKOM\main.py", line 361, in safe_broadcast_update
    message = broadcast_circuit_breaker.call(
  File "C:\Users\LENOVO\OneDrive\Desktop\JARKOM\main.py", line 86, in call
    raise Exception(f"Circuit breaker is OPEN. Will recover at {self.last_failure_time + self.recovery_timeout}")
Exception: Circuit breaker is OPEN. Will recover at 1779851041.0388238

2026-05-27 10:03:14,159 - __main__ - INFO - 📊 Stats - Uptime: 0:03:00.034555, Messages: 54, Failed: 0, Clients: 1, WS Connections: 1, Broadcast Failures: 53
2026-05-27 10:03:17,046 - __main__ - ERROR - Broadcast failed: Circuit breaker is OPEN. Will recover at 1779851041.0388238
Traceback (most recent call last):
  File "C:\Users\LENOVO\OneDrive\Desktop\JARKOM\main.py", line 361, in safe_broadcast_update
    message = broadcast_circuit_breaker.call(
  File "C:\Users\LENOVO\OneDrive\Desktop\JARKOM\main.py", line 86, in call
    raise Exception(f"Circuit breaker is OPEN. Will recover at {self.last_failure_time + self.recovery_timeout}")
Exception: Circuit breaker is OPEN. Will recover at 1779851041.0388238

2026-05-27 10:03:20,360 - __main__ - ERROR - Broadcast failed: Circuit breaker is OPEN. Will recover at 1779851041.0388238
Traceback (most recent call last):
  File "C:\Users\LENOVO\OneDrive\Desktop\JARKOM\main.py", line 361, in safe_broadcast_update
    message = broadcast_circuit_breaker.call(
  File "C:\Users\LENOVO\OneDrive\Desktop\JARKOM\main.py", line 86, in call
    raise Exception(f"Circuit breaker is OPEN. Will recover at {self.last_failure_time + self.recovery_timeout}")
Exception: Circuit breaker is OPEN. Will recover at 1779851041.0388238

2026-05-27 10:03:23,548 - __main__ - ERROR - Broadcast failed: Circuit breaker is OPEN. Will recover at 1779851041.0388238
Traceback (most recent call last):
  File "C:\Users\LENOVO\OneDrive\Desktop\JARKOM\main.py", line 361, in safe_broadcast_update
    message = broadcast_circuit_breaker.call(
  File "C:\Users\LENOVO\OneDrive\Desktop\JARKOM\main.py", line 86, in call
    raise Exception(f"Circuit breaker is OPEN. Will recover at {self.last_failure_time + self.recovery_timeout}")
Exception: Circuit breaker is OPEN. Will recover at 1779851041.0388238

2026-05-27 10:03:26,671 - __main__ - ERROR - Broadcast failed: Circuit breaker is OPEN. Will recover at 1779851041.0388238
Traceback (most recent call last):
  File "C:\Users\LENOVO\OneDrive\Desktop\JARKOM\main.py", line 361, in safe_broadcast_update
    message = broadcast_circuit_breaker.call(
  File "C:\Users\LENOVO\OneDrive\Desktop\JARKOM\main.py", line 86, in call
    raise Exception(f"Circuit breaker is OPEN. Will recover at {self.last_failure_time + self.recovery_timeout}")
Exception: Circuit breaker is OPEN. Will recover at 1779851041.0388238

2026-05-27 10:03:29,928 - __main__ - ERROR - Broadcast failed: Circuit breaker is OPEN. Will recover at 1779851041.0388238
Traceback (most recent call last):
  File "C:\Users\LENOVO\OneDrive\Desktop\JARKOM\main.py", line 361, in safe_broadcast_update
    message = broadcast_circuit_breaker.call(
  File "C:\Users\LENOVO\OneDrive\Desktop\JARKOM\main.py", line 86, in call
    raise Exception(f"Circuit breaker is OPEN. Will recover at {self.last_failure_time + self.recovery_timeout}")
Exception: Circuit breaker is OPEN. Will recover at 1779851041.0388238

2026-05-27 10:03:33,183 - __main__ - ERROR - Broadcast failed: Circuit breaker is OPEN. Will recover at 1779851041.0388238
Traceback (most recent call last):
  File "C:\Users\LENOVO\OneDrive\Desktop\JARKOM\main.py", line 361, in safe_broadcast_update
    message = broadcast_circuit_breaker.call(
  File "C:\Users\LENOVO\OneDrive\Desktop\JARKOM\main.py", line 86, in call
    raise Exception(f"Circuit breaker is OPEN. Will recover at {self.last_failure_time + self.recovery_timeout}")
Exception: Circuit breaker is OPEN. Will recover at 1779851041.0388238

2026-05-27 10:03:36,435 - __main__ - ERROR - Broadcast failed: Circuit breaker is OPEN. Will recover at 1779851041.0388238
Traceback (most recent call last):
  File "C:\Users\LENOVO\OneDrive\Desktop\JARKOM\main.py", line 361, in safe_broadcast_update
    message = broadcast_circuit_breaker.call(
  File "C:\Users\LENOVO\OneDrive\Desktop\JARKOM\main.py", line 86, in call
    raise Exception(f"Circuit breaker is OPEN. Will recover at {self.last_failure_time + self.recovery_timeout}")
Exception: Circuit breaker is OPEN. Will recover at 1779851041.0388238

2026-05-27 10:03:39,583 - __main__ - ERROR - Broadcast failed: Circuit breaker is OPEN. Will recover at 1779851041.0388238
Traceback (most recent call last):
  File "C:\Users\LENOVO\OneDrive\Desktop\JARKOM\main.py", line 361, in safe_broadcast_update
    message = broadcast_circuit_breaker.call(
  File "C:\Users\LENOVO\OneDrive\Desktop\JARKOM\main.py", line 86, in call
    raise Exception(f"Circuit breaker is OPEN. Will recover at {self.last_failure_time + self.recovery_timeout}")
Exception: Circuit breaker is OPEN. Will recover at 1779851041.0388238

2026-05-27 10:03:42,876 - __main__ - ERROR - Broadcast failed: Circuit breaker is OPEN. Will recover at 1779851041.0388238
Traceback (most recent call last):
  File "C:\Users\LENOVO\OneDrive\Desktop\JARKOM\main.py", line 361, in safe_broadcast_update
    message = broadcast_circuit_breaker.call(
  File "C:\Users\LENOVO\OneDrive\Desktop\JARKOM\main.py", line 86, in call
    raise Exception(f"Circuit breaker is OPEN. Will recover at {self.last_failure_time + self.recovery_timeout}")
Exception: Circuit breaker is OPEN. Will recover at 1779851041.0388238

2026-05-27 10:03:46,150 - __main__ - ERROR - Broadcast failed: Circuit breaker is OPEN. Will recover at 1779851041.0388238
Traceback (most recent call last):
  File "C:\Users\LENOVO\OneDrive\Desktop\JARKOM\main.py", line 361, in safe_broadcast_update
    message = broadcast_circuit_breaker.call(
  File "C:\Users\LENOVO\OneDrive\Desktop\JARKOM\main.py", line 86, in call
    raise Exception(f"Circuit breaker is OPEN. Will recover at {self.last_failure_time + self.recovery_timeout}")
Exception: Circuit breaker is OPEN. Will recover at 1779851041.0388238

2026-05-27 10:03:49,491 - __main__ - ERROR - Broadcast failed: Circuit breaker is OPEN. Will recover at 1779851041.0388238
Traceback (most recent call last):
  File "C:\Users\LENOVO\OneDrive\Desktop\JARKOM\main.py", line 361, in safe_broadcast_update
    message = broadcast_circuit_breaker.call(
  File "C:\Users\LENOVO\OneDrive\Desktop\JARKOM\main.py", line 86, in call
    raise Exception(f"Circuit breaker is OPEN. Will recover at {self.last_failure_time + self.recovery_timeout}")
Exception: Circuit breaker is OPEN. Will recover at 1779851041.0388238

2026-05-27 10:03:52,782 - __main__ - ERROR - Broadcast failed: Circuit breaker is OPEN. Will recover at 1779851041.0388238
Traceback (most recent call last):
  File "C:\Users\LENOVO\OneDrive\Desktop\JARKOM\main.py", line 361, in safe_broadcast_update
    message = broadcast_circuit_breaker.call(
  File "C:\Users\LENOVO\OneDrive\Desktop\JARKOM\main.py", line 86, in call
    raise Exception(f"Circuit breaker is OPEN. Will recover at {self.last_failure_time + self.recovery_timeout}")
Exception: Circuit breaker is OPEN. Will recover at 1779851041.0388238

2026-05-27 10:03:55,877 - __main__ - ERROR - Broadcast failed: Circuit breaker is OPEN. Will recover at 1779851041.0388238
Traceback (most recent call last):
  File "C:\Users\LENOVO\OneDrive\Desktop\JARKOM\main.py", line 361, in safe_broadcast_update
    message = broadcast_circuit_breaker.call(
  File "C:\Users\LENOVO\OneDrive\Desktop\JARKOM\main.py", line 86, in call
    raise Exception(f"Circuit breaker is OPEN. Will recover at {self.last_failure_time + self.recovery_timeout}")
Exception: Circuit breaker is OPEN. Will recover at 1779851041.0388238

2026-05-27 10:03:59,006 - __main__ - ERROR - Broadcast failed: Circuit breaker is OPEN. Will recover at 1779851041.0388238
Traceback (most recent call last):
  File "C:\Users\LENOVO\OneDrive\Desktop\JARKOM\main.py", line 361, in safe_broadcast_update
    message = broadcast_circuit_breaker.call(
  File "C:\Users\LENOVO\OneDrive\Desktop\JARKOM\main.py", line 86, in call
    raise Exception(f"Circuit breaker is OPEN. Will recover at {self.last_failure_time + self.recovery_timeout}")
Exception: Circuit breaker is OPEN. Will recover at 1779851041.0388238

2026-05-27 10:04:02,228 - __main__ - WARNING - Circuit breaker entering HALF_OPEN state
2026-05-27 10:04:02,228 - __main__ - ERROR - Circuit breaker failure #13: Object of type datetime is not JSON serializable
2026-05-27 10:04:02,229 - __main__ - ERROR - Circuit breaker OPENED after 13 failures
2026-05-27 10:04:02,229 - __main__ - ERROR - Broadcast failed: Object of type datetime is not JSON serializable
Traceback (most recent call last):
  File "C:\Users\LENOVO\OneDrive\Desktop\JARKOM\main.py", line 361, in safe_broadcast_update
    message = broadcast_circuit_breaker.call(
  File "C:\Users\LENOVO\OneDrive\Desktop\JARKOM\main.py", line 89, in call
    result = func(*args, **kwargs)
  File "C:\Users\LENOVO\AppData\Local\Programs\Python\Python310\lib\json\__init__.py", line 231, in dumps
    return _default_encoder.encode(obj)
  File "C:\Users\LENOVO\AppData\Local\Programs\Python\Python310\lib\json\encoder.py", line 199, in encode
    chunks = self.iterencode(o, _one_shot=True)
  File "C:\Users\LENOVO\AppData\Local\Programs\Python\Python310\lib\json\encoder.py", line 257, in iterencode
    return _iterencode(o, 0)
  File "C:\Users\LENOVO\AppData\Local\Programs\Python\Python310\lib\json\encoder.py", line 179, in default
    raise TypeError(f'Object of type {o.__class__.__name__} '
TypeError: Object of type datetime is not JSON serializable

2026-05-27 10:04:05,353 - __main__ - ERROR - Broadcast failed: Circuit breaker is OPEN. Will recover at 1779851102.2283223
Traceback (most recent call last):
  File "C:\Users\LENOVO\OneDrive\Desktop\JARKOM\main.py", line 361, in safe_broadcast_update
    message = broadcast_circuit_breaker.call(
  File "C:\Users\LENOVO\OneDrive\Desktop\JARKOM\main.py", line 86, in call
    raise Exception(f"Circuit breaker is OPEN. Will recover at {self.last_failure_time + self.recovery_timeout}")
Exception: Circuit breaker is OPEN. Will recover at 1779851102.2283223

2026-05-27 10:04:08,433 - __main__ - ERROR - Broadcast failed: Circuit breaker is OPEN. Will recover at 1779851102.2283223
Traceback (most recent call last):
  File "C:\Users\LENOVO\OneDrive\Desktop\JARKOM\main.py", line 361, in safe_broadcast_update
    message = broadcast_circuit_breaker.call(
  File "C:\Users\LENOVO\OneDrive\Desktop\JARKOM\main.py", line 86, in call
    raise Exception(f"Circuit breaker is OPEN. Will recover at {self.last_failure_time + self.recovery_timeout}")
Exception: Circuit breaker is OPEN. Will recover at 1779851102.2283223

2026-05-27 10:04:11,591 - __main__ - ERROR - Broadcast failed: Circuit breaker is OPEN. Will recover at 1779851102.2283223
Traceback (most recent call last):
  File "C:\Users\LENOVO\OneDrive\Desktop\JARKOM\main.py", line 361, in safe_broadcast_update
    message = broadcast_circuit_breaker.call(
  File "C:\Users\LENOVO\OneDrive\Desktop\JARKOM\main.py", line 86, in call
    raise Exception(f"Circuit breaker is OPEN. Will recover at {self.last_failure_time + self.recovery_timeout}")
Exception: Circuit breaker is OPEN. Will recover at 1779851102.2283223

2026-05-27 10:04:14,152 - __main__ - INFO - 📊 Stats - Uptime: 0:04:00.027385, Messages: 72, Failed: 0, Clients: 1, WS Connections: 1, Broadcast Failures: 71
2026-05-27 10:04:14,814 - __main__ - ERROR - Broadcast failed: Circuit breaker is OPEN. Will recover at 1779851102.2283223
Traceback (most recent call last):
  File "C:\Users\LENOVO\OneDrive\Desktop\JARKOM\main.py", line 361, in safe_broadcast_update
    message = broadcast_circuit_breaker.call(
  File "C:\Users\LENOVO\OneDrive\Desktop\JARKOM\main.py", line 86, in call
    raise Exception(f"Circuit breaker is OPEN. Will recover at {self.last_failure_time + self.recovery_timeout}")
Exception: Circuit breaker is OPEN. Will recover at 1779851102.2283223

2026-05-27 10:04:18,037 - __main__ - ERROR - Broadcast failed: Circuit breaker is OPEN. Will recover at 1779851102.2283223
Traceback (most recent call last):
  File "C:\Users\LENOVO\OneDrive\Desktop\JARKOM\main.py", line 361, in safe_broadcast_update
    message = broadcast_circuit_breaker.call(
  File "C:\Users\LENOVO\OneDrive\Desktop\JARKOM\main.py", line 86, in call
    raise Exception(f"Circuit breaker is OPEN. Will recover at {self.last_failure_time + self.recovery_timeout}")
Exception: Circuit breaker is OPEN. Will recover at 1779851102.2283223

2026-05-27 10:04:21,128 - __main__ - ERROR - Broadcast failed: Circuit breaker is OPEN. Will recover at 1779851102.2283223
Traceback (most recent call last):
  File "C:\Users\LENOVO\OneDrive\Desktop\JARKOM\main.py", line 361, in safe_broadcast_update
    message = broadcast_circuit_breaker.call(
  File "C:\Users\LENOVO\OneDrive\Desktop\JARKOM\main.py", line 86, in call
    raise Exception(f"Circuit breaker is OPEN. Will recover at {self.last_failure_time + self.recovery_timeout}")
Exception: Circuit breaker is OPEN. Will recover at 1779851102.2283223

2026-05-27 10:04:24,326 - __main__ - ERROR - Broadcast failed: Circuit breaker is OPEN. Will recover at 1779851102.2283223
Traceback (most recent call last):
  File "C:\Users\LENOVO\OneDrive\Desktop\JARKOM\main.py", line 361, in safe_broadcast_update
    message = broadcast_circuit_breaker.call(
  File "C:\Users\LENOVO\OneDrive\Desktop\JARKOM\main.py", line 86, in call
    raise Exception(f"Circuit breaker is OPEN. Will recover at {self.last_failure_time + self.recovery_timeout}")
Exception: Circuit breaker is OPEN. Will recover at 1779851102.2283223

2026-05-27 10:04:27,561 - __main__ - ERROR - Broadcast failed: Circuit breaker is OPEN. Will recover at 1779851102.2283223
Traceback (most recent call last):
  File "C:\Users\LENOVO\OneDrive\Desktop\JARKOM\main.py", line 361, in safe_broadcast_update
    message = broadcast_circuit_breaker.call(
  File "C:\Users\LENOVO\OneDrive\Desktop\JARKOM\main.py", line 86, in call
    raise Exception(f"Circuit breaker is OPEN. Will recover at {self.last_failure_time + self.recovery_timeout}")
Exception: Circuit breaker is OPEN. Will recover at 1779851102.2283223

2026-05-27 10:04:30,705 - __main__ - ERROR - Broadcast failed: Circuit breaker is OPEN. Will recover at 1779851102.2283223
Traceback (most recent call last):
  File "C:\Users\LENOVO\OneDrive\Desktop\JARKOM\main.py", line 361, in safe_broadcast_update
    message = broadcast_circuit_breaker.call(
  File "C:\Users\LENOVO\OneDrive\Desktop\JARKOM\main.py", line 86, in call
    raise Exception(f"Circuit breaker is OPEN. Will recover at {self.last_failure_time + self.recovery_timeout}")
Exception: Circuit breaker is OPEN. Will recover at 1779851102.2283223

2026-05-27 10:04:33,991 - __main__ - ERROR - Broadcast failed: Circuit breaker is OPEN. Will recover at 1779851102.2283223
Traceback (most recent call last):
  File "C:\Users\LENOVO\OneDrive\Desktop\JARKOM\main.py", line 361, in safe_broadcast_update
    message = broadcast_circuit_breaker.call(
  File "C:\Users\LENOVO\OneDrive\Desktop\JARKOM\main.py", line 86, in call
    raise Exception(f"Circuit breaker is OPEN. Will recover at {self.last_failure_time + self.recovery_timeout}")
Exception: Circuit breaker is OPEN. Will recover at 1779851102.2283223

2026-05-27 10:04:37,164 - __main__ - ERROR - Broadcast failed: Circuit breaker is OPEN. Will recover at 1779851102.2283223
Traceback (most recent call last):
  File "C:\Users\LENOVO\OneDrive\Desktop\JARKOM\main.py", line 361, in safe_broadcast_update
    message = broadcast_circuit_breaker.call(
  File "C:\Users\LENOVO\OneDrive\Desktop\JARKOM\main.py", line 86, in call
    raise Exception(f"Circuit breaker is OPEN. Will recover at {self.last_failure_time + self.recovery_timeout}")
Exception: Circuit breaker is OPEN. Will recover at 1779851102.2283223

2026-05-27 10:04:40,490 - __main__ - ERROR - Broadcast failed: Circuit breaker is OPEN. Will recover at 1779851102.2283223
Traceback (most recent call last):
  File "C:\Users\LENOVO\OneDrive\Desktop\JARKOM\main.py", line 361, in safe_broadcast_update
    message = broadcast_circuit_breaker.call(
  File "C:\Users\LENOVO\OneDrive\Desktop\JARKOM\main.py", line 86, in call
    raise Exception(f"Circuit breaker is OPEN. Will recover at {self.last_failure_time + self.recovery_timeout}")
Exception: Circuit breaker is OPEN. Will recover at 1779851102.2283223

2026-05-27 10:04:43,700 - __main__ - ERROR - Broadcast failed: Circuit breaker is OPEN. Will recover at 1779851102.2283223
Traceback (most recent call last):
  File "C:\Users\LENOVO\OneDrive\Desktop\JARKOM\main.py", line 361, in safe_broadcast_update
    message = broadcast_circuit_breaker.call(
  File "C:\Users\LENOVO\OneDrive\Desktop\JARKOM\main.py", line 86, in call
    raise Exception(f"Circuit breaker is OPEN. Will recover at {self.last_failure_time + self.recovery_timeout}")
Exception: Circuit breaker is OPEN. Will recover at 1779851102.2283223

2026-05-27 10:04:47,037 - __main__ - ERROR - Broadcast failed: Circuit breaker is OPEN. Will recover at 1779851102.2283223
Traceback (most recent call last):
  File "C:\Users\LENOVO\OneDrive\Desktop\JARKOM\main.py", line 361, in safe_broadcast_update
    message = broadcast_circuit_breaker.call(
  File "C:\Users\LENOVO\OneDrive\Desktop\JARKOM\main.py", line 86, in call
    raise Exception(f"Circuit breaker is OPEN. Will recover at {self.last_failure_time + self.recovery_timeout}")
Exception: Circuit breaker is OPEN. Will recover at 1779851102.2283223

2026-05-27 10:04:50,192 - __main__ - ERROR - Broadcast failed: Circuit breaker is OPEN. Will recover at 1779851102.2283223
Traceback (most recent call last):
  File "C:\Users\LENOVO\OneDrive\Desktop\JARKOM\main.py", line 361, in safe_broadcast_update
    message = broadcast_circuit_breaker.call(
  File "C:\Users\LENOVO\OneDrive\Desktop\JARKOM\main.py", line 86, in call
    raise Exception(f"Circuit breaker is OPEN. Will recover at {self.last_failure_time + self.recovery_timeout}")
Exception: Circuit breaker is OPEN. Will recover at 1779851102.2283223

2026-05-27 10:04:53,492 - __main__ - ERROR - Broadcast failed: Circuit breaker is OPEN. Will recover at 1779851102.2283223
Traceback (most recent call last):
  File "C:\Users\LENOVO\OneDrive\Desktop\JARKOM\main.py", line 361, in safe_broadcast_update
    message = broadcast_circuit_breaker.call(
  File "C:\Users\LENOVO\OneDrive\Desktop\JARKOM\main.py", line 86, in call
    raise Exception(f"Circuit breaker is OPEN. Will recover at {self.last_failure_time + self.recovery_timeout}")
Exception: Circuit breaker is OPEN. Will recover at 1779851102.2283223

2026-05-27 10:04:56,457 - __main__ - ERROR - Broadcast failed: Circuit breaker is OPEN. Will recover at 1779851102.2283223
Traceback (most recent call last):
  File "C:\Users\LENOVO\OneDrive\Desktop\JARKOM\main.py", line 361, in safe_broadcast_update
    message = broadcast_circuit_breaker.call(
  File "C:\Users\LENOVO\OneDrive\Desktop\JARKOM\main.py", line 86, in call
    raise Exception(f"Circuit breaker is OPEN. Will recover at {self.last_failure_time + self.recovery_timeout}")
Exception: Circuit breaker is OPEN. Will recover at 1779851102.2283223

2026-05-27 10:04:59,602 - __main__ - ERROR - Broadcast failed: Circuit breaker is OPEN. Will recover at 1779851102.2283223
Traceback (most recent call last):
  File "C:\Users\LENOVO\OneDrive\Desktop\JARKOM\main.py", line 361, in safe_broadcast_update
    message = broadcast_circuit_breaker.call(
  File "C:\Users\LENOVO\OneDrive\Desktop\JARKOM\main.py", line 86, in call
    raise Exception(f"Circuit breaker is OPEN. Will recover at {self.last_failure_time + self.recovery_timeout}")
Exception: Circuit breaker is OPEN. Will recover at 1779851102.2283223

2026-05-27 10:05:02,758 - __main__ - WARNING - Circuit breaker entering HALF_OPEN state
2026-05-27 10:05:02,759 - __main__ - ERROR - Circuit breaker failure #14: Object of type datetime is not JSON serializable
2026-05-27 10:05:02,759 - __main__ - ERROR - Circuit breaker OPENED after 14 failures
2026-05-27 10:05:02,759 - __main__ - ERROR - Broadcast failed: Object of type datetime is not JSON serializable
Traceback (most recent call last):
  File "C:\Users\LENOVO\OneDrive\Desktop\JARKOM\main.py", line 361, in safe_broadcast_update
    message = broadcast_circuit_breaker.call(
  File "C:\Users\LENOVO\OneDrive\Desktop\JARKOM\main.py", line 89, in call
    result = func(*args, **kwargs)
  File "C:\Users\LENOVO\AppData\Local\Programs\Python\Python310\lib\json\__init__.py", line 231, in dumps
    return _default_encoder.encode(obj)
  File "C:\Users\LENOVO\AppData\Local\Programs\Python\Python310\lib\json\encoder.py", line 199, in encode
    chunks = self.iterencode(o, _one_shot=True)
  File "C:\Users\LENOVO\AppData\Local\Programs\Python\Python310\lib\json\encoder.py", line 257, in iterencode
    return _iterencode(o, 0)
  File "C:\Users\LENOVO\AppData\Local\Programs\Python\Python310\lib\json\encoder.py", line 179, in default
    raise TypeError(f'Object of type {o.__class__.__name__} '
TypeError: Object of type datetime is not JSON serializable

2026-05-27 10:05:06,006 - __main__ - ERROR - Broadcast failed: Circuit breaker is OPEN. Will recover at 1779851162.7595305
Traceback (most recent call last):
  File "C:\Users\LENOVO\OneDrive\Desktop\JARKOM\main.py", line 361, in safe_broadcast_update
    message = broadcast_circuit_breaker.call(
  File "C:\Users\LENOVO\OneDrive\Desktop\JARKOM\main.py", line 86, in call
    raise Exception(f"Circuit breaker is OPEN. Will recover at {self.last_failure_time + self.recovery_timeout}")
Exception: Circuit breaker is OPEN. Will recover at 1779851162.7595305

2026-05-27 10:05:09,142 - __main__ - ERROR - Broadcast failed: Circuit breaker is OPEN. Will recover at 1779851162.7595305
Traceback (most recent call last):
  File "C:\Users\LENOVO\OneDrive\Desktop\JARKOM\main.py", line 361, in safe_broadcast_update
    message = broadcast_circuit_breaker.call(
  File "C:\Users\LENOVO\OneDrive\Desktop\JARKOM\main.py", line 86, in call
    raise Exception(f"Circuit breaker is OPEN. Will recover at {self.last_failure_time + self.recovery_timeout}")
Exception: Circuit breaker is OPEN. Will recover at 1779851162.7595305

2026-05-27 10:05:12,518 - __main__ - ERROR - Broadcast failed: Circuit breaker is OPEN. Will recover at 1779851162.7595305
Traceback (most recent call last):
  File "C:\Users\LENOVO\OneDrive\Desktop\JARKOM\main.py", line 361, in safe_broadcast_update
    message = broadcast_circuit_breaker.call(
  File "C:\Users\LENOVO\OneDrive\Desktop\JARKOM\main.py", line 86, in call
    raise Exception(f"Circuit breaker is OPEN. Will recover at {self.last_failure_time + self.recovery_timeout}")
Exception: Circuit breaker is OPEN. Will recover at 1779851162.7595305

2026-05-27 10:05:14,158 - __main__ - INFO - 📊 Stats - Uptime: 0:05:00.033448, Messages: 91, Failed: 0, Clients: 1, WS Connections: 1, Broadcast Failures: 90
2026-05-27 10:05:15,840 - __main__ - ERROR - Broadcast failed: Circuit breaker is OPEN. Will recover at 1779851162.7595305
Traceback (most recent call last):
  File "C:\Users\LENOVO\OneDrive\Desktop\JARKOM\main.py", line 361, in safe_broadcast_update
    message = broadcast_circuit_breaker.call(
  File "C:\Users\LENOVO\OneDrive\Desktop\JARKOM\main.py", line 86, in call
    raise Exception(f"Circuit breaker is OPEN. Will recover at {self.last_failure_time + self.recovery_timeout}")
Exception: Circuit breaker is OPEN. Will recover at 1779851162.7595305

2026-05-27 10:05:18,963 - __main__ - ERROR - Broadcast failed: Circuit breaker is OPEN. Will recover at 1779851162.7595305
Traceback (most recent call last):
  File "C:\Users\LENOVO\OneDrive\Desktop\JARKOM\main.py", line 361, in safe_broadcast_update
    message = broadcast_circuit_breaker.call(
  File "C:\Users\LENOVO\OneDrive\Desktop\JARKOM\main.py", line 86, in call
    raise Exception(f"Circuit breaker is OPEN. Will recover at {self.last_failure_time + self.recovery_timeout}")
Exception: Circuit breaker is OPEN. Will recover at 1779851162.7595305

2026-05-27 10:05:22,346 - __main__ - ERROR - Broadcast failed: Circuit breaker is OPEN. Will recover at 1779851162.7595305
Traceback (most recent call last):
  File "C:\Users\LENOVO\OneDrive\Desktop\JARKOM\main.py", line 361, in safe_broadcast_update
    message = broadcast_circuit_breaker.call(
  File "C:\Users\LENOVO\OneDrive\Desktop\JARKOM\main.py", line 86, in call
    raise Exception(f"Circuit breaker is OPEN. Will recover at {self.last_failure_time + self.recovery_timeout}")
Exception: Circuit breaker is OPEN. Will recover at 1779851162.7595305

2026-05-27 10:05:25,608 - __main__ - ERROR - Broadcast failed: Circuit breaker is OPEN. Will recover at 1779851162.7595305
Traceback (most recent call last):
  File "C:\Users\LENOVO\OneDrive\Desktop\JARKOM\main.py", line 361, in safe_broadcast_update
    message = broadcast_circuit_breaker.call(
  File "C:\Users\LENOVO\OneDrive\Desktop\JARKOM\main.py", line 86, in call
    raise Exception(f"Circuit breaker is OPEN. Will recover at {self.last_failure_time + self.recovery_timeout}")
Exception: Circuit breaker is OPEN. Will recover at 1779851162.7595305

2026-05-27 10:05:28,851 - __main__ - ERROR - Broadcast failed: Circuit breaker is OPEN. Will recover at 1779851162.7595305
Traceback (most recent call last):
  File "C:\Users\LENOVO\OneDrive\Desktop\JARKOM\main.py", line 361, in safe_broadcast_update
    message = broadcast_circuit_breaker.call(
  File "C:\Users\LENOVO\OneDrive\Desktop\JARKOM\main.py", line 86, in call
    raise Exception(f"Circuit breaker is OPEN. Will recover at {self.last_failure_time + self.recovery_timeout}")
Exception: Circuit breaker is OPEN. Will recover at 1779851162.7595305

2026-05-27 10:05:32,207 - __main__ - ERROR - Broadcast failed: Circuit breaker is OPEN. Will recover at 1779851162.7595305
Traceback (most recent call last):
  File "C:\Users\LENOVO\OneDrive\Desktop\JARKOM\main.py", line 361, in safe_broadcast_update
    message = broadcast_circuit_breaker.call(
  File "C:\Users\LENOVO\OneDrive\Desktop\JARKOM\main.py", line 86, in call
    raise Exception(f"Circuit breaker is OPEN. Will recover at {self.last_failure_time + self.recovery_timeout}")
Exception: Circuit breaker is OPEN. Will recover at 1779851162.7595305

2026-05-27 10:05:35,325 - __main__ - ERROR - Broadcast failed: Circuit breaker is OPEN. Will recover at 1779851162.7595305
Traceback (most recent call last):
  File "C:\Users\LENOVO\OneDrive\Desktop\JARKOM\main.py", line 361, in safe_broadcast_update
    message = broadcast_circuit_breaker.call(
  File "C:\Users\LENOVO\OneDrive\Desktop\JARKOM\main.py", line 86, in call
    raise Exception(f"Circuit breaker is OPEN. Will recover at {self.last_failure_time + self.recovery_timeout}")
Exception: Circuit breaker is OPEN. Will recover at 1779851162.7595305

2026-05-27 10:05:38,553 - __main__ - ERROR - Broadcast failed: Circuit breaker is OPEN. Will recover at 1779851162.7595305
Traceback (most recent call last):
  File "C:\Users\LENOVO\OneDrive\Desktop\JARKOM\main.py", line 361, in safe_broadcast_update
    message = broadcast_circuit_breaker.call(
  File "C:\Users\LENOVO\OneDrive\Desktop\JARKOM\main.py", line 86, in call
    raise Exception(f"Circuit breaker is OPEN. Will recover at {self.last_failure_time + self.recovery_timeout}")
Exception: Circuit breaker is OPEN. Will recover at 1779851162.7595305

2026-05-27 10:05:41,758 - __main__ - ERROR - Broadcast failed: Circuit breaker is OPEN. Will recover at 1779851162.7595305
Traceback (most recent call last):
  File "C:\Users\LENOVO\OneDrive\Desktop\JARKOM\main.py", line 361, in safe_broadcast_update
    message = broadcast_circuit_breaker.call(
  File "C:\Users\LENOVO\OneDrive\Desktop\JARKOM\main.py", line 86, in call
    raise Exception(f"Circuit breaker is OPEN. Will recover at {self.last_failure_time + self.recovery_timeout}")
Exception: Circuit breaker is OPEN. Will recover at 1779851162.7595305

2026-05-27 10:05:44,976 - __main__ - ERROR - Broadcast failed: Circuit breaker is OPEN. Will recover at 1779851162.7595305
Traceback (most recent call last):
  File "C:\Users\LENOVO\OneDrive\Desktop\JARKOM\main.py", line 361, in safe_broadcast_update
    message = broadcast_circuit_breaker.call(
  File "C:\Users\LENOVO\OneDrive\Desktop\JARKOM\main.py", line 86, in call
    raise Exception(f"Circuit breaker is OPEN. Will recover at {self.last_failure_time + self.recovery_timeout}")
Exception: Circuit breaker is OPEN. Will recover at 1779851162.7595305

2026-05-27 10:05:48,122 - __main__ - ERROR - Broadcast failed: Circuit breaker is OPEN. Will recover at 1779851162.7595305
Traceback (most recent call last):
  File "C:\Users\LENOVO\OneDrive\Desktop\JARKOM\main.py", line 361, in safe_broadcast_update
    message = broadcast_circuit_breaker.call(
  File "C:\Users\LENOVO\OneDrive\Desktop\JARKOM\main.py", line 86, in call
    raise Exception(f"Circuit breaker is OPEN. Will recover at {self.last_failure_time + self.recovery_timeout}")
Exception: Circuit breaker is OPEN. Will recover at 1779851162.7595305

2026-05-27 10:05:51,457 - __main__ - ERROR - Broadcast failed: Circuit breaker is OPEN. Will recover at 1779851162.7595305
Traceback (most recent call last):
  File "C:\Users\LENOVO\OneDrive\Desktop\JARKOM\main.py", line 361, in safe_broadcast_update
    message = broadcast_circuit_breaker.call(
  File "C:\Users\LENOVO\OneDrive\Desktop\JARKOM\main.py", line 86, in call
    raise Exception(f"Circuit breaker is OPEN. Will recover at {self.last_failure_time + self.recovery_timeout}")
Exception: Circuit breaker is OPEN. Will recover at 1779851162.7595305

2026-05-27 10:05:54,736 - __main__ - ERROR - Broadcast failed: Circuit breaker is OPEN. Will recover at 1779851162.7595305
Traceback (most recent call last):
  File "C:\Users\LENOVO\OneDrive\Desktop\JARKOM\main.py", line 361, in safe_broadcast_update
    message = broadcast_circuit_breaker.call(
  File "C:\Users\LENOVO\OneDrive\Desktop\JARKOM\main.py", line 86, in call
    raise Exception(f"Circuit breaker is OPEN. Will recover at {self.last_failure_time + self.recovery_timeout}")
Exception: Circuit breaker is OPEN. Will recover at 1779851162.7595305

2026-05-27 10:05:57,999 - __main__ - ERROR - Broadcast failed: Circuit breaker is OPEN. Will recover at 1779851162.7595305
Traceback (most recent call last):
  File "C:\Users\LENOVO\OneDrive\Desktop\JARKOM\main.py", line 361, in safe_broadcast_update
    message = broadcast_circuit_breaker.call(
  File "C:\Users\LENOVO\OneDrive\Desktop\JARKOM\main.py", line 86, in call
    raise Exception(f"Circuit breaker is OPEN. Will recover at {self.last_failure_time + self.recovery_timeout}")
Exception: Circuit breaker is OPEN. Will recover at 1779851162.7595305

2026-05-27 10:06:01,254 - __main__ - ERROR - Broadcast failed: Circuit breaker is OPEN. Will recover at 1779851162.7595305
Traceback (most recent call last):
  File "C:\Users\LENOVO\OneDrive\Desktop\JARKOM\main.py", line 361, in safe_broadcast_update
    message = broadcast_circuit_breaker.call(
  File "C:\Users\LENOVO\OneDrive\Desktop\JARKOM\main.py", line 86, in call
    raise Exception(f"Circuit breaker is OPEN. Will recover at {self.last_failure_time + self.recovery_timeout}")
Exception: Circuit breaker is OPEN. Will recover at 1779851162.7595305

2026-05-27 10:06:04,552 - __main__ - WARNING - Circuit breaker entering HALF_OPEN state
2026-05-27 10:06:04,552 - __main__ - ERROR - Circuit breaker failure #15: Object of type datetime is not JSON serializable
2026-05-27 10:06:04,552 - __main__ - ERROR - Circuit breaker OPENED after 15 failures
2026-05-27 10:06:04,555 - __main__ - ERROR - Broadcast failed: Object of type datetime is not JSON serializable
Traceback (most recent call last):
  File "C:\Users\LENOVO\OneDrive\Desktop\JARKOM\main.py", line 361, in safe_broadcast_update
    message = broadcast_circuit_breaker.call(
  File "C:\Users\LENOVO\OneDrive\Desktop\JARKOM\main.py", line 89, in call
    result = func(*args, **kwargs)
  File "C:\Users\LENOVO\AppData\Local\Programs\Python\Python310\lib\json\__init__.py", line 231, in dumps
    return _default_encoder.encode(obj)
  File "C:\Users\LENOVO\AppData\Local\Programs\Python\Python310\lib\json\encoder.py", line 199, in encode
    chunks = self.iterencode(o, _one_shot=True)
  File "C:\Users\LENOVO\AppData\Local\Programs\Python\Python310\lib\json\encoder.py", line 257, in iterencode
    return _iterencode(o, 0)
  File "C:\Users\LENOVO\AppData\Local\Programs\Python\Python310\lib\json\encoder.py", line 179, in default
    raise TypeError(f'Object of type {o.__class__.__name__} '
TypeError: Object of type datetime is not JSON serializable

2026-05-27 10:06:07,749 - __main__ - ERROR - Broadcast failed: Circuit breaker is OPEN. Will recover at 1779851224.5529406
Traceback (most recent call last):
  File "C:\Users\LENOVO\OneDrive\Desktop\JARKOM\main.py", line 361, in safe_broadcast_update
    message = broadcast_circuit_breaker.call(
  File "C:\Users\LENOVO\OneDrive\Desktop\JARKOM\main.py", line 86, in call
    raise Exception(f"Circuit breaker is OPEN. Will recover at {self.last_failure_time + self.recovery_timeout}")
Exception: Circuit breaker is OPEN. Will recover at 1779851224.5529406

2026-05-27 10:06:11,069 - __main__ - ERROR - Broadcast failed: Circuit breaker is OPEN. Will recover at 1779851224.5529406
Traceback (most recent call last):
  File "C:\Users\LENOVO\OneDrive\Desktop\JARKOM\main.py", line 361, in safe_broadcast_update
    message = broadcast_circuit_breaker.call(
  File "C:\Users\LENOVO\OneDrive\Desktop\JARKOM\main.py", line 86, in call
    raise Exception(f"Circuit breaker is OPEN. Will recover at {self.last_failure_time + self.recovery_timeout}")
Exception: Circuit breaker is OPEN. Will recover at 1779851224.5529406

2026-05-27 10:06:14,175 - __main__ - INFO - 📊 Stats - Uptime: 0:06:00.050968, Messages: 109, Failed: 0, Clients: 1, WS Connections: 1, Broadcast Failures: 108
2026-05-27 10:06:14,244 - __main__ - ERROR - Broadcast failed: Circuit breaker is OPEN. Will recover at 1779851224.5529406
Traceback (most recent call last):
  File "C:\Users\LENOVO\OneDrive\Desktop\JARKOM\main.py", line 361, in safe_broadcast_update
    message = broadcast_circuit_breaker.call(
  File "C:\Users\LENOVO\OneDrive\Desktop\JARKOM\main.py", line 86, in call
    raise Exception(f"Circuit breaker is OPEN. Will recover at {self.last_failure_time + self.recovery_timeout}")
Exception: Circuit breaker is OPEN. Will recover at 1779851224.5529406

2026-05-27 10:06:17,533 - __main__ - ERROR - Broadcast failed: Circuit breaker is OPEN. Will recover at 1779851224.5529406
Traceback (most recent call last):
  File "C:\Users\LENOVO\OneDrive\Desktop\JARKOM\main.py", line 361, in safe_broadcast_update
    message = broadcast_circuit_breaker.call(
  File "C:\Users\LENOVO\OneDrive\Desktop\JARKOM\main.py", line 86, in call
    raise Exception(f"Circuit breaker is OPEN. Will recover at {self.last_failure_time + self.recovery_timeout}")
Exception: Circuit breaker is OPEN. Will recover at 1779851224.5529406

2026-05-27 10:06:20,624 - __main__ - ERROR - Broadcast failed: Circuit breaker is OPEN. Will recover at 1779851224.5529406
Traceback (most recent call last):
  File "C:\Users\LENOVO\OneDrive\Desktop\JARKOM\main.py", line 361, in safe_broadcast_update
    message = broadcast_circuit_breaker.call(
  File "C:\Users\LENOVO\OneDrive\Desktop\JARKOM\main.py", line 86, in call
    raise Exception(f"Circuit breaker is OPEN. Will recover at {self.last_failure_time + self.recovery_timeout}")
Exception: Circuit breaker is OPEN. Will recover at 1779851224.5529406

2026-05-27 10:06:23,853 - __main__ - ERROR - Broadcast failed: Circuit breaker is OPEN. Will recover at 1779851224.5529406
Traceback (most recent call last):
  File "C:\Users\LENOVO\OneDrive\Desktop\JARKOM\main.py", line 361, in safe_broadcast_update
    message = broadcast_circuit_breaker.call(
  File "C:\Users\LENOVO\OneDrive\Desktop\JARKOM\main.py", line 86, in call
    raise Exception(f"Circuit breaker is OPEN. Will recover at {self.last_failure_time + self.recovery_timeout}")
Exception: Circuit breaker is OPEN. Will recover at 1779851224.5529406

2026-05-27 10:06:26,984 - __main__ - ERROR - Broadcast failed: Circuit breaker is OPEN. Will recover at 1779851224.5529406
Traceback (most recent call last):
  File "C:\Users\LENOVO\OneDrive\Desktop\JARKOM\main.py", line 361, in safe_broadcast_update
    message = broadcast_circuit_breaker.call(
  File "C:\Users\LENOVO\OneDrive\Desktop\JARKOM\main.py", line 86, in call
    raise Exception(f"Circuit breaker is OPEN. Will recover at {self.last_failure_time + self.recovery_timeout}")
Exception: Circuit breaker is OPEN. Will recover at 1779851224.5529406

2026-05-27 10:06:30,282 - __main__ - ERROR - Broadcast failed: Circuit breaker is OPEN. Will recover at 1779851224.5529406
Traceback (most recent call last):
  File "C:\Users\LENOVO\OneDrive\Desktop\JARKOM\main.py", line 361, in safe_broadcast_update
    message = broadcast_circuit_breaker.call(
  File "C:\Users\LENOVO\OneDrive\Desktop\JARKOM\main.py", line 86, in call
    raise Exception(f"Circuit breaker is OPEN. Will recover at {self.last_failure_time + self.recovery_timeout}")
Exception: Circuit breaker is OPEN. Will recover at 1779851224.5529406

2026-05-27 10:06:33,537 - __main__ - ERROR - Broadcast failed: Circuit breaker is OPEN. Will recover at 1779851224.5529406
Traceback (most recent call last):
  File "C:\Users\LENOVO\OneDrive\Desktop\JARKOM\main.py", line 361, in safe_broadcast_update
    message = broadcast_circuit_breaker.call(
  File "C:\Users\LENOVO\OneDrive\Desktop\JARKOM\main.py", line 86, in call
    raise Exception(f"Circuit breaker is OPEN. Will recover at {self.last_failure_time + self.recovery_timeout}")
Exception: Circuit breaker is OPEN. Will recover at 1779851224.5529406

2026-05-27 10:06:36,826 - __main__ - ERROR - Broadcast failed: Circuit breaker is OPEN. Will recover at 1779851224.5529406
Traceback (most recent call last):
  File "C:\Users\LENOVO\OneDrive\Desktop\JARKOM\main.py", line 361, in safe_broadcast_update
    message = broadcast_circuit_breaker.call(
  File "C:\Users\LENOVO\OneDrive\Desktop\JARKOM\main.py", line 86, in call
    raise Exception(f"Circuit breaker is OPEN. Will recover at {self.last_failure_time + self.recovery_timeout}")
Exception: Circuit breaker is OPEN. Will recover at 1779851224.5529406

2026-05-27 10:06:40,155 - __main__ - ERROR - Broadcast failed: Circuit breaker is OPEN. Will recover at 1779851224.5529406
Traceback (most recent call last):
  File "C:\Users\LENOVO\OneDrive\Desktop\JARKOM\main.py", line 361, in safe_broadcast_update
    message = broadcast_circuit_breaker.call(
  File "C:\Users\LENOVO\OneDrive\Desktop\JARKOM\main.py", line 86, in call
    raise Exception(f"Circuit breaker is OPEN. Will recover at {self.last_failure_time + self.recovery_timeout}")
Exception: Circuit breaker is OPEN. Will recover at 1779851224.5529406

2026-05-27 10:06:43,516 - __main__ - ERROR - Broadcast failed: Circuit breaker is OPEN. Will recover at 1779851224.5529406
Traceback (most recent call last):
  File "C:\Users\LENOVO\OneDrive\Desktop\JARKOM\main.py", line 361, in safe_broadcast_update
    message = broadcast_circuit_breaker.call(
  File "C:\Users\LENOVO\OneDrive\Desktop\JARKOM\main.py", line 86, in call
    raise Exception(f"Circuit breaker is OPEN. Will recover at {self.last_failure_time + self.recovery_timeout}")
Exception: Circuit breaker is OPEN. Will recover at 1779851224.5529406

2026-05-27 10:06:46,810 - __main__ - ERROR - Broadcast failed: Circuit breaker is OPEN. Will recover at 1779851224.5529406
Traceback (most recent call last):
  File "C:\Users\LENOVO\OneDrive\Desktop\JARKOM\main.py", line 361, in safe_broadcast_update
    message = broadcast_circuit_breaker.call(
  File "C:\Users\LENOVO\OneDrive\Desktop\JARKOM\main.py", line 86, in call
    raise Exception(f"Circuit breaker is OPEN. Will recover at {self.last_failure_time + self.recovery_timeout}")
Exception: Circuit breaker is OPEN. Will recover at 1779851224.5529406

2026-05-27 10:06:50,237 - __main__ - ERROR - Broadcast failed: Circuit breaker is OPEN. Will recover at 1779851224.5529406
Traceback (most recent call last):
  File "C:\Users\LENOVO\OneDrive\Desktop\JARKOM\main.py", line 361, in safe_broadcast_update
    message = broadcast_circuit_breaker.call(
  File "C:\Users\LENOVO\OneDrive\Desktop\JARKOM\main.py", line 86, in call
    raise Exception(f"Circuit breaker is OPEN. Will recover at {self.last_failure_time + self.recovery_timeout}")
Exception: Circuit breaker is OPEN. Will recover at 1779851224.5529406

2026-05-27 10:06:53,490 - __main__ - ERROR - Broadcast failed: Circuit breaker is OPEN. Will recover at 1779851224.5529406
Traceback (most recent call last):
  File "C:\Users\LENOVO\OneDrive\Desktop\JARKOM\main.py", line 361, in safe_broadcast_update
    message = broadcast_circuit_breaker.call(
  File "C:\Users\LENOVO\OneDrive\Desktop\JARKOM\main.py", line 86, in call
    raise Exception(f"Circuit breaker is OPEN. Will recover at {self.last_failure_time + self.recovery_timeout}")
Exception: Circuit breaker is OPEN. Will recover at 1779851224.5529406

2026-05-27 10:06:56,935 - __main__ - ERROR - Broadcast failed: Circuit breaker is OPEN. Will recover at 1779851224.5529406
Traceback (most recent call last):
  File "C:\Users\LENOVO\OneDrive\Desktop\JARKOM\main.py", line 361, in safe_broadcast_update
    message = broadcast_circuit_breaker.call(
  File "C:\Users\LENOVO\OneDrive\Desktop\JARKOM\main.py", line 86, in call
    raise Exception(f"Circuit breaker is OPEN. Will recover at {self.last_failure_time + self.recovery_timeout}")
Exception: Circuit breaker is OPEN. Will recover at 1779851224.5529406

2026-05-27 10:07:00,282 - __main__ - ERROR - Broadcast failed: Circuit breaker is OPEN. Will recover at 1779851224.5529406
Traceback (most recent call last):
  File "C:\Users\LENOVO\OneDrive\Desktop\JARKOM\main.py", line 361, in safe_broadcast_update
    message = broadcast_circuit_breaker.call(
  File "C:\Users\LENOVO\OneDrive\Desktop\JARKOM\main.py", line 86, in call
    raise Exception(f"Circuit breaker is OPEN. Will recover at {self.last_failure_time + self.recovery_timeout}")
Exception: Circuit breaker is OPEN. Will recover at 1779851224.5529406

2026-05-27 10:07:03,476 - __main__ - ERROR - Broadcast failed: Circuit breaker is OPEN. Will recover at 1779851224.5529406
Traceback (most recent call last):
  File "C:\Users\LENOVO\OneDrive\Desktop\JARKOM\main.py", line 361, in safe_broadcast_update
    message = broadcast_circuit_breaker.call(
  File "C:\Users\LENOVO\OneDrive\Desktop\JARKOM\main.py", line 86, in call
    raise Exception(f"Circuit breaker is OPEN. Will recover at {self.last_failure_time + self.recovery_timeout}")
Exception: Circuit breaker is OPEN. Will recover at 1779851224.5529406

2026-05-27 10:07:06,803 - __main__ - WARNING - Circuit breaker entering HALF_OPEN state
2026-05-27 10:07:06,803 - __main__ - ERROR - Circuit breaker failure #16: Object of type datetime is not JSON serializable
2026-05-27 10:07:06,804 - __main__ - ERROR - Circuit breaker OPENED after 16 failures
2026-05-27 10:07:06,804 - __main__ - ERROR - Broadcast failed: Object of type datetime is not JSON serializable
Traceback (most recent call last):
  File "C:\Users\LENOVO\OneDrive\Desktop\JARKOM\main.py", line 361, in safe_broadcast_update
    message = broadcast_circuit_breaker.call(
  File "C:\Users\LENOVO\OneDrive\Desktop\JARKOM\main.py", line 89, in call
    result = func(*args, **kwargs)
  File "C:\Users\LENOVO\AppData\Local\Programs\Python\Python310\lib\json\__init__.py", line 231, in dumps
    return _default_encoder.encode(obj)
  File "C:\Users\LENOVO\AppData\Local\Programs\Python\Python310\lib\json\encoder.py", line 199, in encode
    chunks = self.iterencode(o, _one_shot=True)
  File "C:\Users\LENOVO\AppData\Local\Programs\Python\Python310\lib\json\encoder.py", line 257, in iterencode
    return _iterencode(o, 0)
  File "C:\Users\LENOVO\AppData\Local\Programs\Python\Python310\lib\json\encoder.py", line 179, in default
    raise TypeError(f'Object of type {o.__class__.__name__} '
TypeError: Object of type datetime is not JSON serializable

2026-05-27 10:07:10,064 - __main__ - ERROR - Broadcast failed: Circuit breaker is OPEN. Will recover at 1779851286.8035498
Traceback (most recent call last):
  File "C:\Users\LENOVO\OneDrive\Desktop\JARKOM\main.py", line 361, in safe_broadcast_update
    message = broadcast_circuit_breaker.call(
  File "C:\Users\LENOVO\OneDrive\Desktop\JARKOM\main.py", line 86, in call
    raise Exception(f"Circuit breaker is OPEN. Will recover at {self.last_failure_time + self.recovery_timeout}")
Exception: Circuit breaker is OPEN. Will recover at 1779851286.8035498

2026-05-27 10:07:13,340 - __main__ - ERROR - Broadcast failed: Circuit breaker is OPEN. Will recover at 1779851286.8035498
Traceback (most recent call last):
  File "C:\Users\LENOVO\OneDrive\Desktop\JARKOM\main.py", line 361, in safe_broadcast_update
    message = broadcast_circuit_breaker.call(
  File "C:\Users\LENOVO\OneDrive\Desktop\JARKOM\main.py", line 86, in call
    raise Exception(f"Circuit breaker is OPEN. Will recover at {self.last_failure_time + self.recovery_timeout}")
Exception: Circuit breaker is OPEN. Will recover at 1779851286.8035498

2026-05-27 10:07:14,161 - __main__ - INFO - 📊 Stats - Uptime: 0:07:00.036925, Messages: 128, Failed: 0, Clients: 1, WS Connections: 1, Broadcast Failures: 127
2026-05-27 10:07:16,545 - __main__ - ERROR - Broadcast failed: Circuit breaker is OPEN. Will recover at 1779851286.8035498
Traceback (most recent call last):
  File "C:\Users\LENOVO\OneDrive\Desktop\JARKOM\main.py", line 361, in safe_broadcast_update
    message = broadcast_circuit_breaker.call(
  File "C:\Users\LENOVO\OneDrive\Desktop\JARKOM\main.py", line 86, in call
    raise Exception(f"Circuit breaker is OPEN. Will recover at {self.last_failure_time + self.recovery_timeout}")
Exception: Circuit breaker is OPEN. Will recover at 1779851286.8035498

2026-05-27 10:07:19,910 - __main__ - ERROR - Broadcast failed: Circuit breaker is OPEN. Will recover at 1779851286.8035498
Traceback (most recent call last):
  File "C:\Users\LENOVO\OneDrive\Desktop\JARKOM\main.py", line 361, in safe_broadcast_update
    message = broadcast_circuit_breaker.call(
  File "C:\Users\LENOVO\OneDrive\Desktop\JARKOM\main.py", line 86, in call
    raise Exception(f"Circuit breaker is OPEN. Will recover at {self.last_failure_time + self.recovery_timeout}")
Exception: Circuit breaker is OPEN. Will recover at 1779851286.8035498

2026-05-27 10:07:23,021 - __main__ - ERROR - Broadcast failed: Circuit breaker is OPEN. Will recover at 1779851286.8035498
Traceback (most recent call last):
  File "C:\Users\LENOVO\OneDrive\Desktop\JARKOM\main.py", line 361, in safe_broadcast_update
    message = broadcast_circuit_breaker.call(
  File "C:\Users\LENOVO\OneDrive\Desktop\JARKOM\main.py", line 86, in call
    raise Exception(f"Circuit breaker is OPEN. Will recover at {self.last_failure_time + self.recovery_timeout}")
Exception: Circuit breaker is OPEN. Will recover at 1779851286.8035498

2026-05-27 10:07:26,138 - __main__ - ERROR - Broadcast failed: Circuit breaker is OPEN. Will recover at 1779851286.8035498
Traceback (most recent call last):
  File "C:\Users\LENOVO\OneDrive\Desktop\JARKOM\main.py", line 361, in safe_broadcast_update
    message = broadcast_circuit_breaker.call(
  File "C:\Users\LENOVO\OneDrive\Desktop\JARKOM\main.py", line 86, in call
    raise Exception(f"Circuit breaker is OPEN. Will recover at {self.last_failure_time + self.recovery_timeout}")
Exception: Circuit breaker is OPEN. Will recover at 1779851286.8035498

2026-05-27 10:07:29,491 - __main__ - ERROR - Broadcast failed: Circuit breaker is OPEN. Will recover at 1779851286.8035498
Traceback (most recent call last):
  File "C:\Users\LENOVO\OneDrive\Desktop\JARKOM\main.py", line 361, in safe_broadcast_update
    message = broadcast_circuit_breaker.call(
  File "C:\Users\LENOVO\OneDrive\Desktop\JARKOM\main.py", line 86, in call
    raise Exception(f"Circuit breaker is OPEN. Will recover at {self.last_failure_time + self.recovery_timeout}")
Exception: Circuit breaker is OPEN. Will recover at 1779851286.8035498

2026-05-27 10:07:32,833 - __main__ - ERROR - Broadcast failed: Circuit breaker is OPEN. Will recover at 1779851286.8035498
Traceback (most recent call last):
  File "C:\Users\LENOVO\OneDrive\Desktop\JARKOM\main.py", line 361, in safe_broadcast_update
    message = broadcast_circuit_breaker.call(
  File "C:\Users\LENOVO\OneDrive\Desktop\JARKOM\main.py", line 86, in call
    raise Exception(f"Circuit breaker is OPEN. Will recover at {self.last_failure_time + self.recovery_timeout}")
Exception: Circuit breaker is OPEN. Will recover at 1779851286.8035498

2026-05-27 10:07:35,922 - __main__ - ERROR - Broadcast failed: Circuit breaker is OPEN. Will recover at 1779851286.8035498
Traceback (most recent call last):
  File "C:\Users\LENOVO\OneDrive\Desktop\JARKOM\main.py", line 361, in safe_broadcast_update
    message = broadcast_circuit_breaker.call(
  File "C:\Users\LENOVO\OneDrive\Desktop\JARKOM\main.py", line 86, in call
    raise Exception(f"Circuit breaker is OPEN. Will recover at {self.last_failure_time + self.recovery_timeout}")
Exception: Circuit breaker is OPEN. Will recover at 1779851286.8035498

2026-05-27 10:07:39,177 - __main__ - ERROR - Broadcast failed: Circuit breaker is OPEN. Will recover at 1779851286.8035498
Traceback (most recent call last):
  File "C:\Users\LENOVO\OneDrive\Desktop\JARKOM\main.py", line 361, in safe_broadcast_update
    message = broadcast_circuit_breaker.call(
  File "C:\Users\LENOVO\OneDrive\Desktop\JARKOM\main.py", line 86, in call
    raise Exception(f"Circuit breaker is OPEN. Will recover at {self.last_failure_time + self.recovery_timeout}")
Exception: Circuit breaker is OPEN. Will recover at 1779851286.8035498

2026-05-27 10:07:42,581 - __main__ - ERROR - Broadcast failed: Circuit breaker is OPEN. Will recover at 1779851286.8035498
Traceback (most recent call last):
  File "C:\Users\LENOVO\OneDrive\Desktop\JARKOM\main.py", line 361, in safe_broadcast_update
    message = broadcast_circuit_breaker.call(
  File "C:\Users\LENOVO\OneDrive\Desktop\JARKOM\main.py", line 86, in call
    raise Exception(f"Circuit breaker is OPEN. Will recover at {self.last_failure_time + self.recovery_timeout}")
Exception: Circuit breaker is OPEN. Will recover at 1779851286.8035498

2026-05-27 10:07:45,933 - __main__ - ERROR - Broadcast failed: Circuit breaker is OPEN. Will recover at 1779851286.8035498
Traceback (most recent call last):
  File "C:\Users\LENOVO\OneDrive\Desktop\JARKOM\main.py", line 361, in safe_broadcast_update
    message = broadcast_circuit_breaker.call(
  File "C:\Users\LENOVO\OneDrive\Desktop\JARKOM\main.py", line 86, in call
    raise Exception(f"Circuit breaker is OPEN. Will recover at {self.last_failure_time + self.recovery_timeout}")
Exception: Circuit breaker is OPEN. Will recover at 1779851286.8035498

2026-05-27 10:07:49,165 - __main__ - ERROR - Broadcast failed: Circuit breaker is OPEN. Will recover at 1779851286.8035498
Traceback (most recent call last):
  File "C:\Users\LENOVO\OneDrive\Desktop\JARKOM\main.py", line 361, in safe_broadcast_update
    message = broadcast_circuit_breaker.call(
  File "C:\Users\LENOVO\OneDrive\Desktop\JARKOM\main.py", line 86, in call
    raise Exception(f"Circuit breaker is OPEN. Will recover at {self.last_failure_time + self.recovery_timeout}")
Exception: Circuit breaker is OPEN. Will recover at 1779851286.8035498

2026-05-27 10:07:52,194 - __main__ - ERROR - Broadcast failed: Circuit breaker is OPEN. Will recover at 1779851286.8035498
Traceback (most recent call last):
  File "C:\Users\LENOVO\OneDrive\Desktop\JARKOM\main.py", line 361, in safe_broadcast_update
    message = broadcast_circuit_breaker.call(
  File "C:\Users\LENOVO\OneDrive\Desktop\JARKOM\main.py", line 86, in call
    raise Exception(f"Circuit breaker is OPEN. Will recover at {self.last_failure_time + self.recovery_timeout}")
Exception: Circuit breaker is OPEN. Will recover at 1779851286.8035498

2026-05-27 10:07:55,204 - __main__ - ERROR - Broadcast failed: Circuit breaker is OPEN. Will recover at 1779851286.8035498
Traceback (most recent call last):
  File "C:\Users\LENOVO\OneDrive\Desktop\JARKOM\main.py", line 361, in safe_broadcast_update
    message = broadcast_circuit_breaker.call(
  File "C:\Users\LENOVO\OneDrive\Desktop\JARKOM\main.py", line 86, in call
    raise Exception(f"Circuit breaker is OPEN. Will recover at {self.last_failure_time + self.recovery_timeout}")
Exception: Circuit breaker is OPEN. Will recover at 1779851286.8035498

2026-05-27 10:07:58,498 - __main__ - ERROR - Broadcast failed: Circuit breaker is OPEN. Will recover at 1779851286.8035498
Traceback (most recent call last):
  File "C:\Users\LENOVO\OneDrive\Desktop\JARKOM\main.py", line 361, in safe_broadcast_update
    message = broadcast_circuit_breaker.call(
  File "C:\Users\LENOVO\OneDrive\Desktop\JARKOM\main.py", line 86, in call
    raise Exception(f"Circuit breaker is OPEN. Will recover at {self.last_failure_time + self.recovery_timeout}")
Exception: Circuit breaker is OPEN. Will recover at 1779851286.8035498

2026-05-27 10:08:01,681 - __main__ - ERROR - Broadcast failed: Circuit breaker is OPEN. Will recover at 1779851286.8035498
Traceback (most recent call last):
  File "C:\Users\LENOVO\OneDrive\Desktop\JARKOM\main.py", line 361, in safe_broadcast_update
    message = broadcast_circuit_breaker.call(
  File "C:\Users\LENOVO\OneDrive\Desktop\JARKOM\main.py", line 86, in call
    raise Exception(f"Circuit breaker is OPEN. Will recover at {self.last_failure_time + self.recovery_timeout}")
Exception: Circuit breaker is OPEN. Will recover at 1779851286.8035498

2026-05-27 10:08:04,781 - __main__ - ERROR - Broadcast failed: Circuit breaker is OPEN. Will recover at 1779851286.8035498
Traceback (most recent call last):
  File "C:\Users\LENOVO\OneDrive\Desktop\JARKOM\main.py", line 361, in safe_broadcast_update
    message = broadcast_circuit_breaker.call(
  File "C:\Users\LENOVO\OneDrive\Desktop\JARKOM\main.py", line 86, in call
    raise Exception(f"Circuit breaker is OPEN. Will recover at {self.last_failure_time + self.recovery_timeout}")
Exception: Circuit breaker is OPEN. Will recover at 1779851286.8035498

2026-05-27 10:08:08,130 - __main__ - WARNING - Circuit breaker entering HALF_OPEN state
2026-05-27 10:08:08,131 - __main__ - ERROR - Circuit breaker failure #17: Object of type datetime is not JSON serializable
2026-05-27 10:08:08,131 - __main__ - ERROR - Circuit breaker OPENED after 17 failures
2026-05-27 10:08:08,132 - __main__ - ERROR - Broadcast failed: Object of type datetime is not JSON serializable
Traceback (most recent call last):
  File "C:\Users\LENOVO\OneDrive\Desktop\JARKOM\main.py", line 361, in safe_broadcast_update
    message = broadcast_circuit_breaker.call(
  File "C:\Users\LENOVO\OneDrive\Desktop\JARKOM\main.py", line 89, in call
    result = func(*args, **kwargs)
  File "C:\Users\LENOVO\AppData\Local\Programs\Python\Python310\lib\json\__init__.py", line 231, in dumps
    return _default_encoder.encode(obj)
  File "C:\Users\LENOVO\AppData\Local\Programs\Python\Python310\lib\json\encoder.py", line 199, in encode
    chunks = self.iterencode(o, _one_shot=True)
  File "C:\Users\LENOVO\AppData\Local\Programs\Python\Python310\lib\json\encoder.py", line 257, in iterencode
    return _iterencode(o, 0)
  File "C:\Users\LENOVO\AppData\Local\Programs\Python\Python310\lib\json\encoder.py", line 179, in default
    raise TypeError(f'Object of type {o.__class__.__name__} '
TypeError: Object of type datetime is not JSON serializable

2026-05-27 10:08:11,341 - __main__ - ERROR - Broadcast failed: Circuit breaker is OPEN. Will recover at 1779851348.131235
Traceback (most recent call last):
  File "C:\Users\LENOVO\OneDrive\Desktop\JARKOM\main.py", line 361, in safe_broadcast_update
    message = broadcast_circuit_breaker.call(
  File "C:\Users\LENOVO\OneDrive\Desktop\JARKOM\main.py", line 86, in call
    raise Exception(f"Circuit breaker is OPEN. Will recover at {self.last_failure_time + self.recovery_timeout}")
Exception: Circuit breaker is OPEN. Will recover at 1779851348.131235

2026-05-27 10:08:14,176 - __main__ - INFO - 📊 Stats - Uptime: 0:08:00.051729, Messages: 146, Failed: 0, Clients: 1, WS Connections: 1, Broadcast Failures: 145
2026-05-27 10:08:14,576 - __main__ - ERROR - Broadcast failed: Circuit breaker is OPEN. Will recover at 1779851348.131235
Traceback (most recent call last):
  File "C:\Users\LENOVO\OneDrive\Desktop\JARKOM\main.py", line 361, in safe_broadcast_update
    message = broadcast_circuit_breaker.call(
  File "C:\Users\LENOVO\OneDrive\Desktop\JARKOM\main.py", line 86, in call
    raise Exception(f"Circuit breaker is OPEN. Will recover at {self.last_failure_time + self.recovery_timeout}")
Exception: Circuit breaker is OPEN. Will recover at 1779851348.131235

2026-05-27 10:08:17,951 - __main__ - ERROR - Broadcast failed: Circuit breaker is OPEN. Will recover at 1779851348.131235
Traceback (most recent call last):
  File "C:\Users\LENOVO\OneDrive\Desktop\JARKOM\main.py", line 361, in safe_broadcast_update
    message = broadcast_circuit_breaker.call(
  File "C:\Users\LENOVO\OneDrive\Desktop\JARKOM\main.py", line 86, in call
    raise Exception(f"Circuit breaker is OPEN. Will recover at {self.last_failure_time + self.recovery_timeout}")
Exception: Circuit breaker is OPEN. Will recover at 1779851348.131235

2026-05-27 10:08:21,080 - __main__ - ERROR - Broadcast failed: Circuit breaker is OPEN. Will recover at 1779851348.131235
Traceback (most recent call last):
  File "C:\Users\LENOVO\OneDrive\Desktop\JARKOM\main.py", line 361, in safe_broadcast_update
    message = broadcast_circuit_breaker.call(
  File "C:\Users\LENOVO\OneDrive\Desktop\JARKOM\main.py", line 86, in call
    raise Exception(f"Circuit breaker is OPEN. Will recover at {self.last_failure_time + self.recovery_timeout}")
Exception: Circuit breaker is OPEN. Will recover at 1779851348.131235

2026-05-27 10:08:24,551 - __main__ - ERROR - Broadcast failed: Circuit breaker is OPEN. Will recover at 1779851348.131235
Traceback (most recent call last):
  File "C:\Users\LENOVO\OneDrive\Desktop\JARKOM\main.py", line 361, in safe_broadcast_update
    message = broadcast_circuit_breaker.call(
  File "C:\Users\LENOVO\OneDrive\Desktop\JARKOM\main.py", line 86, in call
    raise Exception(f"Circuit breaker is OPEN. Will recover at {self.last_failure_time + self.recovery_timeout}")
Exception: Circuit breaker is OPEN. Will recover at 1779851348.131235

2026-05-27 10:08:27,676 - __main__ - ERROR - Broadcast failed: Circuit breaker is OPEN. Will recover at 1779851348.131235
Traceback (most recent call last):
  File "C:\Users\LENOVO\OneDrive\Desktop\JARKOM\main.py", line 361, in safe_broadcast_update
    message = broadcast_circuit_breaker.call(
  File "C:\Users\LENOVO\OneDrive\Desktop\JARKOM\main.py", line 86, in call
    raise Exception(f"Circuit breaker is OPEN. Will recover at {self.last_failure_time + self.recovery_timeout}")
Exception: Circuit breaker is OPEN. Will recover at 1779851348.131235

2026-05-27 10:08:30,976 - __main__ - ERROR - Broadcast failed: Circuit breaker is OPEN. Will recover at 1779851348.131235
Traceback (most recent call last):
  File "C:\Users\LENOVO\OneDrive\Desktop\JARKOM\main.py", line 361, in safe_broadcast_update
    message = broadcast_circuit_breaker.call(
  File "C:\Users\LENOVO\OneDrive\Desktop\JARKOM\main.py", line 86, in call
    raise Exception(f"Circuit breaker is OPEN. Will recover at {self.last_failure_time + self.recovery_timeout}")
Exception: Circuit breaker is OPEN. Will recover at 1779851348.131235

2026-05-27 10:08:34,254 - __main__ - ERROR - Broadcast failed: Circuit breaker is OPEN. Will recover at 1779851348.131235
Traceback (most recent call last):
  File "C:\Users\LENOVO\OneDrive\Desktop\JARKOM\main.py", line 361, in safe_broadcast_update
    message = broadcast_circuit_breaker.call(
  File "C:\Users\LENOVO\OneDrive\Desktop\JARKOM\main.py", line 86, in call
    raise Exception(f"Circuit breaker is OPEN. Will recover at {self.last_failure_time + self.recovery_timeout}")
Exception: Circuit breaker is OPEN. Will recover at 1779851348.131235

2026-05-27 10:08:37,577 - __main__ - ERROR - Broadcast failed: Circuit breaker is OPEN. Will recover at 1779851348.131235
Traceback (most recent call last):
  File "C:\Users\LENOVO\OneDrive\Desktop\JARKOM\main.py", line 361, in safe_broadcast_update
    message = broadcast_circuit_breaker.call(
  File "C:\Users\LENOVO\OneDrive\Desktop\JARKOM\main.py", line 86, in call
    raise Exception(f"Circuit breaker is OPEN. Will recover at {self.last_failure_time + self.recovery_timeout}")
Exception: Circuit breaker is OPEN. Will recover at 1779851348.131235

2026-05-27 10:08:40,808 - __main__ - ERROR - Broadcast failed: Circuit breaker is OPEN. Will recover at 1779851348.131235
Traceback (most recent call last):
  File "C:\Users\LENOVO\OneDrive\Desktop\JARKOM\main.py", line 361, in safe_broadcast_update
    message = broadcast_circuit_breaker.call(
  File "C:\Users\LENOVO\OneDrive\Desktop\JARKOM\main.py", line 86, in call
    raise Exception(f"Circuit breaker is OPEN. Will recover at {self.last_failure_time + self.recovery_timeout}")
Exception: Circuit breaker is OPEN. Will recover at 1779851348.131235

2026-05-27 10:08:44,032 - __main__ - ERROR - Broadcast failed: Circuit breaker is OPEN. Will recover at 1779851348.131235
Traceback (most recent call last):
  File "C:\Users\LENOVO\OneDrive\Desktop\JARKOM\main.py", line 361, in safe_broadcast_update
    message = broadcast_circuit_breaker.call(
  File "C:\Users\LENOVO\OneDrive\Desktop\JARKOM\main.py", line 86, in call
    raise Exception(f"Circuit breaker is OPEN. Will recover at {self.last_failure_time + self.recovery_timeout}")
Exception: Circuit breaker is OPEN. Will recover at 1779851348.131235

2026-05-27 10:08:47,253 - __main__ - ERROR - Broadcast failed: Circuit breaker is OPEN. Will recover at 1779851348.131235
Traceback (most recent call last):
  File "C:\Users\LENOVO\OneDrive\Desktop\JARKOM\main.py", line 361, in safe_broadcast_update
    message = broadcast_circuit_breaker.call(
  File "C:\Users\LENOVO\OneDrive\Desktop\JARKOM\main.py", line 86, in call
    raise Exception(f"Circuit breaker is OPEN. Will recover at {self.last_failure_time + self.recovery_timeout}")
Exception: Circuit breaker is OPEN. Will recover at 1779851348.131235

2026-05-27 10:08:50,580 - __main__ - ERROR - Broadcast failed: Circuit breaker is OPEN. Will recover at 1779851348.131235
Traceback (most recent call last):
  File "C:\Users\LENOVO\OneDrive\Desktop\JARKOM\main.py", line 361, in safe_broadcast_update
    message = broadcast_circuit_breaker.call(
  File "C:\Users\LENOVO\OneDrive\Desktop\JARKOM\main.py", line 86, in call
    raise Exception(f"Circuit breaker is OPEN. Will recover at {self.last_failure_time + self.recovery_timeout}")
Exception: Circuit breaker is OPEN. Will recover at 1779851348.131235

2026-05-27 10:08:53,835 - __main__ - ERROR - Broadcast failed: Circuit breaker is OPEN. Will recover at 1779851348.131235
Traceback (most recent call last):
  File "C:\Users\LENOVO\OneDrive\Desktop\JARKOM\main.py", line 361, in safe_broadcast_update
    message = broadcast_circuit_breaker.call(
  File "C:\Users\LENOVO\OneDrive\Desktop\JARKOM\main.py", line 86, in call
    raise Exception(f"Circuit breaker is OPEN. Will recover at {self.last_failure_time + self.recovery_timeout}")
Exception: Circuit breaker is OPEN. Will recover at 1779851348.131235

2026-05-27 10:08:57,076 - __main__ - ERROR - Broadcast failed: Circuit breaker is OPEN. Will recover at 1779851348.131235
Traceback (most recent call last):
  File "C:\Users\LENOVO\OneDrive\Desktop\JARKOM\main.py", line 361, in safe_broadcast_update
    message = broadcast_circuit_breaker.call(
  File "C:\Users\LENOVO\OneDrive\Desktop\JARKOM\main.py", line 86, in call
    raise Exception(f"Circuit breaker is OPEN. Will recover at {self.last_failure_time + self.recovery_timeout}")
Exception: Circuit breaker is OPEN. Will recover at 1779851348.131235

2026-05-27 10:09:00,406 - __main__ - ERROR - Broadcast failed: Circuit breaker is OPEN. Will recover at 1779851348.131235
Traceback (most recent call last):
  File "C:\Users\LENOVO\OneDrive\Desktop\JARKOM\main.py", line 361, in safe_broadcast_update
    message = broadcast_circuit_breaker.call(
  File "C:\Users\LENOVO\OneDrive\Desktop\JARKOM\main.py", line 86, in call
    raise Exception(f"Circuit breaker is OPEN. Will recover at {self.last_failure_time + self.recovery_timeout}")
Exception: Circuit breaker is OPEN. Will recover at 1779851348.131235

2026-05-27 10:09:03,718 - __main__ - ERROR - Broadcast failed: Circuit breaker is OPEN. Will recover at 1779851348.131235
Traceback (most recent call last):
  File "C:\Users\LENOVO\OneDrive\Desktop\JARKOM\main.py", line 361, in safe_broadcast_update
    message = broadcast_circuit_breaker.call(
  File "C:\Users\LENOVO\OneDrive\Desktop\JARKOM\main.py", line 86, in call
    raise Exception(f"Circuit breaker is OPEN. Will recover at {self.last_failure_time + self.recovery_timeout}")
Exception: Circuit breaker is OPEN. Will recover at 1779851348.131235

2026-05-27 10:09:06,938 - __main__ - ERROR - Broadcast failed: Circuit breaker is OPEN. Will recover at 1779851348.131235
Traceback (most recent call last):
  File "C:\Users\LENOVO\OneDrive\Desktop\JARKOM\main.py", line 361, in safe_broadcast_update
    message = broadcast_circuit_breaker.call(
  File "C:\Users\LENOVO\OneDrive\Desktop\JARKOM\main.py", line 86, in call
    raise Exception(f"Circuit breaker is OPEN. Will recover at {self.last_failure_time + self.recovery_timeout}")
Exception: Circuit breaker is OPEN. Will recover at 1779851348.131235

2026-05-27 10:09:10,152 - __main__ - WARNING - Circuit breaker entering HALF_OPEN state
2026-05-27 10:09:10,153 - __main__ - ERROR - Circuit breaker failure #18: Object of type datetime is not JSON serializable
2026-05-27 10:09:10,153 - __main__ - ERROR - Circuit breaker OPENED after 18 failures
2026-05-27 10:09:10,156 - __main__ - ERROR - Broadcast failed: Object of type datetime is not JSON serializable
Traceback (most recent call last):
  File "C:\Users\LENOVO\OneDrive\Desktop\JARKOM\main.py", line 361, in safe_broadcast_update
    message = broadcast_circuit_breaker.call(
  File "C:\Users\LENOVO\OneDrive\Desktop\JARKOM\main.py", line 89, in call
    result = func(*args, **kwargs)
  File "C:\Users\LENOVO\AppData\Local\Programs\Python\Python310\lib\json\__init__.py", line 231, in dumps
    return _default_encoder.encode(obj)
  File "C:\Users\LENOVO\AppData\Local\Programs\Python\Python310\lib\json\encoder.py", line 199, in encode
    chunks = self.iterencode(o, _one_shot=True)
  File "C:\Users\LENOVO\AppData\Local\Programs\Python\Python310\lib\json\encoder.py", line 257, in iterencode
    return _iterencode(o, 0)
  File "C:\Users\LENOVO\AppData\Local\Programs\Python\Python310\lib\json\encoder.py", line 179, in default
    raise TypeError(f'Object of type {o.__class__.__name__} '
TypeError: Object of type datetime is not JSON serializable

2026-05-27 10:09:13,485 - __main__ - ERROR - Broadcast failed: Circuit breaker is OPEN. Will recover at 1779851410.1538901
Traceback (most recent call last):
  File "C:\Users\LENOVO\OneDrive\Desktop\JARKOM\main.py", line 361, in safe_broadcast_update
    message = broadcast_circuit_breaker.call(
  File "C:\Users\LENOVO\OneDrive\Desktop\JARKOM\main.py", line 86, in call
    raise Exception(f"Circuit breaker is OPEN. Will recover at {self.last_failure_time + self.recovery_timeout}")
Exception: Circuit breaker is OPEN. Will recover at 1779851410.1538901

2026-05-27 10:09:14,181 - __main__ - INFO - 📊 Stats - Uptime: 0:09:00.057096, Messages: 165, Failed: 0, Clients: 1, WS Connections: 1, Broadcast Failures: 164
2026-05-27 10:09:16,690 - __main__ - ERROR - Broadcast failed: Circuit breaker is OPEN. Will recover at 1779851410.1538901
Traceback (most recent call last):
  File "C:\Users\LENOVO\OneDrive\Desktop\JARKOM\main.py", line 361, in safe_broadcast_update
    message = broadcast_circuit_breaker.call(
  File "C:\Users\LENOVO\OneDrive\Desktop\JARKOM\main.py", line 86, in call
    raise Exception(f"Circuit breaker is OPEN. Will recover at {self.last_failure_time + self.recovery_timeout}")
Exception: Circuit breaker is OPEN. Will recover at 1779851410.1538901

2026-05-27 10:09:19,837 - __main__ - ERROR - Broadcast failed: Circuit breaker is OPEN. Will recover at 1779851410.1538901
Traceback (most recent call last):
  File "C:\Users\LENOVO\OneDrive\Desktop\JARKOM\main.py", line 361, in safe_broadcast_update
    message = broadcast_circuit_breaker.call(
  File "C:\Users\LENOVO\OneDrive\Desktop\JARKOM\main.py", line 86, in call
    raise Exception(f"Circuit breaker is OPEN. Will recover at {self.last_failure_time + self.recovery_timeout}")
Exception: Circuit breaker is OPEN. Will recover at 1779851410.1538901

2026-05-27 10:09:23,090 - __main__ - ERROR - Broadcast failed: Circuit breaker is OPEN. Will recover at 1779851410.1538901
Traceback (most recent call last):
  File "C:\Users\LENOVO\OneDrive\Desktop\JARKOM\main.py", line 361, in safe_broadcast_update
    message = broadcast_circuit_breaker.call(
  File "C:\Users\LENOVO\OneDrive\Desktop\JARKOM\main.py", line 86, in call
    raise Exception(f"Circuit breaker is OPEN. Will recover at {self.last_failure_time + self.recovery_timeout}")
Exception: Circuit breaker is OPEN. Will recover at 1779851410.1538901

2026-05-27 10:09:26,517 - __main__ - ERROR - Broadcast failed: Circuit breaker is OPEN. Will recover at 1779851410.1538901
Traceback (most recent call last):
  File "C:\Users\LENOVO\OneDrive\Desktop\JARKOM\main.py", line 361, in safe_broadcast_update
    message = broadcast_circuit_breaker.call(
  File "C:\Users\LENOVO\OneDrive\Desktop\JARKOM\main.py", line 86, in call
    raise Exception(f"Circuit breaker is OPEN. Will recover at {self.last_failure_time + self.recovery_timeout}")
Exception: Circuit breaker is OPEN. Will recover at 1779851410.1538901

2026-05-27 10:09:29,722 - __main__ - ERROR - Broadcast failed: Circuit breaker is OPEN. Will recover at 1779851410.1538901
Traceback (most recent call last):
  File "C:\Users\LENOVO\OneDrive\Desktop\JARKOM\main.py", line 361, in safe_broadcast_update
    message = broadcast_circuit_breaker.call(
  File "C:\Users\LENOVO\OneDrive\Desktop\JARKOM\main.py", line 86, in call
    raise Exception(f"Circuit breaker is OPEN. Will recover at {self.last_failure_time + self.recovery_timeout}")
Exception: Circuit breaker is OPEN. Will recover at 1779851410.1538901

2026-05-27 10:09:32,840 - __main__ - ERROR - Broadcast failed: Circuit breaker is OPEN. Will recover at 1779851410.1538901
Traceback (most recent call last):
  File "C:\Users\LENOVO\OneDrive\Desktop\JARKOM\main.py", line 361, in safe_broadcast_update
    message = broadcast_circuit_breaker.call(
  File "C:\Users\LENOVO\OneDrive\Desktop\JARKOM\main.py", line 86, in call
    raise Exception(f"Circuit breaker is OPEN. Will recover at {self.last_failure_time + self.recovery_timeout}")
Exception: Circuit breaker is OPEN. Will recover at 1779851410.1538901

2026-05-27 10:09:35,874 - __main__ - ERROR - Broadcast failed: Circuit breaker is OPEN. Will recover at 1779851410.1538901
Traceback (most recent call last):
  File "C:\Users\LENOVO\OneDrive\Desktop\JARKOM\main.py", line 361, in safe_broadcast_update
    message = broadcast_circuit_breaker.call(
  File "C:\Users\LENOVO\OneDrive\Desktop\JARKOM\main.py", line 86, in call
    raise Exception(f"Circuit breaker is OPEN. Will recover at {self.last_failure_time + self.recovery_timeout}")
Exception: Circuit breaker is OPEN. Will recover at 1779851410.1538901

2026-05-27 10:09:38,991 - __main__ - ERROR - Broadcast failed: Circuit breaker is OPEN. Will recover at 1779851410.1538901
Traceback (most recent call last):
  File "C:\Users\LENOVO\OneDrive\Desktop\JARKOM\main.py", line 361, in safe_broadcast_update
    message = broadcast_circuit_breaker.call(
  File "C:\Users\LENOVO\OneDrive\Desktop\JARKOM\main.py", line 86, in call
    raise Exception(f"Circuit breaker is OPEN. Will recover at {self.last_failure_time + self.recovery_timeout}")
Exception: Circuit breaker is OPEN. Will recover at 1779851410.1538901

2026-05-27 10:09:42,215 - __main__ - ERROR - Broadcast failed: Circuit breaker is OPEN. Will recover at 1779851410.1538901
Traceback (most recent call last):
  File "C:\Users\LENOVO\OneDrive\Desktop\JARKOM\main.py", line 361, in safe_broadcast_update
    message = broadcast_circuit_breaker.call(
  File "C:\Users\LENOVO\OneDrive\Desktop\JARKOM\main.py", line 86, in call
    raise Exception(f"Circuit breaker is OPEN. Will recover at {self.last_failure_time + self.recovery_timeout}")
Exception: Circuit breaker is OPEN. Will recover at 1779851410.1538901

2026-05-27 10:09:45,536 - __main__ - ERROR - Broadcast failed: Circuit breaker is OPEN. Will recover at 1779851410.1538901
Traceback (most recent call last):
  File "C:\Users\LENOVO\OneDrive\Desktop\JARKOM\main.py", line 361, in safe_broadcast_update
    message = broadcast_circuit_breaker.call(
  File "C:\Users\LENOVO\OneDrive\Desktop\JARKOM\main.py", line 86, in call
    raise Exception(f"Circuit breaker is OPEN. Will recover at {self.last_failure_time + self.recovery_timeout}")
Exception: Circuit breaker is OPEN. Will recover at 1779851410.1538901

2026-05-27 10:09:48,674 - __main__ - ERROR - Broadcast failed: Circuit breaker is OPEN. Will recover at 1779851410.1538901
Traceback (most recent call last):
  File "C:\Users\LENOVO\OneDrive\Desktop\JARKOM\main.py", line 361, in safe_broadcast_update
    message = broadcast_circuit_breaker.call(
  File "C:\Users\LENOVO\OneDrive\Desktop\JARKOM\main.py", line 86, in call
    raise Exception(f"Circuit breaker is OPEN. Will recover at {self.last_failure_time + self.recovery_timeout}")
Exception: Circuit breaker is OPEN. Will recover at 1779851410.1538901

2026-05-27 10:09:51,826 - __main__ - ERROR - Broadcast failed: Circuit breaker is OPEN. Will recover at 1779851410.1538901
Traceback (most recent call last):
  File "C:\Users\LENOVO\OneDrive\Desktop\JARKOM\main.py", line 361, in safe_broadcast_update
    message = broadcast_circuit_breaker.call(
  File "C:\Users\LENOVO\OneDrive\Desktop\JARKOM\main.py", line 86, in call
    raise Exception(f"Circuit breaker is OPEN. Will recover at {self.last_failure_time + self.recovery_timeout}")
Exception: Circuit breaker is OPEN. Will recover at 1779851410.1538901

2026-05-27 10:09:55,036 - __main__ - ERROR - Broadcast failed: Circuit breaker is OPEN. Will recover at 1779851410.1538901
Traceback (most recent call last):
  File "C:\Users\LENOVO\OneDrive\Desktop\JARKOM\main.py", line 361, in safe_broadcast_update
    message = broadcast_circuit_breaker.call(
  File "C:\Users\LENOVO\OneDrive\Desktop\JARKOM\main.py", line 86, in call
    raise Exception(f"Circuit breaker is OPEN. Will recover at {self.last_failure_time + self.recovery_timeout}")
Exception: Circuit breaker is OPEN. Will recover at 1779851410.1538901

2026-05-27 10:09:58,222 - __main__ - ERROR - Broadcast failed: Circuit breaker is OPEN. Will recover at 1779851410.1538901
Traceback (most recent call last):
  File "C:\Users\LENOVO\OneDrive\Desktop\JARKOM\main.py", line 361, in safe_broadcast_update
    message = broadcast_circuit_breaker.call(
  File "C:\Users\LENOVO\OneDrive\Desktop\JARKOM\main.py", line 86, in call
    raise Exception(f"Circuit breaker is OPEN. Will recover at {self.last_failure_time + self.recovery_timeout}")
Exception: Circuit breaker is OPEN. Will recover at 1779851410.1538901

2026-05-27 10:10:01,563 - __main__ - ERROR - Broadcast failed: Circuit breaker is OPEN. Will recover at 1779851410.1538901
Traceback (most recent call last):
  File "C:\Users\LENOVO\OneDrive\Desktop\JARKOM\main.py", line 361, in safe_broadcast_update
    message = broadcast_circuit_breaker.call(
  File "C:\Users\LENOVO\OneDrive\Desktop\JARKOM\main.py", line 86, in call
    raise Exception(f"Circuit breaker is OPEN. Will recover at {self.last_failure_time + self.recovery_timeout}")
Exception: Circuit breaker is OPEN. Will recover at 1779851410.1538901

2026-05-27 10:10:04,736 - __main__ - ERROR - Broadcast failed: Circuit breaker is OPEN. Will recover at 1779851410.1538901
Traceback (most recent call last):
  File "C:\Users\LENOVO\OneDrive\Desktop\JARKOM\main.py", line 361, in safe_broadcast_update
    message = broadcast_circuit_breaker.call(
  File "C:\Users\LENOVO\OneDrive\Desktop\JARKOM\main.py", line 86, in call
    raise Exception(f"Circuit breaker is OPEN. Will recover at {self.last_failure_time + self.recovery_timeout}")
Exception: Circuit breaker is OPEN. Will recover at 1779851410.1538901

2026-05-27 10:10:07,933 - __main__ - ERROR - Broadcast failed: Circuit breaker is OPEN. Will recover at 1779851410.1538901
Traceback (most recent call last):
  File "C:\Users\LENOVO\OneDrive\Desktop\JARKOM\main.py", line 361, in safe_broadcast_update
    message = broadcast_circuit_breaker.call(
  File "C:\Users\LENOVO\OneDrive\Desktop\JARKOM\main.py", line 86, in call
    raise Exception(f"Circuit breaker is OPEN. Will recover at {self.last_failure_time + self.recovery_timeout}")
Exception: Circuit breaker is OPEN. Will recover at 1779851410.1538901

2026-05-27 10:10:11,045 - __main__ - WARNING - Circuit breaker entering HALF_OPEN state
2026-05-27 10:10:11,047 - __main__ - ERROR - Circuit breaker failure #19: Object of type datetime is not JSON serializable
2026-05-27 10:10:11,047 - __main__ - ERROR - Circuit breaker OPENED after 19 failures
2026-05-27 10:10:11,049 - __main__ - ERROR - Broadcast failed: Object of type datetime is not JSON serializable
Traceback (most recent call last):
  File "C:\Users\LENOVO\OneDrive\Desktop\JARKOM\main.py", line 361, in safe_broadcast_update
    message = broadcast_circuit_breaker.call(
  File "C:\Users\LENOVO\OneDrive\Desktop\JARKOM\main.py", line 89, in call
    result = func(*args, **kwargs)
  File "C:\Users\LENOVO\AppData\Local\Programs\Python\Python310\lib\json\__init__.py", line 231, in dumps
    return _default_encoder.encode(obj)
  File "C:\Users\LENOVO\AppData\Local\Programs\Python\Python310\lib\json\encoder.py", line 199, in encode
    chunks = self.iterencode(o, _one_shot=True)
  File "C:\Users\LENOVO\AppData\Local\Programs\Python\Python310\lib\json\encoder.py", line 257, in iterencode
    return _iterencode(o, 0)
  File "C:\Users\LENOVO\AppData\Local\Programs\Python\Python310\lib\json\encoder.py", line 179, in default
    raise TypeError(f'Object of type {o.__class__.__name__} '
TypeError: Object of type datetime is not JSON serializable

2026-05-27 10:10:14,205 - __main__ - INFO - 📊 Stats - Uptime: 0:10:00.080441, Messages: 183, Failed: 0, Clients: 1, WS Connections: 1, Broadcast Failures: 182
2026-05-27 10:10:14,318 - __main__ - ERROR - Broadcast failed: Circuit breaker is OPEN. Will recover at 1779851471.0470529
Traceback (most recent call last):
  File "C:\Users\LENOVO\OneDrive\Desktop\JARKOM\main.py", line 361, in safe_broadcast_update
    message = broadcast_circuit_breaker.call(
  File "C:\Users\LENOVO\OneDrive\Desktop\JARKOM\main.py", line 86, in call
    raise Exception(f"Circuit breaker is OPEN. Will recover at {self.last_failure_time + self.recovery_timeout}")
Exception: Circuit breaker is OPEN. Will recover at 1779851471.0470529

2026-05-27 10:10:17,412 - __main__ - ERROR - Broadcast failed: Circuit breaker is OPEN. Will recover at 1779851471.0470529
Traceback (most recent call last):
  File "C:\Users\LENOVO\OneDrive\Desktop\JARKOM\main.py", line 361, in safe_broadcast_update
    message = broadcast_circuit_breaker.call(
  File "C:\Users\LENOVO\OneDrive\Desktop\JARKOM\main.py", line 86, in call
    raise Exception(f"Circuit breaker is OPEN. Will recover at {self.last_failure_time + self.recovery_timeout}")
Exception: Circuit breaker is OPEN. Will recover at 1779851471.0470529

2026-05-27 10:10:20,541 - __main__ - ERROR - Broadcast failed: Circuit breaker is OPEN. Will recover at 1779851471.0470529
Traceback (most recent call last):
  File "C:\Users\LENOVO\OneDrive\Desktop\JARKOM\main.py", line 361, in safe_broadcast_update
    message = broadcast_circuit_breaker.call(
  File "C:\Users\LENOVO\OneDrive\Desktop\JARKOM\main.py", line 86, in call
    raise Exception(f"Circuit breaker is OPEN. Will recover at {self.last_failure_time + self.recovery_timeout}")
Exception: Circuit breaker is OPEN. Will recover at 1779851471.0470529

2026-05-27 10:10:23,757 - __main__ - ERROR - Broadcast failed: Circuit breaker is OPEN. Will recover at 1779851471.0470529
Traceback (most recent call last):
  File "C:\Users\LENOVO\OneDrive\Desktop\JARKOM\main.py", line 361, in safe_broadcast_update
    message = broadcast_circuit_breaker.call(
  File "C:\Users\LENOVO\OneDrive\Desktop\JARKOM\main.py", line 86, in call
    raise Exception(f"Circuit breaker is OPEN. Will recover at {self.last_failure_time + self.recovery_timeout}")
Exception: Circuit breaker is OPEN. Will recover at 1779851471.0470529

2026-05-27 10:10:26,791 - __main__ - ERROR - Broadcast failed: Circuit breaker is OPEN. Will recover at 1779851471.0470529
Traceback (most recent call last):
  File "C:\Users\LENOVO\OneDrive\Desktop\JARKOM\main.py", line 361, in safe_broadcast_update
    message = broadcast_circuit_breaker.call(
  File "C:\Users\LENOVO\OneDrive\Desktop\JARKOM\main.py", line 86, in call
    raise Exception(f"Circuit breaker is OPEN. Will recover at {self.last_failure_time + self.recovery_timeout}")
Exception: Circuit breaker is OPEN. Will recover at 1779851471.0470529

2026-05-27 10:10:30,016 - __main__ - ERROR - Broadcast failed: Circuit breaker is OPEN. Will recover at 1779851471.0470529
Traceback (most recent call last):
  File "C:\Users\LENOVO\OneDrive\Desktop\JARKOM\main.py", line 361, in safe_broadcast_update
    message = broadcast_circuit_breaker.call(
  File "C:\Users\LENOVO\OneDrive\Desktop\JARKOM\main.py", line 86, in call
    raise Exception(f"Circuit breaker is OPEN. Will recover at {self.last_failure_time + self.recovery_timeout}")
Exception: Circuit breaker is OPEN. Will recover at 1779851471.0470529

2026-05-27 10:10:33,018 - __main__ - ERROR - Broadcast failed: Circuit breaker is OPEN. Will recover at 1779851471.0470529
Traceback (most recent call last):
  File "C:\Users\LENOVO\OneDrive\Desktop\JARKOM\main.py", line 361, in safe_broadcast_update
    message = broadcast_circuit_breaker.call(
  File "C:\Users\LENOVO\OneDrive\Desktop\JARKOM\main.py", line 86, in call
    raise Exception(f"Circuit breaker is OPEN. Will recover at {self.last_failure_time + self.recovery_timeout}")
Exception: Circuit breaker is OPEN. Will recover at 1779851471.0470529

2026-05-27 10:10:36,186 - __main__ - ERROR - Broadcast failed: Circuit breaker is OPEN. Will recover at 1779851471.0470529
Traceback (most recent call last):
  File "C:\Users\LENOVO\OneDrive\Desktop\JARKOM\main.py", line 361, in safe_broadcast_update
    message = broadcast_circuit_breaker.call(
  File "C:\Users\LENOVO\OneDrive\Desktop\JARKOM\main.py", line 86, in call
    raise Exception(f"Circuit breaker is OPEN. Will recover at {self.last_failure_time + self.recovery_timeout}")
Exception: Circuit breaker is OPEN. Will recover at 1779851471.0470529

2026-05-27 10:10:39,414 - __main__ - ERROR - Broadcast failed: Circuit breaker is OPEN. Will recover at 1779851471.0470529
Traceback (most recent call last):
  File "C:\Users\LENOVO\OneDrive\Desktop\JARKOM\main.py", line 361, in safe_broadcast_update
    message = broadcast_circuit_breaker.call(
  File "C:\Users\LENOVO\OneDrive\Desktop\JARKOM\main.py", line 86, in call
    raise Exception(f"Circuit breaker is OPEN. Will recover at {self.last_failure_time + self.recovery_timeout}")
Exception: Circuit breaker is OPEN. Will recover at 1779851471.0470529

2026-05-27 10:10:42,631 - __main__ - ERROR - Broadcast failed: Circuit breaker is OPEN. Will recover at 1779851471.0470529
Traceback (most recent call last):
  File "C:\Users\LENOVO\OneDrive\Desktop\JARKOM\main.py", line 361, in safe_broadcast_update
    message = broadcast_circuit_breaker.call(
  File "C:\Users\LENOVO\OneDrive\Desktop\JARKOM\main.py", line 86, in call
    raise Exception(f"Circuit breaker is OPEN. Will recover at {self.last_failure_time + self.recovery_timeout}")
Exception: Circuit breaker is OPEN. Will recover at 1779851471.0470529

2026-05-27 10:10:46,090 - __main__ - ERROR - Broadcast failed: Circuit breaker is OPEN. Will recover at 1779851471.0470529
Traceback (most recent call last):
  File "C:\Users\LENOVO\OneDrive\Desktop\JARKOM\main.py", line 361, in safe_broadcast_update
    message = broadcast_circuit_breaker.call(
  File "C:\Users\LENOVO\OneDrive\Desktop\JARKOM\main.py", line 86, in call
    raise Exception(f"Circuit breaker is OPEN. Will recover at {self.last_failure_time + self.recovery_timeout}")
Exception: Circuit breaker is OPEN. Will recover at 1779851471.0470529

2026-05-27 10:10:49,276 - __main__ - ERROR - Broadcast failed: Circuit breaker is OPEN. Will recover at 1779851471.0470529
Traceback (most recent call last):
  File "C:\Users\LENOVO\OneDrive\Desktop\JARKOM\main.py", line 361, in safe_broadcast_update
    message = broadcast_circuit_breaker.call(
  File "C:\Users\LENOVO\OneDrive\Desktop\JARKOM\main.py", line 86, in call
    raise Exception(f"Circuit breaker is OPEN. Will recover at {self.last_failure_time + self.recovery_timeout}")
Exception: Circuit breaker is OPEN. Will recover at 1779851471.0470529

2026-05-27 10:10:52,842 - __main__ - ERROR - Broadcast failed: Circuit breaker is OPEN. Will recover at 1779851471.0470529
Traceback (most recent call last):
  File "C:\Users\LENOVO\OneDrive\Desktop\JARKOM\main.py", line 361, in safe_broadcast_update
    message = broadcast_circuit_breaker.call(
  File "C:\Users\LENOVO\OneDrive\Desktop\JARKOM\main.py", line 86, in call
    raise Exception(f"Circuit breaker is OPEN. Will recover at {self.last_failure_time + self.recovery_timeout}")
Exception: Circuit breaker is OPEN. Will recover at 1779851471.0470529

2026-05-27 10:10:56,174 - __main__ - ERROR - Broadcast failed: Circuit breaker is OPEN. Will recover at 1779851471.0470529
Traceback (most recent call last):
  File "C:\Users\LENOVO\OneDrive\Desktop\JARKOM\main.py", line 361, in safe_broadcast_update
    message = broadcast_circuit_breaker.call(
  File "C:\Users\LENOVO\OneDrive\Desktop\JARKOM\main.py", line 86, in call
    raise Exception(f"Circuit breaker is OPEN. Will recover at {self.last_failure_time + self.recovery_timeout}")
Exception: Circuit breaker is OPEN. Will recover at 1779851471.0470529

2026-05-27 10:10:59,407 - __main__ - ERROR - Broadcast failed: Circuit breaker is OPEN. Will recover at 1779851471.0470529
Traceback (most recent call last):
  File "C:\Users\LENOVO\OneDrive\Desktop\JARKOM\main.py", line 361, in safe_broadcast_update
    message = broadcast_circuit_breaker.call(
  File "C:\Users\LENOVO\OneDrive\Desktop\JARKOM\main.py", line 86, in call
    raise Exception(f"Circuit breaker is OPEN. Will recover at {self.last_failure_time + self.recovery_timeout}")
Exception: Circuit breaker is OPEN. Will recover at 1779851471.0470529

2026-05-27 10:11:02,747 - __main__ - ERROR - Broadcast failed: Circuit breaker is OPEN. Will recover at 1779851471.0470529
Traceback (most recent call last):
  File "C:\Users\LENOVO\OneDrive\Desktop\JARKOM\main.py", line 361, in safe_broadcast_update
    message = broadcast_circuit_breaker.call(
  File "C:\Users\LENOVO\OneDrive\Desktop\JARKOM\main.py", line 86, in call
    raise Exception(f"Circuit breaker is OPEN. Will recover at {self.last_failure_time + self.recovery_timeout}")
Exception: Circuit breaker is OPEN. Will recover at 1779851471.0470529

2026-05-27 10:11:06,191 - __main__ - ERROR - Broadcast failed: Circuit breaker is OPEN. Will recover at 1779851471.0470529
Traceback (most recent call last):
  File "C:\Users\LENOVO\OneDrive\Desktop\JARKOM\main.py", line 361, in safe_broadcast_update
    message = broadcast_circuit_breaker.call(
  File "C:\Users\LENOVO\OneDrive\Desktop\JARKOM\main.py", line 86, in call
    raise Exception(f"Circuit breaker is OPEN. Will recover at {self.last_failure_time + self.recovery_timeout}")
Exception: Circuit breaker is OPEN. Will recover at 1779851471.0470529

2026-05-27 10:11:09,496 - __main__ - ERROR - Broadcast failed: Circuit breaker is OPEN. Will recover at 1779851471.0470529
Traceback (most recent call last):
  File "C:\Users\LENOVO\OneDrive\Desktop\JARKOM\main.py", line 361, in safe_broadcast_update
    message = broadcast_circuit_breaker.call(
  File "C:\Users\LENOVO\OneDrive\Desktop\JARKOM\main.py", line 86, in call
    raise Exception(f"Circuit breaker is OPEN. Will recover at {self.last_failure_time + self.recovery_timeout}")
Exception: Circuit breaker is OPEN. Will recover at 1779851471.0470529

2026-05-27 10:11:12,871 - __main__ - WARNING - Circuit breaker entering HALF_OPEN state
2026-05-27 10:11:12,871 - __main__ - ERROR - Circuit breaker failure #20: Object of type datetime is not JSON serializable
2026-05-27 10:11:12,872 - __main__ - ERROR - Circuit breaker OPENED after 20 failures
2026-05-27 10:11:12,873 - __main__ - ERROR - Broadcast failed: Object of type datetime is not JSON serializable
Traceback (most recent call last):
  File "C:\Users\LENOVO\OneDrive\Desktop\JARKOM\main.py", line 361, in safe_broadcast_update
    message = broadcast_circuit_breaker.call(
  File "C:\Users\LENOVO\OneDrive\Desktop\JARKOM\main.py", line 89, in call
    result = func(*args, **kwargs)
  File "C:\Users\LENOVO\AppData\Local\Programs\Python\Python310\lib\json\__init__.py", line 231, in dumps
    return _default_encoder.encode(obj)
  File "C:\Users\LENOVO\AppData\Local\Programs\Python\Python310\lib\json\encoder.py", line 199, in encode
    chunks = self.iterencode(o, _one_shot=True)
  File "C:\Users\LENOVO\AppData\Local\Programs\Python\Python310\lib\json\encoder.py", line 257, in iterencode
    return _iterencode(o, 0)
  File "C:\Users\LENOVO\AppData\Local\Programs\Python\Python310\lib\json\encoder.py", line 179, in default
    raise TypeError(f'Object of type {o.__class__.__name__} '
TypeError: Object of type datetime is not JSON serializable

2026-05-27 10:11:14,193 - __main__ - INFO - 📊 Stats - Uptime: 0:11:00.069154, Messages: 202, Failed: 0, Clients: 1, WS Connections: 1, Broadcast Failures: 201
2026-05-27 10:11:16,175 - __main__ - ERROR - Broadcast failed: Circuit breaker is OPEN. Will recover at 1779851532.8711803
Traceback (most recent call last):
  File "C:\Users\LENOVO\OneDrive\Desktop\JARKOM\main.py", line 361, in safe_broadcast_update
    message = broadcast_circuit_breaker.call(
  File "C:\Users\LENOVO\OneDrive\Desktop\JARKOM\main.py", line 86, in call
    raise Exception(f"Circuit breaker is OPEN. Will recover at {self.last_failure_time + self.recovery_timeout}")
Exception: Circuit breaker is OPEN. Will recover at 1779851532.8711803

2026-05-27 10:11:19,471 - __main__ - ERROR - Broadcast failed: Circuit breaker is OPEN. Will recover at 1779851532.8711803
Traceback (most recent call last):
  File "C:\Users\LENOVO\OneDrive\Desktop\JARKOM\main.py", line 361, in safe_broadcast_update
    message = broadcast_circuit_breaker.call(
  File "C:\Users\LENOVO\OneDrive\Desktop\JARKOM\main.py", line 86, in call
    raise Exception(f"Circuit breaker is OPEN. Will recover at {self.last_failure_time + self.recovery_timeout}")
Exception: Circuit breaker is OPEN. Will recover at 1779851532.8711803

2026-05-27 10:11:22,820 - __main__ - ERROR - Broadcast failed: Circuit breaker is OPEN. Will recover at 1779851532.8711803
Traceback (most recent call last):
  File "C:\Users\LENOVO\OneDrive\Desktop\JARKOM\main.py", line 361, in safe_broadcast_update
    message = broadcast_circuit_breaker.call(
  File "C:\Users\LENOVO\OneDrive\Desktop\JARKOM\main.py", line 86, in call
    raise Exception(f"Circuit breaker is OPEN. Will recover at {self.last_failure_time + self.recovery_timeout}")
Exception: Circuit breaker is OPEN. Will recover at 1779851532.8711803

2026-05-27 10:11:26,182 - __main__ - ERROR - Broadcast failed: Circuit breaker is OPEN. Will recover at 1779851532.8711803
Traceback (most recent call last):
  File "C:\Users\LENOVO\OneDrive\Desktop\JARKOM\main.py", line 361, in safe_broadcast_update
    message = broadcast_circuit_breaker.call(
  File "C:\Users\LENOVO\OneDrive\Desktop\JARKOM\main.py", line 86, in call
    raise Exception(f"Circuit breaker is OPEN. Will recover at {self.last_failure_time + self.recovery_timeout}")
Exception: Circuit breaker is OPEN. Will recover at 1779851532.8711803

2026-05-27 10:11:29,624 - __main__ - ERROR - Broadcast failed: Circuit breaker is OPEN. Will recover at 1779851532.8711803
Traceback (most recent call last):
  File "C:\Users\LENOVO\OneDrive\Desktop\JARKOM\main.py", line 361, in safe_broadcast_update
    message = broadcast_circuit_breaker.call(
  File "C:\Users\LENOVO\OneDrive\Desktop\JARKOM\main.py", line 86, in call
    raise Exception(f"Circuit breaker is OPEN. Will recover at {self.last_failure_time + self.recovery_timeout}")
Exception: Circuit breaker is OPEN. Will recover at 1779851532.8711803

2026-05-27 10:11:32,937 - __main__ - ERROR - Broadcast failed: Circuit breaker is OPEN. Will recover at 1779851532.8711803
Traceback (most recent call last):
  File "C:\Users\LENOVO\OneDrive\Desktop\JARKOM\main.py", line 361, in safe_broadcast_update
    message = broadcast_circuit_breaker.call(
  File "C:\Users\LENOVO\OneDrive\Desktop\JARKOM\main.py", line 86, in call
    raise Exception(f"Circuit breaker is OPEN. Will recover at {self.last_failure_time + self.recovery_timeout}")
Exception: Circuit breaker is OPEN. Will recover at 1779851532.8711803

2026-05-27 10:11:36,294 - __main__ - ERROR - Broadcast failed: Circuit breaker is OPEN. Will recover at 1779851532.8711803
Traceback (most recent call last):
  File "C:\Users\LENOVO\OneDrive\Desktop\JARKOM\main.py", line 361, in safe_broadcast_update
    message = broadcast_circuit_breaker.call(
  File "C:\Users\LENOVO\OneDrive\Desktop\JARKOM\main.py", line 86, in call
    raise Exception(f"Circuit breaker is OPEN. Will recover at {self.last_failure_time + self.recovery_timeout}")
Exception: Circuit breaker is OPEN. Will recover at 1779851532.8711803

2026-05-27 10:11:39,660 - __main__ - ERROR - Broadcast failed: Circuit breaker is OPEN. Will recover at 1779851532.8711803
Traceback (most recent call last):
  File "C:\Users\LENOVO\OneDrive\Desktop\JARKOM\main.py", line 361, in safe_broadcast_update
    message = broadcast_circuit_breaker.call(
  File "C:\Users\LENOVO\OneDrive\Desktop\JARKOM\main.py", line 86, in call
    raise Exception(f"Circuit breaker is OPEN. Will recover at {self.last_failure_time + self.recovery_timeout}")
Exception: Circuit breaker is OPEN. Will recover at 1779851532.8711803

2026-05-27 10:11:42,862 - __main__ - ERROR - Broadcast failed: Circuit breaker is OPEN. Will recover at 1779851532.8711803
Traceback (most recent call last):
  File "C:\Users\LENOVO\OneDrive\Desktop\JARKOM\main.py", line 361, in safe_broadcast_update
    message = broadcast_circuit_breaker.call(
  File "C:\Users\LENOVO\OneDrive\Desktop\JARKOM\main.py", line 86, in call
    raise Exception(f"Circuit breaker is OPEN. Will recover at {self.last_failure_time + self.recovery_timeout}")
Exception: Circuit breaker is OPEN. Will recover at 1779851532.8711803

2026-05-27 10:11:46,327 - __main__ - ERROR - Broadcast failed: Circuit breaker is OPEN. Will recover at 1779851532.8711803
Traceback (most recent call last):
  File "C:\Users\LENOVO\OneDrive\Desktop\JARKOM\main.py", line 361, in safe_broadcast_update
    message = broadcast_circuit_breaker.call(
  File "C:\Users\LENOVO\OneDrive\Desktop\JARKOM\main.py", line 86, in call
    raise Exception(f"Circuit breaker is OPEN. Will recover at {self.last_failure_time + self.recovery_timeout}")
Exception: Circuit breaker is OPEN. Will recover at 1779851532.8711803

2026-05-27 10:11:49,648 - __main__ - ERROR - Broadcast failed: Circuit breaker is OPEN. Will recover at 1779851532.8711803
Traceback (most recent call last):
  File "C:\Users\LENOVO\OneDrive\Desktop\JARKOM\main.py", line 361, in safe_broadcast_update
    message = broadcast_circuit_breaker.call(
  File "C:\Users\LENOVO\OneDrive\Desktop\JARKOM\main.py", line 86, in call
    raise Exception(f"Circuit breaker is OPEN. Will recover at {self.last_failure_time + self.recovery_timeout}")
Exception: Circuit breaker is OPEN. Will recover at 1779851532.8711803

2026-05-27 10:11:53,000 - __main__ - ERROR - Broadcast failed: Circuit breaker is OPEN. Will recover at 1779851532.8711803
Traceback (most recent call last):
  File "C:\Users\LENOVO\OneDrive\Desktop\JARKOM\main.py", line 361, in safe_broadcast_update
    message = broadcast_circuit_breaker.call(
  File "C:\Users\LENOVO\OneDrive\Desktop\JARKOM\main.py", line 86, in call
    raise Exception(f"Circuit breaker is OPEN. Will recover at {self.last_failure_time + self.recovery_timeout}")
Exception: Circuit breaker is OPEN. Will recover at 1779851532.8711803

2026-05-27 10:11:56,441 - __main__ - ERROR - Broadcast failed: Circuit breaker is OPEN. Will recover at 1779851532.8711803
Traceback (most recent call last):
  File "C:\Users\LENOVO\OneDrive\Desktop\JARKOM\main.py", line 361, in safe_broadcast_update
    message = broadcast_circuit_breaker.call(
  File "C:\Users\LENOVO\OneDrive\Desktop\JARKOM\main.py", line 86, in call
    raise Exception(f"Circuit breaker is OPEN. Will recover at {self.last_failure_time + self.recovery_timeout}")
Exception: Circuit breaker is OPEN. Will recover at 1779851532.8711803

2026-05-27 10:11:59,867 - __main__ - ERROR - Broadcast failed: Circuit breaker is OPEN. Will recover at 1779851532.8711803
Traceback (most recent call last):
  File "C:\Users\LENOVO\OneDrive\Desktop\JARKOM\main.py", line 361, in safe_broadcast_update
    message = broadcast_circuit_breaker.call(
  File "C:\Users\LENOVO\OneDrive\Desktop\JARKOM\main.py", line 86, in call
    raise Exception(f"Circuit breaker is OPEN. Will recover at {self.last_failure_time + self.recovery_timeout}")
Exception: Circuit breaker is OPEN. Will recover at 1779851532.8711803

2026-05-27 10:12:03,211 - __main__ - ERROR - Broadcast failed: Circuit breaker is OPEN. Will recover at 1779851532.8711803
Traceback (most recent call last):
  File "C:\Users\LENOVO\OneDrive\Desktop\JARKOM\main.py", line 361, in safe_broadcast_update
    message = broadcast_circuit_breaker.call(
  File "C:\Users\LENOVO\OneDrive\Desktop\JARKOM\main.py", line 86, in call
    raise Exception(f"Circuit breaker is OPEN. Will recover at {self.last_failure_time + self.recovery_timeout}")
Exception: Circuit breaker is OPEN. Will recover at 1779851532.8711803

2026-05-27 10:12:06,631 - __main__ - ERROR - Broadcast failed: Circuit breaker is OPEN. Will recover at 1779851532.8711803
Traceback (most recent call last):
  File "C:\Users\LENOVO\OneDrive\Desktop\JARKOM\main.py", line 361, in safe_broadcast_update
    message = broadcast_circuit_breaker.call(
  File "C:\Users\LENOVO\OneDrive\Desktop\JARKOM\main.py", line 86, in call
    raise Exception(f"Circuit breaker is OPEN. Will recover at {self.last_failure_time + self.recovery_timeout}")
Exception: Circuit breaker is OPEN. Will recover at 1779851532.8711803

2026-05-27 10:12:10,054 - __main__ - ERROR - Broadcast failed: Circuit breaker is OPEN. Will recover at 1779851532.8711803
Traceback (most recent call last):
  File "C:\Users\LENOVO\OneDrive\Desktop\JARKOM\main.py", line 361, in safe_broadcast_update
    message = broadcast_circuit_breaker.call(
  File "C:\Users\LENOVO\OneDrive\Desktop\JARKOM\main.py", line 86, in call
    raise Exception(f"Circuit breaker is OPEN. Will recover at {self.last_failure_time + self.recovery_timeout}")
Exception: Circuit breaker is OPEN. Will recover at 1779851532.8711803

2026-05-27 10:12:13,474 - __main__ - WARNING - Circuit breaker entering HALF_OPEN state
2026-05-27 10:12:13,474 - __main__ - ERROR - Circuit breaker failure #21: Object of type datetime is not JSON serializable
2026-05-27 10:12:13,476 - __main__ - ERROR - Circuit breaker OPENED after 21 failures
2026-05-27 10:12:13,478 - __main__ - ERROR - Broadcast failed: Object of type datetime is not JSON serializable
Traceback (most recent call last):
  File "C:\Users\LENOVO\OneDrive\Desktop\JARKOM\main.py", line 361, in safe_broadcast_update
    message = broadcast_circuit_breaker.call(
  File "C:\Users\LENOVO\OneDrive\Desktop\JARKOM\main.py", line 89, in call
    result = func(*args, **kwargs)
  File "C:\Users\LENOVO\AppData\Local\Programs\Python\Python310\lib\json\__init__.py", line 231, in dumps
    return _default_encoder.encode(obj)
  File "C:\Users\LENOVO\AppData\Local\Programs\Python\Python310\lib\json\encoder.py", line 199, in encode
    chunks = self.iterencode(o, _one_shot=True)
  File "C:\Users\LENOVO\AppData\Local\Programs\Python\Python310\lib\json\encoder.py", line 257, in iterencode
    return _iterencode(o, 0)
  File "C:\Users\LENOVO\AppData\Local\Programs\Python\Python310\lib\json\encoder.py", line 179, in default
    raise TypeError(f'Object of type {o.__class__.__name__} '
TypeError: Object of type datetime is not JSON serializable

2026-05-27 10:12:14,205 - __main__ - INFO - 📊 Stats - Uptime: 0:12:00.080503, Messages: 220, Failed: 0, Clients: 1, WS Connections: 1, Broadcast Failures: 219
2026-05-27 10:12:16,638 - __main__ - ERROR - Broadcast failed: Circuit breaker is OPEN. Will recover at 1779851593.474662
Traceback (most recent call last):
  File "C:\Users\LENOVO\OneDrive\Desktop\JARKOM\main.py", line 361, in safe_broadcast_update
    message = broadcast_circuit_breaker.call(
  File "C:\Users\LENOVO\OneDrive\Desktop\JARKOM\main.py", line 86, in call
    raise Exception(f"Circuit breaker is OPEN. Will recover at {self.last_failure_time + self.recovery_timeout}")
Exception: Circuit breaker is OPEN. Will recover at 1779851593.474662

2026-05-27 10:12:19,892 - __main__ - ERROR - Broadcast failed: Circuit breaker is OPEN. Will recover at 1779851593.474662
Traceback (most recent call last):
  File "C:\Users\LENOVO\OneDrive\Desktop\JARKOM\main.py", line 361, in safe_broadcast_update
    message = broadcast_circuit_breaker.call(
  File "C:\Users\LENOVO\OneDrive\Desktop\JARKOM\main.py", line 86, in call
    raise Exception(f"Circuit breaker is OPEN. Will recover at {self.last_failure_time + self.recovery_timeout}")
Exception: Circuit breaker is OPEN. Will recover at 1779851593.474662

2026-05-27 10:12:23,216 - __main__ - ERROR - Broadcast failed: Circuit breaker is OPEN. Will recover at 1779851593.474662
Traceback (most recent call last):
  File "C:\Users\LENOVO\OneDrive\Desktop\JARKOM\main.py", line 361, in safe_broadcast_update
    message = broadcast_circuit_breaker.call(
  File "C:\Users\LENOVO\OneDrive\Desktop\JARKOM\main.py", line 86, in call
    raise Exception(f"Circuit breaker is OPEN. Will recover at {self.last_failure_time + self.recovery_timeout}")
Exception: Circuit breaker is OPEN. Will recover at 1779851593.474662

2026-05-27 10:12:26,646 - __main__ - ERROR - Broadcast failed: Circuit breaker is OPEN. Will recover at 1779851593.474662
Traceback (most recent call last):
  File "C:\Users\LENOVO\OneDrive\Desktop\JARKOM\main.py", line 361, in safe_broadcast_update
    message = broadcast_circuit_breaker.call(
  File "C:\Users\LENOVO\OneDrive\Desktop\JARKOM\main.py", line 86, in call
    raise Exception(f"Circuit breaker is OPEN. Will recover at {self.last_failure_time + self.recovery_timeout}")
Exception: Circuit breaker is OPEN. Will recover at 1779851593.474662

2026-05-27 10:12:30,090 - __main__ - ERROR - Broadcast failed: Circuit breaker is OPEN. Will recover at 1779851593.474662
Traceback (most recent call last):
  File "C:\Users\LENOVO\OneDrive\Desktop\JARKOM\main.py", line 361, in safe_broadcast_update
    message = broadcast_circuit_breaker.call(
  File "C:\Users\LENOVO\OneDrive\Desktop\JARKOM\main.py", line 86, in call
    raise Exception(f"Circuit breaker is OPEN. Will recover at {self.last_failure_time + self.recovery_timeout}")
Exception: Circuit breaker is OPEN. Will recover at 1779851593.474662

2026-05-27 10:12:33,596 - __main__ - ERROR - Broadcast failed: Circuit breaker is OPEN. Will recover at 1779851593.474662
Traceback (most recent call last):
  File "C:\Users\LENOVO\OneDrive\Desktop\JARKOM\main.py", line 361, in safe_broadcast_update
    message = broadcast_circuit_breaker.call(
  File "C:\Users\LENOVO\OneDrive\Desktop\JARKOM\main.py", line 86, in call
    raise Exception(f"Circuit breaker is OPEN. Will recover at {self.last_failure_time + self.recovery_timeout}")
Exception: Circuit breaker is OPEN. Will recover at 1779851593.474662

2026-05-27 10:12:37,011 - __main__ - ERROR - Broadcast failed: Circuit breaker is OPEN. Will recover at 1779851593.474662
Traceback (most recent call last):
  File "C:\Users\LENOVO\OneDrive\Desktop\JARKOM\main.py", line 361, in safe_broadcast_update
    message = broadcast_circuit_breaker.call(
  File "C:\Users\LENOVO\OneDrive\Desktop\JARKOM\main.py", line 86, in call
    raise Exception(f"Circuit breaker is OPEN. Will recover at {self.last_failure_time + self.recovery_timeout}")
Exception: Circuit breaker is OPEN. Will recover at 1779851593.474662

2026-05-27 10:12:40,325 - __main__ - ERROR - Broadcast failed: Circuit breaker is OPEN. Will recover at 1779851593.474662
Traceback (most recent call last):
  File "C:\Users\LENOVO\OneDrive\Desktop\JARKOM\main.py", line 361, in safe_broadcast_update
    message = broadcast_circuit_breaker.call(
  File "C:\Users\LENOVO\OneDrive\Desktop\JARKOM\main.py", line 86, in call
    raise Exception(f"Circuit breaker is OPEN. Will recover at {self.last_failure_time + self.recovery_timeout}")
Exception: Circuit breaker is OPEN. Will recover at 1779851593.474662

2026-05-27 10:12:43,796 - __main__ - ERROR - Broadcast failed: Circuit breaker is OPEN. Will recover at 1779851593.474662
Traceback (most recent call last):
  File "C:\Users\LENOVO\OneDrive\Desktop\JARKOM\main.py", line 361, in safe_broadcast_update
    message = broadcast_circuit_breaker.call(
  File "C:\Users\LENOVO\OneDrive\Desktop\JARKOM\main.py", line 86, in call
    raise Exception(f"Circuit breaker is OPEN. Will recover at {self.last_failure_time + self.recovery_timeout}")
Exception: Circuit breaker is OPEN. Will recover at 1779851593.474662

2026-05-27 10:12:47,234 - __main__ - ERROR - Broadcast failed: Circuit breaker is OPEN. Will recover at 1779851593.474662
Traceback (most recent call last):
  File "C:\Users\LENOVO\OneDrive\Desktop\JARKOM\main.py", line 361, in safe_broadcast_update
    message = broadcast_circuit_breaker.call(
  File "C:\Users\LENOVO\OneDrive\Desktop\JARKOM\main.py", line 86, in call
    raise Exception(f"Circuit breaker is OPEN. Will recover at {self.last_failure_time + self.recovery_timeout}")
Exception: Circuit breaker is OPEN. Will recover at 1779851593.474662

2026-05-27 10:12:50,689 - __main__ - ERROR - Broadcast failed: Circuit breaker is OPEN. Will recover at 1779851593.474662
Traceback (most recent call last):
  File "C:\Users\LENOVO\OneDrive\Desktop\JARKOM\main.py", line 361, in safe_broadcast_update
    message = broadcast_circuit_breaker.call(
  File "C:\Users\LENOVO\OneDrive\Desktop\JARKOM\main.py", line 86, in call
    raise Exception(f"Circuit breaker is OPEN. Will recover at {self.last_failure_time + self.recovery_timeout}")
Exception: Circuit breaker is OPEN. Will recover at 1779851593.474662

2026-05-27 10:12:54,156 - __main__ - ERROR - Broadcast failed: Circuit breaker is OPEN. Will recover at 1779851593.474662
Traceback (most recent call last):
  File "C:\Users\LENOVO\OneDrive\Desktop\JARKOM\main.py", line 361, in safe_broadcast_update
    message = broadcast_circuit_breaker.call(
  File "C:\Users\LENOVO\OneDrive\Desktop\JARKOM\main.py", line 86, in call
    raise Exception(f"Circuit breaker is OPEN. Will recover at {self.last_failure_time + self.recovery_timeout}")
Exception: Circuit breaker is OPEN. Will recover at 1779851593.474662

2026-05-27 10:12:57,600 - __main__ - ERROR - Broadcast failed: Circuit breaker is OPEN. Will recover at 1779851593.474662
Traceback (most recent call last):
  File "C:\Users\LENOVO\OneDrive\Desktop\JARKOM\main.py", line 361, in safe_broadcast_update
    message = broadcast_circuit_breaker.call(
  File "C:\Users\LENOVO\OneDrive\Desktop\JARKOM\main.py", line 86, in call
    raise Exception(f"Circuit breaker is OPEN. Will recover at {self.last_failure_time + self.recovery_timeout}")
Exception: Circuit breaker is OPEN. Will recover at 1779851593.474662

2026-05-27 10:13:00,942 - __main__ - ERROR - Broadcast failed: Circuit breaker is OPEN. Will recover at 1779851593.474662
Traceback (most recent call last):
  File "C:\Users\LENOVO\OneDrive\Desktop\JARKOM\main.py", line 361, in safe_broadcast_update
    message = broadcast_circuit_breaker.call(
  File "C:\Users\LENOVO\OneDrive\Desktop\JARKOM\main.py", line 86, in call
    raise Exception(f"Circuit breaker is OPEN. Will recover at {self.last_failure_time + self.recovery_timeout}")
Exception: Circuit breaker is OPEN. Will recover at 1779851593.474662

2026-05-27 10:13:04,187 - __main__ - ERROR - Broadcast failed: Circuit breaker is OPEN. Will recover at 1779851593.474662
Traceback (most recent call last):
  File "C:\Users\LENOVO\OneDrive\Desktop\JARKOM\main.py", line 361, in safe_broadcast_update
    message = broadcast_circuit_breaker.call(
  File "C:\Users\LENOVO\OneDrive\Desktop\JARKOM\main.py", line 86, in call
    raise Exception(f"Circuit breaker is OPEN. Will recover at {self.last_failure_time + self.recovery_timeout}")
Exception: Circuit breaker is OPEN. Will recover at 1779851593.474662

2026-05-27 10:13:07,499 - __main__ - ERROR - Broadcast failed: Circuit breaker is OPEN. Will recover at 1779851593.474662
Traceback (most recent call last):
  File "C:\Users\LENOVO\OneDrive\Desktop\JARKOM\main.py", line 361, in safe_broadcast_update
    message = broadcast_circuit_breaker.call(
  File "C:\Users\LENOVO\OneDrive\Desktop\JARKOM\main.py", line 86, in call
    raise Exception(f"Circuit breaker is OPEN. Will recover at {self.last_failure_time + self.recovery_timeout}")
Exception: Circuit breaker is OPEN. Will recover at 1779851593.474662

2026-05-27 10:13:10,934 - __main__ - ERROR - Broadcast failed: Circuit breaker is OPEN. Will recover at 1779851593.474662
Traceback (most recent call last):
  File "C:\Users\LENOVO\OneDrive\Desktop\JARKOM\main.py", line 361, in safe_broadcast_update
    message = broadcast_circuit_breaker.call(
  File "C:\Users\LENOVO\OneDrive\Desktop\JARKOM\main.py", line 86, in call
    raise Exception(f"Circuit breaker is OPEN. Will recover at {self.last_failure_time + self.recovery_timeout}")
Exception: Circuit breaker is OPEN. Will recover at 1779851593.474662

2026-05-27 10:13:14,211 - __main__ - INFO - 📊 Stats - Uptime: 0:13:00.086377, Messages: 237, Failed: 0, Clients: 1, WS Connections: 1, Broadcast Failures: 236
2026-05-27 10:13:14,267 - __main__ - WARNING - Circuit breaker entering HALF_OPEN state
2026-05-27 10:13:14,274 - __main__ - ERROR - Circuit breaker failure #22: Object of type datetime is not JSON serializable
2026-05-27 10:13:14,274 - __main__ - ERROR - Circuit breaker OPENED after 22 failures
2026-05-27 10:13:14,274 - __main__ - ERROR - Broadcast failed: Object of type datetime is not JSON serializable
Traceback (most recent call last):
  File "C:\Users\LENOVO\OneDrive\Desktop\JARKOM\main.py", line 361, in safe_broadcast_update
    message = broadcast_circuit_breaker.call(
  File "C:\Users\LENOVO\OneDrive\Desktop\JARKOM\main.py", line 89, in call
    result = func(*args, **kwargs)
  File "C:\Users\LENOVO\AppData\Local\Programs\Python\Python310\lib\json\__init__.py", line 231, in dumps
    return _default_encoder.encode(obj)
  File "C:\Users\LENOVO\AppData\Local\Programs\Python\Python310\lib\json\encoder.py", line 199, in encode
    chunks = self.iterencode(o, _one_shot=True)
  File "C:\Users\LENOVO\AppData\Local\Programs\Python\Python310\lib\json\encoder.py", line 257, in iterencode
    return _iterencode(o, 0)
  File "C:\Users\LENOVO\AppData\Local\Programs\Python\Python310\lib\json\encoder.py", line 179, in default
    raise TypeError(f'Object of type {o.__class__.__name__} '
TypeError: Object of type datetime is not JSON serializable

2026-05-27 10:13:17,697 - __main__ - ERROR - Broadcast failed: Circuit breaker is OPEN. Will recover at 1779851654.274887
Traceback (most recent call last):
  File "C:\Users\LENOVO\OneDrive\Desktop\JARKOM\main.py", line 361, in safe_broadcast_update
    message = broadcast_circuit_breaker.call(
  File "C:\Users\LENOVO\OneDrive\Desktop\JARKOM\main.py", line 86, in call
    raise Exception(f"Circuit breaker is OPEN. Will recover at {self.last_failure_time + self.recovery_timeout}")
Exception: Circuit breaker is OPEN. Will recover at 1779851654.274887

2026-05-27 10:13:21,045 - __main__ - ERROR - Broadcast failed: Circuit breaker is OPEN. Will recover at 1779851654.274887
Traceback (most recent call last):
  File "C:\Users\LENOVO\OneDrive\Desktop\JARKOM\main.py", line 361, in safe_broadcast_update
    message = broadcast_circuit_breaker.call(
  File "C:\Users\LENOVO\OneDrive\Desktop\JARKOM\main.py", line 86, in call
    raise Exception(f"Circuit breaker is OPEN. Will recover at {self.last_failure_time + self.recovery_timeout}")
Exception: Circuit breaker is OPEN. Will recover at 1779851654.274887

2026-05-27 10:13:24,404 - __main__ - ERROR - Broadcast failed: Circuit breaker is OPEN. Will recover at 1779851654.274887
Traceback (most recent call last):
  File "C:\Users\LENOVO\OneDrive\Desktop\JARKOM\main.py", line 361, in safe_broadcast_update
    message = broadcast_circuit_breaker.call(
  File "C:\Users\LENOVO\OneDrive\Desktop\JARKOM\main.py", line 86, in call
    raise Exception(f"Circuit breaker is OPEN. Will recover at {self.last_failure_time + self.recovery_timeout}")
Exception: Circuit breaker is OPEN. Will recover at 1779851654.274887

2026-05-27 10:13:27,755 - __main__ - ERROR - Broadcast failed: Circuit breaker is OPEN. Will recover at 1779851654.274887
Traceback (most recent call last):
  File "C:\Users\LENOVO\OneDrive\Desktop\JARKOM\main.py", line 361, in safe_broadcast_update
    message = broadcast_circuit_breaker.call(
  File "C:\Users\LENOVO\OneDrive\Desktop\JARKOM\main.py", line 86, in call
    raise Exception(f"Circuit breaker is OPEN. Will recover at {self.last_failure_time + self.recovery_timeout}")
Exception: Circuit breaker is OPEN. Will recover at 1779851654.274887

2026-05-27 10:13:31,225 - __main__ - ERROR - Broadcast failed: Circuit breaker is OPEN. Will recover at 1779851654.274887
Traceback (most recent call last):
  File "C:\Users\LENOVO\OneDrive\Desktop\JARKOM\main.py", line 361, in safe_broadcast_update
    message = broadcast_circuit_breaker.call(
  File "C:\Users\LENOVO\OneDrive\Desktop\JARKOM\main.py", line 86, in call
    raise Exception(f"Circuit breaker is OPEN. Will recover at {self.last_failure_time + self.recovery_timeout}")
Exception: Circuit breaker is OPEN. Will recover at 1779851654.274887

2026-05-27 10:13:34,586 - __main__ - ERROR - Broadcast failed: Circuit breaker is OPEN. Will recover at 1779851654.274887
Traceback (most recent call last):
  File "C:\Users\LENOVO\OneDrive\Desktop\JARKOM\main.py", line 361, in safe_broadcast_update
    message = broadcast_circuit_breaker.call(
  File "C:\Users\LENOVO\OneDrive\Desktop\JARKOM\main.py", line 86, in call
    raise Exception(f"Circuit breaker is OPEN. Will recover at {self.last_failure_time + self.recovery_timeout}")
Exception: Circuit breaker is OPEN. Will recover at 1779851654.274887

2026-05-27 10:13:37,942 - __main__ - ERROR - Broadcast failed: Circuit breaker is OPEN. Will recover at 1779851654.274887
Traceback (most recent call last):
  File "C:\Users\LENOVO\OneDrive\Desktop\JARKOM\main.py", line 361, in safe_broadcast_update
    message = broadcast_circuit_breaker.call(
  File "C:\Users\LENOVO\OneDrive\Desktop\JARKOM\main.py", line 86, in call
    raise Exception(f"Circuit breaker is OPEN. Will recover at {self.last_failure_time + self.recovery_timeout}")
Exception: Circuit breaker is OPEN. Will recover at 1779851654.274887

2026-05-27 10:13:41,298 - __main__ - ERROR - Broadcast failed: Circuit breaker is OPEN. Will recover at 1779851654.274887
Traceback (most recent call last):
  File "C:\Users\LENOVO\OneDrive\Desktop\JARKOM\main.py", line 361, in safe_broadcast_update
    message = broadcast_circuit_breaker.call(
  File "C:\Users\LENOVO\OneDrive\Desktop\JARKOM\main.py", line 86, in call
    raise Exception(f"Circuit breaker is OPEN. Will recover at {self.last_failure_time + self.recovery_timeout}")
Exception: Circuit breaker is OPEN. Will recover at 1779851654.274887

2026-05-27 10:13:44,754 - __main__ - ERROR - Broadcast failed: Circuit breaker is OPEN. Will recover at 1779851654.274887
Traceback (most recent call last):
  File "C:\Users\LENOVO\OneDrive\Desktop\JARKOM\main.py", line 361, in safe_broadcast_update
    message = broadcast_circuit_breaker.call(
  File "C:\Users\LENOVO\OneDrive\Desktop\JARKOM\main.py", line 86, in call
    raise Exception(f"Circuit breaker is OPEN. Will recover at {self.last_failure_time + self.recovery_timeout}")
Exception: Circuit breaker is OPEN. Will recover at 1779851654.274887

2026-05-27 10:13:48,220 - __main__ - ERROR - Broadcast failed: Circuit breaker is OPEN. Will recover at 1779851654.274887
Traceback (most recent call last):
  File "C:\Users\LENOVO\OneDrive\Desktop\JARKOM\main.py", line 361, in safe_broadcast_update
    message = broadcast_circuit_breaker.call(
  File "C:\Users\LENOVO\OneDrive\Desktop\JARKOM\main.py", line 86, in call
    raise Exception(f"Circuit breaker is OPEN. Will recover at {self.last_failure_time + self.recovery_timeout}")
Exception: Circuit breaker is OPEN. Will recover at 1779851654.274887

2026-05-27 10:13:51,540 - __main__ - ERROR - Broadcast failed: Circuit breaker is OPEN. Will recover at 1779851654.274887
Traceback (most recent call last):
  File "C:\Users\LENOVO\OneDrive\Desktop\JARKOM\main.py", line 361, in safe_broadcast_update
    message = broadcast_circuit_breaker.call(
  File "C:\Users\LENOVO\OneDrive\Desktop\JARKOM\main.py", line 86, in call
    raise Exception(f"Circuit breaker is OPEN. Will recover at {self.last_failure_time + self.recovery_timeout}")
Exception: Circuit breaker is OPEN. Will recover at 1779851654.274887

2026-05-27 10:13:54,847 - __main__ - ERROR - Broadcast failed: Circuit breaker is OPEN. Will recover at 1779851654.274887
Traceback (most recent call last):
  File "C:\Users\LENOVO\OneDrive\Desktop\JARKOM\main.py", line 361, in safe_broadcast_update
    message = broadcast_circuit_breaker.call(
  File "C:\Users\LENOVO\OneDrive\Desktop\JARKOM\main.py", line 86, in call
    raise Exception(f"Circuit breaker is OPEN. Will recover at {self.last_failure_time + self.recovery_timeout}")
Exception: Circuit breaker is OPEN. Will recover at 1779851654.274887

2026-05-27 10:13:58,199 - __main__ - ERROR - Broadcast failed: Circuit breaker is OPEN. Will recover at 1779851654.274887
Traceback (most recent call last):
  File "C:\Users\LENOVO\OneDrive\Desktop\JARKOM\main.py", line 361, in safe_broadcast_update
    message = broadcast_circuit_breaker.call(
  File "C:\Users\LENOVO\OneDrive\Desktop\JARKOM\main.py", line 86, in call
    raise Exception(f"Circuit breaker is OPEN. Will recover at {self.last_failure_time + self.recovery_timeout}")
Exception: Circuit breaker is OPEN. Will recover at 1779851654.274887

2026-05-27 10:14:01,554 - __main__ - ERROR - Broadcast failed: Circuit breaker is OPEN. Will recover at 1779851654.274887
Traceback (most recent call last):
  File "C:\Users\LENOVO\OneDrive\Desktop\JARKOM\main.py", line 361, in safe_broadcast_update
    message = broadcast_circuit_breaker.call(
  File "C:\Users\LENOVO\OneDrive\Desktop\JARKOM\main.py", line 86, in call
    raise Exception(f"Circuit breaker is OPEN. Will recover at {self.last_failure_time + self.recovery_timeout}")
Exception: Circuit breaker is OPEN. Will recover at 1779851654.274887

2026-05-27 10:14:04,881 - __main__ - ERROR - Broadcast failed: Circuit breaker is OPEN. Will recover at 1779851654.274887
Traceback (most recent call last):
  File "C:\Users\LENOVO\OneDrive\Desktop\JARKOM\main.py", line 361, in safe_broadcast_update
    message = broadcast_circuit_breaker.call(
  File "C:\Users\LENOVO\OneDrive\Desktop\JARKOM\main.py", line 86, in call
    raise Exception(f"Circuit breaker is OPEN. Will recover at {self.last_failure_time + self.recovery_timeout}")
Exception: Circuit breaker is OPEN. Will recover at 1779851654.274887

2026-05-27 10:14:08,225 - __main__ - ERROR - Broadcast failed: Circuit breaker is OPEN. Will recover at 1779851654.274887
Traceback (most recent call last):
  File "C:\Users\LENOVO\OneDrive\Desktop\JARKOM\main.py", line 361, in safe_broadcast_update
    message = broadcast_circuit_breaker.call(
  File "C:\Users\LENOVO\OneDrive\Desktop\JARKOM\main.py", line 86, in call
    raise Exception(f"Circuit breaker is OPEN. Will recover at {self.last_failure_time + self.recovery_timeout}")
Exception: Circuit breaker is OPEN. Will recover at 1779851654.274887

2026-05-27 10:14:11,590 - __main__ - ERROR - Broadcast failed: Circuit breaker is OPEN. Will recover at 1779851654.274887
Traceback (most recent call last):
  File "C:\Users\LENOVO\OneDrive\Desktop\JARKOM\main.py", line 361, in safe_broadcast_update
    message = broadcast_circuit_breaker.call(
  File "C:\Users\LENOVO\OneDrive\Desktop\JARKOM\main.py", line 86, in call
    raise Exception(f"Circuit breaker is OPEN. Will recover at {self.last_failure_time + self.recovery_timeout}")
Exception: Circuit breaker is OPEN. Will recover at 1779851654.274887

2026-05-27 10:14:14,224 - __main__ - INFO - 📊 Stats - Uptime: 0:14:00.099720, Messages: 255, Failed: 0, Clients: 1, WS Connections: 1, Broadcast Failures: 254
2026-05-27 10:14:15,042 - __main__ - WARNING - Circuit breaker entering HALF_OPEN state
2026-05-27 10:14:15,042 - __main__ - ERROR - Circuit breaker failure #23: Object of type datetime is not JSON serializable
2026-05-27 10:14:15,042 - __main__ - ERROR - Circuit breaker OPENED after 23 failures
2026-05-27 10:14:15,044 - __main__ - ERROR - Broadcast failed: Object of type datetime is not JSON serializable
Traceback (most recent call last):
  File "C:\Users\LENOVO\OneDrive\Desktop\JARKOM\main.py", line 361, in safe_broadcast_update
    message = broadcast_circuit_breaker.call(
  File "C:\Users\LENOVO\OneDrive\Desktop\JARKOM\main.py", line 89, in call
    result = func(*args, **kwargs)
  File "C:\Users\LENOVO\AppData\Local\Programs\Python\Python310\lib\json\__init__.py", line 231, in dumps
    return _default_encoder.encode(obj)
  File "C:\Users\LENOVO\AppData\Local\Programs\Python\Python310\lib\json\encoder.py", line 199, in encode
    chunks = self.iterencode(o, _one_shot=True)
  File "C:\Users\LENOVO\AppData\Local\Programs\Python\Python310\lib\json\encoder.py", line 257, in iterencode
    return _iterencode(o, 0)
  File "C:\Users\LENOVO\AppData\Local\Programs\Python\Python310\lib\json\encoder.py", line 179, in default
    raise TypeError(f'Object of type {o.__class__.__name__} '
TypeError: Object of type datetime is not JSON serializable

2026-05-27 10:14:18,367 - __main__ - ERROR - Broadcast failed: Circuit breaker is OPEN. Will recover at 1779851715.0423894
Traceback (most recent call last):
  File "C:\Users\LENOVO\OneDrive\Desktop\JARKOM\main.py", line 361, in safe_broadcast_update
    message = broadcast_circuit_breaker.call(
  File "C:\Users\LENOVO\OneDrive\Desktop\JARKOM\main.py", line 86, in call
    raise Exception(f"Circuit breaker is OPEN. Will recover at {self.last_failure_time + self.recovery_timeout}")
Exception: Circuit breaker is OPEN. Will recover at 1779851715.0423894

2026-05-27 10:14:21,836 - __main__ - ERROR - Broadcast failed: Circuit breaker is OPEN. Will recover at 1779851715.0423894
Traceback (most recent call last):
  File "C:\Users\LENOVO\OneDrive\Desktop\JARKOM\main.py", line 361, in safe_broadcast_update
    message = broadcast_circuit_breaker.call(
  File "C:\Users\LENOVO\OneDrive\Desktop\JARKOM\main.py", line 86, in call
    raise Exception(f"Circuit breaker is OPEN. Will recover at {self.last_failure_time + self.recovery_timeout}")
Exception: Circuit breaker is OPEN. Will recover at 1779851715.0423894

2026-05-27 10:14:25,079 - __main__ - ERROR - Broadcast failed: Circuit breaker is OPEN. Will recover at 1779851715.0423894
Traceback (most recent call last):
  File "C:\Users\LENOVO\OneDrive\Desktop\JARKOM\main.py", line 361, in safe_broadcast_update
    message = broadcast_circuit_breaker.call(
  File "C:\Users\LENOVO\OneDrive\Desktop\JARKOM\main.py", line 86, in call
    raise Exception(f"Circuit breaker is OPEN. Will recover at {self.last_failure_time + self.recovery_timeout}")
Exception: Circuit breaker is OPEN. Will recover at 1779851715.0423894

2026-05-27 10:14:28,322 - __main__ - ERROR - Broadcast failed: Circuit breaker is OPEN. Will recover at 1779851715.0423894
Traceback (most recent call last):
  File "C:\Users\LENOVO\OneDrive\Desktop\JARKOM\main.py", line 361, in safe_broadcast_update
    message = broadcast_circuit_breaker.call(
  File "C:\Users\LENOVO\OneDrive\Desktop\JARKOM\main.py", line 86, in call
    raise Exception(f"Circuit breaker is OPEN. Will recover at {self.last_failure_time + self.recovery_timeout}")
Exception: Circuit breaker is OPEN. Will recover at 1779851715.0423894

2026-05-27 10:14:31,674 - __main__ - ERROR - Broadcast failed: Circuit breaker is OPEN. Will recover at 1779851715.0423894
Traceback (most recent call last):
  File "C:\Users\LENOVO\OneDrive\Desktop\JARKOM\main.py", line 361, in safe_broadcast_update
    message = broadcast_circuit_breaker.call(
  File "C:\Users\LENOVO\OneDrive\Desktop\JARKOM\main.py", line 86, in call
    raise Exception(f"Circuit breaker is OPEN. Will recover at {self.last_failure_time + self.recovery_timeout}")
Exception: Circuit breaker is OPEN. Will recover at 1779851715.0423894

2026-05-27 10:14:35,018 - __main__ - ERROR - Broadcast failed: Circuit breaker is OPEN. Will recover at 1779851715.0423894
Traceback (most recent call last):
  File "C:\Users\LENOVO\OneDrive\Desktop\JARKOM\main.py", line 361, in safe_broadcast_update
    message = broadcast_circuit_breaker.call(
  File "C:\Users\LENOVO\OneDrive\Desktop\JARKOM\main.py", line 86, in call
    raise Exception(f"Circuit breaker is OPEN. Will recover at {self.last_failure_time + self.recovery_timeout}")
Exception: Circuit breaker is OPEN. Will recover at 1779851715.0423894

2026-05-27 10:14:38,376 - __main__ - ERROR - Broadcast failed: Circuit breaker is OPEN. Will recover at 1779851715.0423894
Traceback (most recent call last):
  File "C:\Users\LENOVO\OneDrive\Desktop\JARKOM\main.py", line 361, in safe_broadcast_update
    message = broadcast_circuit_breaker.call(
  File "C:\Users\LENOVO\OneDrive\Desktop\JARKOM\main.py", line 86, in call
    raise Exception(f"Circuit breaker is OPEN. Will recover at {self.last_failure_time + self.recovery_timeout}")
Exception: Circuit breaker is OPEN. Will recover at 1779851715.0423894

2026-05-27 10:14:41,744 - __main__ - ERROR - Broadcast failed: Circuit breaker is OPEN. Will recover at 1779851715.0423894
Traceback (most recent call last):
  File "C:\Users\LENOVO\OneDrive\Desktop\JARKOM\main.py", line 361, in safe_broadcast_update
    message = broadcast_circuit_breaker.call(
  File "C:\Users\LENOVO\OneDrive\Desktop\JARKOM\main.py", line 86, in call
    raise Exception(f"Circuit breaker is OPEN. Will recover at {self.last_failure_time + self.recovery_timeout}")
Exception: Circuit breaker is OPEN. Will recover at 1779851715.0423894

2026-05-27 10:14:45,218 - __main__ - ERROR - Broadcast failed: Circuit breaker is OPEN. Will recover at 1779851715.0423894
Traceback (most recent call last):
  File "C:\Users\LENOVO\OneDrive\Desktop\JARKOM\main.py", line 361, in safe_broadcast_update
    message = broadcast_circuit_breaker.call(
  File "C:\Users\LENOVO\OneDrive\Desktop\JARKOM\main.py", line 86, in call
    raise Exception(f"Circuit breaker is OPEN. Will recover at {self.last_failure_time + self.recovery_timeout}")
Exception: Circuit breaker is OPEN. Will recover at 1779851715.0423894

2026-05-27 10:14:48,558 - __main__ - ERROR - Broadcast failed: Circuit breaker is OPEN. Will recover at 1779851715.0423894
Traceback (most recent call last):
  File "C:\Users\LENOVO\OneDrive\Desktop\JARKOM\main.py", line 361, in safe_broadcast_update
    message = broadcast_circuit_breaker.call(
  File "C:\Users\LENOVO\OneDrive\Desktop\JARKOM\main.py", line 86, in call
    raise Exception(f"Circuit breaker is OPEN. Will recover at {self.last_failure_time + self.recovery_timeout}")
Exception: Circuit breaker is OPEN. Will recover at 1779851715.0423894

2026-05-27 10:14:52,148 - __main__ - ERROR - Broadcast failed: Circuit breaker is OPEN. Will recover at 1779851715.0423894
Traceback (most recent call last):
  File "C:\Users\LENOVO\OneDrive\Desktop\JARKOM\main.py", line 361, in safe_broadcast_update
    message = broadcast_circuit_breaker.call(
  File "C:\Users\LENOVO\OneDrive\Desktop\JARKOM\main.py", line 86, in call
    raise Exception(f"Circuit breaker is OPEN. Will recover at {self.last_failure_time + self.recovery_timeout}")
Exception: Circuit breaker is OPEN. Will recover at 1779851715.0423894

2026-05-27 10:14:55,522 - __main__ - ERROR - Broadcast failed: Circuit breaker is OPEN. Will recover at 1779851715.0423894
Traceback (most recent call last):
  File "C:\Users\LENOVO\OneDrive\Desktop\JARKOM\main.py", line 361, in safe_broadcast_update
    message = broadcast_circuit_breaker.call(
  File "C:\Users\LENOVO\OneDrive\Desktop\JARKOM\main.py", line 86, in call
    raise Exception(f"Circuit breaker is OPEN. Will recover at {self.last_failure_time + self.recovery_timeout}")
Exception: Circuit breaker is OPEN. Will recover at 1779851715.0423894

2026-05-27 10:14:58,900 - __main__ - ERROR - Broadcast failed: Circuit breaker is OPEN. Will recover at 1779851715.0423894
Traceback (most recent call last):
  File "C:\Users\LENOVO\OneDrive\Desktop\JARKOM\main.py", line 361, in safe_broadcast_update
    message = broadcast_circuit_breaker.call(
  File "C:\Users\LENOVO\OneDrive\Desktop\JARKOM\main.py", line 86, in call
    raise Exception(f"Circuit breaker is OPEN. Will recover at {self.last_failure_time + self.recovery_timeout}")
Exception: Circuit breaker is OPEN. Will recover at 1779851715.0423894

2026-05-27 10:15:02,237 - __main__ - ERROR - Broadcast failed: Circuit breaker is OPEN. Will recover at 1779851715.0423894
Traceback (most recent call last):
  File "C:\Users\LENOVO\OneDrive\Desktop\JARKOM\main.py", line 361, in safe_broadcast_update
    message = broadcast_circuit_breaker.call(
  File "C:\Users\LENOVO\OneDrive\Desktop\JARKOM\main.py", line 86, in call
    raise Exception(f"Circuit breaker is OPEN. Will recover at {self.last_failure_time + self.recovery_timeout}")
Exception: Circuit breaker is OPEN. Will recover at 1779851715.0423894

2026-05-27 10:15:05,461 - __main__ - ERROR - Broadcast failed: Circuit breaker is OPEN. Will recover at 1779851715.0423894
Traceback (most recent call last):
  File "C:\Users\LENOVO\OneDrive\Desktop\JARKOM\main.py", line 361, in safe_broadcast_update
    message = broadcast_circuit_breaker.call(
  File "C:\Users\LENOVO\OneDrive\Desktop\JARKOM\main.py", line 86, in call
    raise Exception(f"Circuit breaker is OPEN. Will recover at {self.last_failure_time + self.recovery_timeout}")
Exception: Circuit breaker is OPEN. Will recover at 1779851715.0423894

2026-05-27 10:15:08,690 - __main__ - ERROR - Broadcast failed: Circuit breaker is OPEN. Will recover at 1779851715.0423894
Traceback (most recent call last):
  File "C:\Users\LENOVO\OneDrive\Desktop\JARKOM\main.py", line 361, in safe_broadcast_update
    message = broadcast_circuit_breaker.call(
  File "C:\Users\LENOVO\OneDrive\Desktop\JARKOM\main.py", line 86, in call
    raise Exception(f"Circuit breaker is OPEN. Will recover at {self.last_failure_time + self.recovery_timeout}")
Exception: Circuit breaker is OPEN. Will recover at 1779851715.0423894

2026-05-27 10:15:11,905 - __main__ - ERROR - Broadcast failed: Circuit breaker is OPEN. Will recover at 1779851715.0423894
Traceback (most recent call last):
  File "C:\Users\LENOVO\OneDrive\Desktop\JARKOM\main.py", line 361, in safe_broadcast_update
    message = broadcast_circuit_breaker.call(
  File "C:\Users\LENOVO\OneDrive\Desktop\JARKOM\main.py", line 86, in call
    raise Exception(f"Circuit breaker is OPEN. Will recover at {self.last_failure_time + self.recovery_timeout}")
Exception: Circuit breaker is OPEN. Will recover at 1779851715.0423894

2026-05-27 10:15:14,213 - __main__ - INFO - 📊 Stats - Uptime: 0:15:00.088537, Messages: 273, Failed: 0, Clients: 1, WS Connections: 1, Broadcast Failures: 272
2026-05-27 10:15:15,138 - __main__ - WARNING - Circuit breaker entering HALF_OPEN state
2026-05-27 10:15:15,138 - __main__ - ERROR - Circuit breaker failure #24: Object of type datetime is not JSON serializable
2026-05-27 10:15:15,138 - __main__ - ERROR - Circuit breaker OPENED after 24 failures
2026-05-27 10:15:15,138 - __main__ - ERROR - Broadcast failed: Object of type datetime is not JSON serializable
Traceback (most recent call last):
  File "C:\Users\LENOVO\OneDrive\Desktop\JARKOM\main.py", line 361, in safe_broadcast_update
    message = broadcast_circuit_breaker.call(
  File "C:\Users\LENOVO\OneDrive\Desktop\JARKOM\main.py", line 89, in call
    result = func(*args, **kwargs)
  File "C:\Users\LENOVO\AppData\Local\Programs\Python\Python310\lib\json\__init__.py", line 231, in dumps
    return _default_encoder.encode(obj)
  File "C:\Users\LENOVO\AppData\Local\Programs\Python\Python310\lib\json\encoder.py", line 199, in encode
    chunks = self.iterencode(o, _one_shot=True)
  File "C:\Users\LENOVO\AppData\Local\Programs\Python\Python310\lib\json\encoder.py", line 257, in iterencode
    return _iterencode(o, 0)
  File "C:\Users\LENOVO\AppData\Local\Programs\Python\Python310\lib\json\encoder.py", line 179, in default
    raise TypeError(f'Object of type {o.__class__.__name__} '
TypeError: Object of type datetime is not JSON serializable

2026-05-27 10:15:18,502 - __main__ - ERROR - Broadcast failed: Circuit breaker is OPEN. Will recover at 1779851775.1387367
Traceback (most recent call last):
  File "C:\Users\LENOVO\OneDrive\Desktop\JARKOM\main.py", line 361, in safe_broadcast_update
    message = broadcast_circuit_breaker.call(
  File "C:\Users\LENOVO\OneDrive\Desktop\JARKOM\main.py", line 86, in call
    raise Exception(f"Circuit breaker is OPEN. Will recover at {self.last_failure_time + self.recovery_timeout}")
Exception: Circuit breaker is OPEN. Will recover at 1779851775.1387367

2026-05-27 10:15:21,819 - __main__ - ERROR - Broadcast failed: Circuit breaker is OPEN. Will recover at 1779851775.1387367
Traceback (most recent call last):
  File "C:\Users\LENOVO\OneDrive\Desktop\JARKOM\main.py", line 361, in safe_broadcast_update
    message = broadcast_circuit_breaker.call(
  File "C:\Users\LENOVO\OneDrive\Desktop\JARKOM\main.py", line 86, in call
    raise Exception(f"Circuit breaker is OPEN. Will recover at {self.last_failure_time + self.recovery_timeout}")
Exception: Circuit breaker is OPEN. Will recover at 1779851775.1387367

2026-05-27 10:15:25,164 - __main__ - ERROR - Broadcast failed: Circuit breaker is OPEN. Will recover at 1779851775.1387367
Traceback (most recent call last):
  File "C:\Users\LENOVO\OneDrive\Desktop\JARKOM\main.py", line 361, in safe_broadcast_update
    message = broadcast_circuit_breaker.call(
  File "C:\Users\LENOVO\OneDrive\Desktop\JARKOM\main.py", line 86, in call
    raise Exception(f"Circuit breaker is OPEN. Will recover at {self.last_failure_time + self.recovery_timeout}")
Exception: Circuit breaker is OPEN. Will recover at 1779851775.1387367

2026-05-27 10:15:28,629 - __main__ - ERROR - Broadcast failed: Circuit breaker is OPEN. Will recover at 1779851775.1387367
Traceback (most recent call last):
  File "C:\Users\LENOVO\OneDrive\Desktop\JARKOM\main.py", line 361, in safe_broadcast_update
    message = broadcast_circuit_breaker.call(
  File "C:\Users\LENOVO\OneDrive\Desktop\JARKOM\main.py", line 86, in call
    raise Exception(f"Circuit breaker is OPEN. Will recover at {self.last_failure_time + self.recovery_timeout}")
Exception: Circuit breaker is OPEN. Will recover at 1779851775.1387367

2026-05-27 10:15:31,762 - __main__ - ERROR - Broadcast failed: Circuit breaker is OPEN. Will recover at 1779851775.1387367
Traceback (most recent call last):
  File "C:\Users\LENOVO\OneDrive\Desktop\JARKOM\main.py", line 361, in safe_broadcast_update
    message = broadcast_circuit_breaker.call(
  File "C:\Users\LENOVO\OneDrive\Desktop\JARKOM\main.py", line 86, in call
    raise Exception(f"Circuit breaker is OPEN. Will recover at {self.last_failure_time + self.recovery_timeout}")
Exception: Circuit breaker is OPEN. Will recover at 1779851775.1387367

2026-05-27 10:15:35,012 - __main__ - ERROR - Broadcast failed: Circuit breaker is OPEN. Will recover at 1779851775.1387367
Traceback (most recent call last):
  File "C:\Users\LENOVO\OneDrive\Desktop\JARKOM\main.py", line 361, in safe_broadcast_update
    message = broadcast_circuit_breaker.call(
  File "C:\Users\LENOVO\OneDrive\Desktop\JARKOM\main.py", line 86, in call
    raise Exception(f"Circuit breaker is OPEN. Will recover at {self.last_failure_time + self.recovery_timeout}")
Exception: Circuit breaker is OPEN. Will recover at 1779851775.1387367

2026-05-27 10:15:38,350 - __main__ - ERROR - Broadcast failed: Circuit breaker is OPEN. Will recover at 1779851775.1387367
Traceback (most recent call last):
  File "C:\Users\LENOVO\OneDrive\Desktop\JARKOM\main.py", line 361, in safe_broadcast_update
    message = broadcast_circuit_breaker.call(
  File "C:\Users\LENOVO\OneDrive\Desktop\JARKOM\main.py", line 86, in call
    raise Exception(f"Circuit breaker is OPEN. Will recover at {self.last_failure_time + self.recovery_timeout}")
Exception: Circuit breaker is OPEN. Will recover at 1779851775.1387367

2026-05-27 10:15:41,607 - __main__ - ERROR - Broadcast failed: Circuit breaker is OPEN. Will recover at 1779851775.1387367
Traceback (most recent call last):
  File "C:\Users\LENOVO\OneDrive\Desktop\JARKOM\main.py", line 361, in safe_broadcast_update
    message = broadcast_circuit_breaker.call(
  File "C:\Users\LENOVO\OneDrive\Desktop\JARKOM\main.py", line 86, in call
    raise Exception(f"Circuit breaker is OPEN. Will recover at {self.last_failure_time + self.recovery_timeout}")
Exception: Circuit breaker is OPEN. Will recover at 1779851775.1387367

2026-05-27 10:15:44,834 - __main__ - ERROR - Broadcast failed: Circuit breaker is OPEN. Will recover at 1779851775.1387367
Traceback (most recent call last):
  File "C:\Users\LENOVO\OneDrive\Desktop\JARKOM\main.py", line 361, in safe_broadcast_update
    message = broadcast_circuit_breaker.call(
  File "C:\Users\LENOVO\OneDrive\Desktop\JARKOM\main.py", line 86, in call
    raise Exception(f"Circuit breaker is OPEN. Will recover at {self.last_failure_time + self.recovery_timeout}")
Exception: Circuit breaker is OPEN. Will recover at 1779851775.1387367

2026-05-27 10:15:48,195 - __main__ - ERROR - Broadcast failed: Circuit breaker is OPEN. Will recover at 1779851775.1387367
Traceback (most recent call last):
  File "C:\Users\LENOVO\OneDrive\Desktop\JARKOM\main.py", line 361, in safe_broadcast_update
    message = broadcast_circuit_breaker.call(
  File "C:\Users\LENOVO\OneDrive\Desktop\JARKOM\main.py", line 86, in call
    raise Exception(f"Circuit breaker is OPEN. Will recover at {self.last_failure_time + self.recovery_timeout}")
Exception: Circuit breaker is OPEN. Will recover at 1779851775.1387367

2026-05-27 10:15:51,544 - __main__ - ERROR - Broadcast failed: Circuit breaker is OPEN. Will recover at 1779851775.1387367
Traceback (most recent call last):
  File "C:\Users\LENOVO\OneDrive\Desktop\JARKOM\main.py", line 361, in safe_broadcast_update
    message = broadcast_circuit_breaker.call(
  File "C:\Users\LENOVO\OneDrive\Desktop\JARKOM\main.py", line 86, in call
    raise Exception(f"Circuit breaker is OPEN. Will recover at {self.last_failure_time + self.recovery_timeout}")
Exception: Circuit breaker is OPEN. Will recover at 1779851775.1387367

2026-05-27 10:15:54,785 - __main__ - ERROR - Broadcast failed: Circuit breaker is OPEN. Will recover at 1779851775.1387367
Traceback (most recent call last):
  File "C:\Users\LENOVO\OneDrive\Desktop\JARKOM\main.py", line 361, in safe_broadcast_update
    message = broadcast_circuit_breaker.call(
  File "C:\Users\LENOVO\OneDrive\Desktop\JARKOM\main.py", line 86, in call
    raise Exception(f"Circuit breaker is OPEN. Will recover at {self.last_failure_time + self.recovery_timeout}")
Exception: Circuit breaker is OPEN. Will recover at 1779851775.1387367

2026-05-27 10:15:58,131 - __main__ - ERROR - Broadcast failed: Circuit breaker is OPEN. Will recover at 1779851775.1387367
Traceback (most recent call last):
  File "C:\Users\LENOVO\OneDrive\Desktop\JARKOM\main.py", line 361, in safe_broadcast_update
    message = broadcast_circuit_breaker.call(
  File "C:\Users\LENOVO\OneDrive\Desktop\JARKOM\main.py", line 86, in call
    raise Exception(f"Circuit breaker is OPEN. Will recover at {self.last_failure_time + self.recovery_timeout}")
Exception: Circuit breaker is OPEN. Will recover at 1779851775.1387367

2026-05-27 10:16:01,476 - __main__ - ERROR - Broadcast failed: Circuit breaker is OPEN. Will recover at 1779851775.1387367
Traceback (most recent call last):
  File "C:\Users\LENOVO\OneDrive\Desktop\JARKOM\main.py", line 361, in safe_broadcast_update
    message = broadcast_circuit_breaker.call(
  File "C:\Users\LENOVO\OneDrive\Desktop\JARKOM\main.py", line 86, in call
    raise Exception(f"Circuit breaker is OPEN. Will recover at {self.last_failure_time + self.recovery_timeout}")
Exception: Circuit breaker is OPEN. Will recover at 1779851775.1387367

2026-05-27 10:16:04,777 - __main__ - ERROR - Broadcast failed: Circuit breaker is OPEN. Will recover at 1779851775.1387367
Traceback (most recent call last):
  File "C:\Users\LENOVO\OneDrive\Desktop\JARKOM\main.py", line 361, in safe_broadcast_update
    message = broadcast_circuit_breaker.call(
  File "C:\Users\LENOVO\OneDrive\Desktop\JARKOM\main.py", line 86, in call
    raise Exception(f"Circuit breaker is OPEN. Will recover at {self.last_failure_time + self.recovery_timeout}")
Exception: Circuit breaker is OPEN. Will recover at 1779851775.1387367

2026-05-27 10:16:08,041 - __main__ - ERROR - Broadcast failed: Circuit breaker is OPEN. Will recover at 1779851775.1387367
Traceback (most recent call last):
  File "C:\Users\LENOVO\OneDrive\Desktop\JARKOM\main.py", line 361, in safe_broadcast_update
    message = broadcast_circuit_breaker.call(
  File "C:\Users\LENOVO\OneDrive\Desktop\JARKOM\main.py", line 86, in call
    raise Exception(f"Circuit breaker is OPEN. Will recover at {self.last_failure_time + self.recovery_timeout}")
Exception: Circuit breaker is OPEN. Will recover at 1779851775.1387367

2026-05-27 10:16:11,032 - __main__ - ERROR - Broadcast failed: Circuit breaker is OPEN. Will recover at 1779851775.1387367
Traceback (most recent call last):
  File "C:\Users\LENOVO\OneDrive\Desktop\JARKOM\main.py", line 361, in safe_broadcast_update
    message = broadcast_circuit_breaker.call(
  File "C:\Users\LENOVO\OneDrive\Desktop\JARKOM\main.py", line 86, in call
    raise Exception(f"Circuit breaker is OPEN. Will recover at {self.last_failure_time + self.recovery_timeout}")
Exception: Circuit breaker is OPEN. Will recover at 1779851775.1387367

2026-05-27 10:16:14,224 - __main__ - INFO - 📊 Stats - Uptime: 0:16:00.100150, Messages: 291, Failed: 0, Clients: 1, WS Connections: 1, Broadcast Failures: 290
2026-05-27 10:16:14,320 - __main__ - ERROR - Broadcast failed: Circuit breaker is OPEN. Will recover at 1779851775.1387367
Traceback (most recent call last):
  File "C:\Users\LENOVO\OneDrive\Desktop\JARKOM\main.py", line 361, in safe_broadcast_update
    message = broadcast_circuit_breaker.call(
  File "C:\Users\LENOVO\OneDrive\Desktop\JARKOM\main.py", line 86, in call
    raise Exception(f"Circuit breaker is OPEN. Will recover at {self.last_failure_time + self.recovery_timeout}")
Exception: Circuit breaker is OPEN. Will recover at 1779851775.1387367

2026-05-27 10:16:17,497 - __main__ - WARNING - Circuit breaker entering HALF_OPEN state
2026-05-27 10:16:17,497 - __main__ - ERROR - Circuit breaker failure #25: Object of type datetime is not JSON serializable
2026-05-27 10:16:17,497 - __main__ - ERROR - Circuit breaker OPENED after 25 failures
2026-05-27 10:16:17,497 - __main__ - ERROR - Broadcast failed: Object of type datetime is not JSON serializable
Traceback (most recent call last):
  File "C:\Users\LENOVO\OneDrive\Desktop\JARKOM\main.py", line 361, in safe_broadcast_update
    message = broadcast_circuit_breaker.call(
  File "C:\Users\LENOVO\OneDrive\Desktop\JARKOM\main.py", line 89, in call
    result = func(*args, **kwargs)
  File "C:\Users\LENOVO\AppData\Local\Programs\Python\Python310\lib\json\__init__.py", line 231, in dumps
    return _default_encoder.encode(obj)
  File "C:\Users\LENOVO\AppData\Local\Programs\Python\Python310\lib\json\encoder.py", line 199, in encode
    chunks = self.iterencode(o, _one_shot=True)
  File "C:\Users\LENOVO\AppData\Local\Programs\Python\Python310\lib\json\encoder.py", line 257, in iterencode
    return _iterencode(o, 0)
  File "C:\Users\LENOVO\AppData\Local\Programs\Python\Python310\lib\json\encoder.py", line 179, in default
    raise TypeError(f'Object of type {o.__class__.__name__} '
TypeError: Object of type datetime is not JSON serializable

2026-05-27 10:16:20,682 - __main__ - ERROR - Broadcast failed: Circuit breaker is OPEN. Will recover at 1779851837.4972632
Traceback (most recent call last):
  File "C:\Users\LENOVO\OneDrive\Desktop\JARKOM\main.py", line 361, in safe_broadcast_update
    message = broadcast_circuit_breaker.call(
  File "C:\Users\LENOVO\OneDrive\Desktop\JARKOM\main.py", line 86, in call
    raise Exception(f"Circuit breaker is OPEN. Will recover at {self.last_failure_time + self.recovery_timeout}")
Exception: Circuit breaker is OPEN. Will recover at 1779851837.4972632

2026-05-27 10:16:23,957 - __main__ - ERROR - Broadcast failed: Circuit breaker is OPEN. Will recover at 1779851837.4972632
Traceback (most recent call last):
  File "C:\Users\LENOVO\OneDrive\Desktop\JARKOM\main.py", line 361, in safe_broadcast_update
    message = broadcast_circuit_breaker.call(
  File "C:\Users\LENOVO\OneDrive\Desktop\JARKOM\main.py", line 86, in call
    raise Exception(f"Circuit breaker is OPEN. Will recover at {self.last_failure_time + self.recovery_timeout}")
Exception: Circuit breaker is OPEN. Will recover at 1779851837.4972632

2026-05-27 10:16:27,127 - __main__ - ERROR - Broadcast failed: Circuit breaker is OPEN. Will recover at 1779851837.4972632
Traceback (most recent call last):
  File "C:\Users\LENOVO\OneDrive\Desktop\JARKOM\main.py", line 361, in safe_broadcast_update
    message = broadcast_circuit_breaker.call(
  File "C:\Users\LENOVO\OneDrive\Desktop\JARKOM\main.py", line 86, in call
    raise Exception(f"Circuit breaker is OPEN. Will recover at {self.last_failure_time + self.recovery_timeout}")
Exception: Circuit breaker is OPEN. Will recover at 1779851837.4972632

2026-05-27 10:16:30,153 - __main__ - ERROR - Broadcast failed: Circuit breaker is OPEN. Will recover at 1779851837.4972632
Traceback (most recent call last):
  File "C:\Users\LENOVO\OneDrive\Desktop\JARKOM\main.py", line 361, in safe_broadcast_update
    message = broadcast_circuit_breaker.call(
  File "C:\Users\LENOVO\OneDrive\Desktop\JARKOM\main.py", line 86, in call
    raise Exception(f"Circuit breaker is OPEN. Will recover at {self.last_failure_time + self.recovery_timeout}")
Exception: Circuit breaker is OPEN. Will recover at 1779851837.4972632

2026-05-27 10:16:33,395 - __main__ - ERROR - Broadcast failed: Circuit breaker is OPEN. Will recover at 1779851837.4972632
Traceback (most recent call last):
  File "C:\Users\LENOVO\OneDrive\Desktop\JARKOM\main.py", line 361, in safe_broadcast_update
    message = broadcast_circuit_breaker.call(
  File "C:\Users\LENOVO\OneDrive\Desktop\JARKOM\main.py", line 86, in call
    raise Exception(f"Circuit breaker is OPEN. Will recover at {self.last_failure_time + self.recovery_timeout}")
Exception: Circuit breaker is OPEN. Will recover at 1779851837.4972632

2026-05-27 10:16:36,888 - __main__ - ERROR - Broadcast failed: Circuit breaker is OPEN. Will recover at 1779851837.4972632
Traceback (most recent call last):
  File "C:\Users\LENOVO\OneDrive\Desktop\JARKOM\main.py", line 361, in safe_broadcast_update
    message = broadcast_circuit_breaker.call(
  File "C:\Users\LENOVO\OneDrive\Desktop\JARKOM\main.py", line 86, in call
    raise Exception(f"Circuit breaker is OPEN. Will recover at {self.last_failure_time + self.recovery_timeout}")
Exception: Circuit breaker is OPEN. Will recover at 1779851837.4972632

2026-05-27 10:16:40,090 - __main__ - ERROR - Broadcast failed: Circuit breaker is OPEN. Will recover at 1779851837.4972632
Traceback (most recent call last):
  File "C:\Users\LENOVO\OneDrive\Desktop\JARKOM\main.py", line 361, in safe_broadcast_update
    message = broadcast_circuit_breaker.call(
  File "C:\Users\LENOVO\OneDrive\Desktop\JARKOM\main.py", line 86, in call
    raise Exception(f"Circuit breaker is OPEN. Will recover at {self.last_failure_time + self.recovery_timeout}")
Exception: Circuit breaker is OPEN. Will recover at 1779851837.4972632

2026-05-27 10:16:43,695 - __main__ - ERROR - Broadcast failed: Circuit breaker is OPEN. Will recover at 1779851837.4972632
Traceback (most recent call last):
  File "C:\Users\LENOVO\OneDrive\Desktop\JARKOM\main.py", line 361, in safe_broadcast_update
    message = broadcast_circuit_breaker.call(
  File "C:\Users\LENOVO\OneDrive\Desktop\JARKOM\main.py", line 86, in call
    raise Exception(f"Circuit breaker is OPEN. Will recover at {self.last_failure_time + self.recovery_timeout}")
Exception: Circuit breaker is OPEN. Will recover at 1779851837.4972632

2026-05-27 10:16:47,093 - __main__ - ERROR - Broadcast failed: Circuit breaker is OPEN. Will recover at 1779851837.4972632
Traceback (most recent call last):
  File "C:\Users\LENOVO\OneDrive\Desktop\JARKOM\main.py", line 361, in safe_broadcast_update
    message = broadcast_circuit_breaker.call(
  File "C:\Users\LENOVO\OneDrive\Desktop\JARKOM\main.py", line 86, in call
    raise Exception(f"Circuit breaker is OPEN. Will recover at {self.last_failure_time + self.recovery_timeout}")
Exception: Circuit breaker is OPEN. Will recover at 1779851837.4972632

2026-05-27 10:16:50,368 - __main__ - ERROR - Broadcast failed: Circuit breaker is OPEN. Will recover at 1779851837.4972632
Traceback (most recent call last):
  File "C:\Users\LENOVO\OneDrive\Desktop\JARKOM\main.py", line 361, in safe_broadcast_update
    message = broadcast_circuit_breaker.call(
  File "C:\Users\LENOVO\OneDrive\Desktop\JARKOM\main.py", line 86, in call
    raise Exception(f"Circuit breaker is OPEN. Will recover at {self.last_failure_time + self.recovery_timeout}")
Exception: Circuit breaker is OPEN. Will recover at 1779851837.4972632

2026-05-27 10:16:53,648 - __main__ - ERROR - Broadcast failed: Circuit breaker is OPEN. Will recover at 1779851837.4972632
Traceback (most recent call last):
  File "C:\Users\LENOVO\OneDrive\Desktop\JARKOM\main.py", line 361, in safe_broadcast_update
    message = broadcast_circuit_breaker.call(
  File "C:\Users\LENOVO\OneDrive\Desktop\JARKOM\main.py", line 86, in call
    raise Exception(f"Circuit breaker is OPEN. Will recover at {self.last_failure_time + self.recovery_timeout}")
Exception: Circuit breaker is OPEN. Will recover at 1779851837.4972632

2026-05-27 10:16:56,909 - __main__ - ERROR - Broadcast failed: Circuit breaker is OPEN. Will recover at 1779851837.4972632
Traceback (most recent call last):
  File "C:\Users\LENOVO\OneDrive\Desktop\JARKOM\main.py", line 361, in safe_broadcast_update
    message = broadcast_circuit_breaker.call(
  File "C:\Users\LENOVO\OneDrive\Desktop\JARKOM\main.py", line 86, in call
    raise Exception(f"Circuit breaker is OPEN. Will recover at {self.last_failure_time + self.recovery_timeout}")
Exception: Circuit breaker is OPEN. Will recover at 1779851837.4972632

2026-05-27 10:16:58,168 - __main__ - INFO - 🔌 WebSocket connection removed. Remaining: 0
2026-05-27 10:16:58,585 - __main__ - INFO - 🔌 WebSocket connected. Total: 1
2026-05-27 10:17:00,388 - __main__ - ERROR - Broadcast failed: Circuit breaker is OPEN. Will recover at 1779851837.4972632
Traceback (most recent call last):
  File "C:\Users\LENOVO\OneDrive\Desktop\JARKOM\main.py", line 361, in safe_broadcast_update
    message = broadcast_circuit_breaker.call(
  File "C:\Users\LENOVO\OneDrive\Desktop\JARKOM\main.py", line 86, in call
    raise Exception(f"Circuit breaker is OPEN. Will recover at {self.last_failure_time + self.recovery_timeout}")
Exception: Circuit breaker is OPEN. Will recover at 1779851837.4972632

2026-05-27 10:17:03,883 - __main__ - ERROR - Broadcast failed: Circuit breaker is OPEN. Will recover at 1779851837.4972632
Traceback (most recent call last):
  File "C:\Users\LENOVO\OneDrive\Desktop\JARKOM\main.py", line 361, in safe_broadcast_update
    message = broadcast_circuit_breaker.call(
  File "C:\Users\LENOVO\OneDrive\Desktop\JARKOM\main.py", line 86, in call
    raise Exception(f"Circuit breaker is OPEN. Will recover at {self.last_failure_time + self.recovery_timeout}")
Exception: Circuit breaker is OPEN. Will recover at 1779851837.4972632

2026-05-27 10:17:07,315 - __main__ - ERROR - Broadcast failed: Circuit breaker is OPEN. Will recover at 1779851837.4972632
Traceback (most recent call last):
  File "C:\Users\LENOVO\OneDrive\Desktop\JARKOM\main.py", line 361, in safe_broadcast_update
    message = broadcast_circuit_breaker.call(
  File "C:\Users\LENOVO\OneDrive\Desktop\JARKOM\main.py", line 86, in call
    raise Exception(f"Circuit breaker is OPEN. Will recover at {self.last_failure_time + self.recovery_timeout}")
Exception: Circuit breaker is OPEN. Will recover at 1779851837.4972632

2026-05-27 10:17:08,520 - __main__ - INFO - 🔌 WebSocket connection removed. Remaining: 0
2026-05-27 10:17:08,943 - __main__ - INFO - 🔌 WebSocket connected. Total: 1
2026-05-27 10:17:10,363 - __main__ - INFO - 🔌 WebSocket connection removed. Remaining: 0
2026-05-27 10:17:10,770 - __main__ - INFO - 🔌 WebSocket connected. Total: 1
2026-05-27 10:17:11,550 - __main__ - INFO - 🔌 WebSocket connection removed. Remaining: 0
2026-05-27 10:17:11,944 - __main__ - INFO - 🔌 WebSocket connected. Total: 1
2026-05-27 10:17:12,569 - __main__ - INFO - 🔌 WebSocket connection removed. Remaining: 0
2026-05-27 10:17:12,956 - __main__ - INFO - 🔌 WebSocket connected. Total: 1
2026-05-27 10:17:13,629 - __main__ - INFO - 🔌 WebSocket connection removed. Remaining: 0
2026-05-27 10:17:14,033 - __main__ - INFO - 🔌 WebSocket connected. Total: 1
2026-05-27 10:17:14,229 - __main__ - INFO - 📊 Stats - Uptime: 0:17:00.104855, Messages: 309, Failed: 0, Clients: 1, WS Connections: 1, Broadcast Failures: 307
2026-05-27 10:17:14,298 - __main__ - ERROR - Broadcast failed: Circuit breaker is OPEN. Will recover at 1779851837.4972632
Traceback (most recent call last):
  File "C:\Users\LENOVO\OneDrive\Desktop\JARKOM\main.py", line 361, in safe_broadcast_update
    message = broadcast_circuit_breaker.call(
  File "C:\Users\LENOVO\OneDrive\Desktop\JARKOM\main.py", line 86, in call
    raise Exception(f"Circuit breaker is OPEN. Will recover at {self.last_failure_time + self.recovery_timeout}")
Exception: Circuit breaker is OPEN. Will recover at 1779851837.4972632

2026-05-27 10:17:14,717 - __main__ - INFO - 🔌 WebSocket connection removed. Remaining: 0
2026-05-27 10:17:15,076 - __main__ - INFO - 🔌 WebSocket connected. Total: 1
2026-05-27 10:17:16,084 - __main__ - INFO - 🔌 WebSocket connection removed. Remaining: 0
2026-05-27 10:17:16,468 - __main__ - INFO - 🔌 WebSocket connected. Total: 1
2026-05-27 10:17:17,864 - __main__ - WARNING - Circuit breaker entering HALF_OPEN state
2026-05-27 10:17:17,864 - __main__ - ERROR - Circuit breaker failure #26: Object of type datetime is not JSON serializable
2026-05-27 10:17:17,864 - __main__ - ERROR - Circuit breaker OPENED after 26 failures
2026-05-27 10:17:17,867 - __main__ - ERROR - Broadcast failed: Object of type datetime is not JSON serializable
Traceback (most recent call last):
  File "C:\Users\LENOVO\OneDrive\Desktop\JARKOM\main.py", line 361, in safe_broadcast_update
    message = broadcast_circuit_breaker.call(
  File "C:\Users\LENOVO\OneDrive\Desktop\JARKOM\main.py", line 89, in call
    result = func(*args, **kwargs)
  File "C:\Users\LENOVO\AppData\Local\Programs\Python\Python310\lib\json\__init__.py", line 231, in dumps
    return _default_encoder.encode(obj)
  File "C:\Users\LENOVO\AppData\Local\Programs\Python\Python310\lib\json\encoder.py", line 199, in encode
    chunks = self.iterencode(o, _one_shot=True)
  File "C:\Users\LENOVO\AppData\Local\Programs\Python\Python310\lib\json\encoder.py", line 257, in iterencode
    return _iterencode(o, 0)
  File "C:\Users\LENOVO\AppData\Local\Programs\Python\Python310\lib\json\encoder.py", line 179, in default
    raise TypeError(f'Object of type {o.__class__.__name__} '
TypeError: Object of type datetime is not JSON serializable

2026-05-27 10:17:21,200 - __main__ - ERROR - Broadcast failed: Circuit breaker is OPEN. Will recover at 1779851897.86481
Traceback (most recent call last):
  File "C:\Users\LENOVO\OneDrive\Desktop\JARKOM\main.py", line 361, in safe_broadcast_update
    message = broadcast_circuit_breaker.call(
  File "C:\Users\LENOVO\OneDrive\Desktop\JARKOM\main.py", line 86, in call
    raise Exception(f"Circuit breaker is OPEN. Will recover at {self.last_failure_time + self.recovery_timeout}")
Exception: Circuit breaker is OPEN. Will recover at 1779851897.86481

2026-05-27 10:17:24,527 - __main__ - ERROR - Broadcast failed: Circuit breaker is OPEN. Will recover at 1779851897.86481
Traceback (most recent call last):
  File "C:\Users\LENOVO\OneDrive\Desktop\JARKOM\main.py", line 361, in safe_broadcast_update
    message = broadcast_circuit_breaker.call(
  File "C:\Users\LENOVO\OneDrive\Desktop\JARKOM\main.py", line 86, in call
    raise Exception(f"Circuit breaker is OPEN. Will recover at {self.last_failure_time + self.recovery_timeout}")
Exception: Circuit breaker is OPEN. Will recover at 1779851897.86481

2026-05-27 10:17:27,764 - __main__ - ERROR - Broadcast failed: Circuit breaker is OPEN. Will recover at 1779851897.86481
Traceback (most recent call last):
  File "C:\Users\LENOVO\OneDrive\Desktop\JARKOM\main.py", line 361, in safe_broadcast_update
    message = broadcast_circuit_breaker.call(
  File "C:\Users\LENOVO\OneDrive\Desktop\JARKOM\main.py", line 86, in call
    raise Exception(f"Circuit breaker is OPEN. Will recover at {self.last_failure_time + self.recovery_timeout}")
Exception: Circuit breaker is OPEN. Will recover at 1779851897.86481

2026-05-27 10:17:31,064 - __main__ - ERROR - Broadcast failed: Circuit breaker is OPEN. Will recover at 1779851897.86481
Traceback (most recent call last):
  File "C:\Users\LENOVO\OneDrive\Desktop\JARKOM\main.py", line 361, in safe_broadcast_update
    message = broadcast_circuit_breaker.call(
  File "C:\Users\LENOVO\OneDrive\Desktop\JARKOM\main.py", line 86, in call
    raise Exception(f"Circuit breaker is OPEN. Will recover at {self.last_failure_time + self.recovery_timeout}")
Exception: Circuit breaker is OPEN. Will recover at 1779851897.86481

2026-05-27 10:17:34,214 - __main__ - ERROR - Broadcast failed: Circuit breaker is OPEN. Will recover at 1779851897.86481
Traceback (most recent call last):
  File "C:\Users\LENOVO\OneDrive\Desktop\JARKOM\main.py", line 361, in safe_broadcast_update
    message = broadcast_circuit_breaker.call(
  File "C:\Users\LENOVO\OneDrive\Desktop\JARKOM\main.py", line 86, in call
    raise Exception(f"Circuit breaker is OPEN. Will recover at {self.last_failure_time + self.recovery_timeout}")
Exception: Circuit breaker is OPEN. Will recover at 1779851897.86481

2026-05-27 10:17:37,402 - __main__ - ERROR - Broadcast failed: Circuit breaker is OPEN. Will recover at 1779851897.86481
Traceback (most recent call last):
  File "C:\Users\LENOVO\OneDrive\Desktop\JARKOM\main.py", line 361, in safe_broadcast_update
    message = broadcast_circuit_breaker.call(
  File "C:\Users\LENOVO\OneDrive\Desktop\JARKOM\main.py", line 86, in call
    raise Exception(f"Circuit breaker is OPEN. Will recover at {self.last_failure_time + self.recovery_timeout}")
Exception: Circuit breaker is OPEN. Will recover at 1779851897.86481

2026-05-27 10:17:40,648 - __main__ - ERROR - Broadcast failed: Circuit breaker is OPEN. Will recover at 1779851897.86481
Traceback (most recent call last):
  File "C:\Users\LENOVO\OneDrive\Desktop\JARKOM\main.py", line 361, in safe_broadcast_update
    message = broadcast_circuit_breaker.call(
  File "C:\Users\LENOVO\OneDrive\Desktop\JARKOM\main.py", line 86, in call
    raise Exception(f"Circuit breaker is OPEN. Will recover at {self.last_failure_time + self.recovery_timeout}")
Exception: Circuit breaker is OPEN. Will recover at 1779851897.86481

2026-05-27 10:17:40,807 - __main__ - INFO - 🔌 WebSocket connection removed. Remaining: 0
2026-05-27 10:17:41,210 - __main__ - INFO - 🔌 WebSocket connected. Total: 1
2026-05-27 10:17:42,231 - __main__ - INFO - 🔌 WebSocket connection removed. Remaining: 0
2026-05-27 10:17:42,617 - __main__ - INFO - 🔌 WebSocket connected. Total: 1
2026-05-27 10:17:43,445 - __main__ - INFO - 🔌 WebSocket connection removed. Remaining: 0
2026-05-27 10:17:43,833 - __main__ - INFO - 🔌 WebSocket connected. Total: 1
2026-05-27 10:17:44,111 - __main__ - ERROR - Broadcast failed: Circuit breaker is OPEN. Will recover at 1779851897.86481
Traceback (most recent call last):
  File "C:\Users\LENOVO\OneDrive\Desktop\JARKOM\main.py", line 361, in safe_broadcast_update
    message = broadcast_circuit_breaker.call(
  File "C:\Users\LENOVO\OneDrive\Desktop\JARKOM\main.py", line 86, in call
    raise Exception(f"Circuit breaker is OPEN. Will recover at {self.last_failure_time + self.recovery_timeout}")
Exception: Circuit breaker is OPEN. Will recover at 1779851897.86481

2026-05-27 10:17:44,471 - __main__ - INFO - 🔌 WebSocket connection removed. Remaining: 0
2026-05-27 10:17:44,860 - __main__ - INFO - 🔌 WebSocket connected. Total: 1
2026-05-27 10:17:47,503 - __main__ - ERROR - Broadcast failed: Circuit breaker is OPEN. Will recover at 1779851897.86481
Traceback (most recent call last):
  File "C:\Users\LENOVO\OneDrive\Desktop\JARKOM\main.py", line 361, in safe_broadcast_update
    message = broadcast_circuit_breaker.call(
  File "C:\Users\LENOVO\OneDrive\Desktop\JARKOM\main.py", line 86, in call
    raise Exception(f"Circuit breaker is OPEN. Will recover at {self.last_failure_time + self.recovery_timeout}")
Exception: Circuit breaker is OPEN. Will recover at 1779851897.86481

2026-05-27 10:17:50,988 - __main__ - ERROR - Broadcast failed: Circuit breaker is OPEN. Will recover at 1779851897.86481
Traceback (most recent call last):
  File "C:\Users\LENOVO\OneDrive\Desktop\JARKOM\main.py", line 361, in safe_broadcast_update
    message = broadcast_circuit_breaker.call(
  File "C:\Users\LENOVO\OneDrive\Desktop\JARKOM\main.py", line 86, in call
    raise Exception(f"Circuit breaker is OPEN. Will recover at {self.last_failure_time + self.recovery_timeout}")
Exception: Circuit breaker is OPEN. Will recover at 1779851897.86481

2026-05-27 10:17:54,453 - __main__ - ERROR - Broadcast failed: Circuit breaker is OPEN. Will recover at 1779851897.86481
Traceback (most recent call last):
  File "C:\Users\LENOVO\OneDrive\Desktop\JARKOM\main.py", line 361, in safe_broadcast_update
    message = broadcast_circuit_breaker.call(
  File "C:\Users\LENOVO\OneDrive\Desktop\JARKOM\main.py", line 86, in call
    raise Exception(f"Circuit breaker is OPEN. Will recover at {self.last_failure_time + self.recovery_timeout}")
Exception: Circuit breaker is OPEN. Will recover at 1779851897.86481

2026-05-27 10:17:57,934 - __main__ - ERROR - Broadcast failed: Circuit breaker is OPEN. Will recover at 1779851897.86481
Traceback (most recent call last):
  File "C:\Users\LENOVO\OneDrive\Desktop\JARKOM\main.py", line 361, in safe_broadcast_update
    message = broadcast_circuit_breaker.call(
  File "C:\Users\LENOVO\OneDrive\Desktop\JARKOM\main.py", line 86, in call
    raise Exception(f"Circuit breaker is OPEN. Will recover at {self.last_failure_time + self.recovery_timeout}")
Exception: Circuit breaker is OPEN. Will recover at 1779851897.86481

2026-05-27 10:18:01,201 - __main__ - ERROR - Broadcast failed: Circuit breaker is OPEN. Will recover at 1779851897.86481
Traceback (most recent call last):
  File "C:\Users\LENOVO\OneDrive\Desktop\JARKOM\main.py", line 361, in safe_broadcast_update
    message = broadcast_circuit_breaker.call(
  File "C:\Users\LENOVO\OneDrive\Desktop\JARKOM\main.py", line 86, in call
    raise Exception(f"Circuit breaker is OPEN. Will recover at {self.last_failure_time + self.recovery_timeout}")
Exception: Circuit breaker is OPEN. Will recover at 1779851897.86481

2026-05-27 10:18:04,679 - __main__ - ERROR - Broadcast failed: Circuit breaker is OPEN. Will recover at 1779851897.86481
Traceback (most recent call last):
  File "C:\Users\LENOVO\OneDrive\Desktop\JARKOM\main.py", line 361, in safe_broadcast_update
    message = broadcast_circuit_breaker.call(
  File "C:\Users\LENOVO\OneDrive\Desktop\JARKOM\main.py", line 86, in call
    raise Exception(f"Circuit breaker is OPEN. Will recover at {self.last_failure_time + self.recovery_timeout}")
Exception: Circuit breaker is OPEN. Will recover at 1779851897.86481

2026-05-27 10:18:07,933 - __main__ - ERROR - Broadcast failed: Circuit breaker is OPEN. Will recover at 1779851897.86481
Traceback (most recent call last):
  File "C:\Users\LENOVO\OneDrive\Desktop\JARKOM\main.py", line 361, in safe_broadcast_update
    message = broadcast_circuit_breaker.call(
  File "C:\Users\LENOVO\OneDrive\Desktop\JARKOM\main.py", line 86, in call
    raise Exception(f"Circuit breaker is OPEN. Will recover at {self.last_failure_time + self.recovery_timeout}")
Exception: Circuit breaker is OPEN. Will recover at 1779851897.86481

2026-05-27 10:18:11,429 - __main__ - ERROR - Broadcast failed: Circuit breaker is OPEN. Will recover at 1779851897.86481
Traceback (most recent call last):
  File "C:\Users\LENOVO\OneDrive\Desktop\JARKOM\main.py", line 361, in safe_broadcast_update
    message = broadcast_circuit_breaker.call(
  File "C:\Users\LENOVO\OneDrive\Desktop\JARKOM\main.py", line 86, in call
    raise Exception(f"Circuit breaker is OPEN. Will recover at {self.last_failure_time + self.recovery_timeout}")
Exception: Circuit breaker is OPEN. Will recover at 1779851897.86481

2026-05-27 10:18:14,251 - __main__ - INFO - 📊 Stats - Uptime: 0:18:00.127094, Messages: 327, Failed: 0, Clients: 1, WS Connections: 1, Broadcast Failures: 325
2026-05-27 10:18:14,927 - __main__ - ERROR - Broadcast failed: Circuit breaker is OPEN. Will recover at 1779851897.86481
Traceback (most recent call last):
  File "C:\Users\LENOVO\OneDrive\Desktop\JARKOM\main.py", line 361, in safe_broadcast_update
    message = broadcast_circuit_breaker.call(
  File "C:\Users\LENOVO\OneDrive\Desktop\JARKOM\main.py", line 86, in call
    raise Exception(f"Circuit breaker is OPEN. Will recover at {self.last_failure_time + self.recovery_timeout}")
Exception: Circuit breaker is OPEN. Will recover at 1779851897.86481

2026-05-27 10:18:18,311 - __main__ - WARNING - Circuit breaker entering HALF_OPEN state
2026-05-27 10:18:18,311 - __main__ - ERROR - Circuit breaker failure #27: Object of type datetime is not JSON serializable
2026-05-27 10:18:18,311 - __main__ - ERROR - Circuit breaker OPENED after 27 failures
2026-05-27 10:18:18,311 - __main__ - ERROR - Broadcast failed: Object of type datetime is not JSON serializable
Traceback (most recent call last):
  File "C:\Users\LENOVO\OneDrive\Desktop\JARKOM\main.py", line 361, in safe_broadcast_update
    message = broadcast_circuit_breaker.call(
  File "C:\Users\LENOVO\OneDrive\Desktop\JARKOM\main.py", line 89, in call
    result = func(*args, **kwargs)
  File "C:\Users\LENOVO\AppData\Local\Programs\Python\Python310\lib\json\__init__.py", line 231, in dumps
    return _default_encoder.encode(obj)
  File "C:\Users\LENOVO\AppData\Local\Programs\Python\Python310\lib\json\encoder.py", line 199, in encode
    chunks = self.iterencode(o, _one_shot=True)
  File "C:\Users\LENOVO\AppData\Local\Programs\Python\Python310\lib\json\encoder.py", line 257, in iterencode
    return _iterencode(o, 0)
  File "C:\Users\LENOVO\AppData\Local\Programs\Python\Python310\lib\json\encoder.py", line 179, in default
    raise TypeError(f'Object of type {o.__class__.__name__} '
TypeError: Object of type datetime is not JSON serializable

2026-05-27 10:18:21,804 - __main__ - ERROR - Broadcast failed: Circuit breaker is OPEN. Will recover at 1779851958.3116248
Traceback (most recent call last):
  File "C:\Users\LENOVO\OneDrive\Desktop\JARKOM\main.py", line 361, in safe_broadcast_update
    message = broadcast_circuit_breaker.call(
  File "C:\Users\LENOVO\OneDrive\Desktop\JARKOM\main.py", line 86, in call
    raise Exception(f"Circuit breaker is OPEN. Will recover at {self.last_failure_time + self.recovery_timeout}")
Exception: Circuit breaker is OPEN. Will recover at 1779851958.3116248

2026-05-27 10:18:25,286 - __main__ - ERROR - Broadcast failed: Circuit breaker is OPEN. Will recover at 1779851958.3116248
Traceback (most recent call last):
  File "C:\Users\LENOVO\OneDrive\Desktop\JARKOM\main.py", line 361, in safe_broadcast_update
    message = broadcast_circuit_breaker.call(
  File "C:\Users\LENOVO\OneDrive\Desktop\JARKOM\main.py", line 86, in call
    raise Exception(f"Circuit breaker is OPEN. Will recover at {self.last_failure_time + self.recovery_timeout}")
Exception: Circuit breaker is OPEN. Will recover at 1779851958.3116248

2026-05-27 10:18:28,747 - __main__ - ERROR - Broadcast failed: Circuit breaker is OPEN. Will recover at 1779851958.3116248
Traceback (most recent call last):
  File "C:\Users\LENOVO\OneDrive\Desktop\JARKOM\main.py", line 361, in safe_broadcast_update
    message = broadcast_circuit_breaker.call(
  File "C:\Users\LENOVO\OneDrive\Desktop\JARKOM\main.py", line 86, in call
    raise Exception(f"Circuit breaker is OPEN. Will recover at {self.last_failure_time + self.recovery_timeout}")
Exception: Circuit breaker is OPEN. Will recover at 1779851958.3116248

2026-05-27 10:18:32,154 - __main__ - ERROR - Broadcast failed: Circuit breaker is OPEN. Will recover at 1779851958.3116248
Traceback (most recent call last):
  File "C:\Users\LENOVO\OneDrive\Desktop\JARKOM\main.py", line 361, in safe_broadcast_update
    message = broadcast_circuit_breaker.call(
  File "C:\Users\LENOVO\OneDrive\Desktop\JARKOM\main.py", line 86, in call
    raise Exception(f"Circuit breaker is OPEN. Will recover at {self.last_failure_time + self.recovery_timeout}")
Exception: Circuit breaker is OPEN. Will recover at 1779851958.3116248

2026-05-27 10:18:35,543 - __main__ - ERROR - Broadcast failed: Circuit breaker is OPEN. Will recover at 1779851958.3116248
Traceback (most recent call last):
  File "C:\Users\LENOVO\OneDrive\Desktop\JARKOM\main.py", line 361, in safe_broadcast_update
    message = broadcast_circuit_breaker.call(
  File "C:\Users\LENOVO\OneDrive\Desktop\JARKOM\main.py", line 86, in call
    raise Exception(f"Circuit breaker is OPEN. Will recover at {self.last_failure_time + self.recovery_timeout}")
Exception: Circuit breaker is OPEN. Will recover at 1779851958.3116248

2026-05-27 10:18:39,043 - __main__ - ERROR - Broadcast failed: Circuit breaker is OPEN. Will recover at 1779851958.3116248
Traceback (most recent call last):
  File "C:\Users\LENOVO\OneDrive\Desktop\JARKOM\main.py", line 361, in safe_broadcast_update
    message = broadcast_circuit_breaker.call(
  File "C:\Users\LENOVO\OneDrive\Desktop\JARKOM\main.py", line 86, in call
    raise Exception(f"Circuit breaker is OPEN. Will recover at {self.last_failure_time + self.recovery_timeout}")
Exception: Circuit breaker is OPEN. Will recover at 1779851958.3116248

2026-05-27 10:18:42,526 - __main__ - ERROR - Broadcast failed: Circuit breaker is OPEN. Will recover at 1779851958.3116248
Traceback (most recent call last):
  File "C:\Users\LENOVO\OneDrive\Desktop\JARKOM\main.py", line 361, in safe_broadcast_update
    message = broadcast_circuit_breaker.call(
  File "C:\Users\LENOVO\OneDrive\Desktop\JARKOM\main.py", line 86, in call
    raise Exception(f"Circuit breaker is OPEN. Will recover at {self.last_failure_time + self.recovery_timeout}")
Exception: Circuit breaker is OPEN. Will recover at 1779851958.3116248

2026-05-27 10:18:45,777 - __main__ - ERROR - Broadcast failed: Circuit breaker is OPEN. Will recover at 1779851958.3116248
Traceback (most recent call last):
  File "C:\Users\LENOVO\OneDrive\Desktop\JARKOM\main.py", line 361, in safe_broadcast_update
    message = broadcast_circuit_breaker.call(
  File "C:\Users\LENOVO\OneDrive\Desktop\JARKOM\main.py", line 86, in call
    raise Exception(f"Circuit breaker is OPEN. Will recover at {self.last_failure_time + self.recovery_timeout}")
Exception: Circuit breaker is OPEN. Will recover at 1779851958.3116248

2026-05-27 10:18:48,989 - __main__ - ERROR - Broadcast failed: Circuit breaker is OPEN. Will recover at 1779851958.3116248
Traceback (most recent call last):
  File "C:\Users\LENOVO\OneDrive\Desktop\JARKOM\main.py", line 361, in safe_broadcast_update
    message = broadcast_circuit_breaker.call(
  File "C:\Users\LENOVO\OneDrive\Desktop\JARKOM\main.py", line 86, in call
    raise Exception(f"Circuit breaker is OPEN. Will recover at {self.last_failure_time + self.recovery_timeout}")
Exception: Circuit breaker is OPEN. Will recover at 1779851958.3116248

2026-05-27 10:18:52,188 - __main__ - ERROR - Broadcast failed: Circuit breaker is OPEN. Will recover at 1779851958.3116248
Traceback (most recent call last):
  File "C:\Users\LENOVO\OneDrive\Desktop\JARKOM\main.py", line 361, in safe_broadcast_update
    message = broadcast_circuit_breaker.call(
  File "C:\Users\LENOVO\OneDrive\Desktop\JARKOM\main.py", line 86, in call
    raise Exception(f"Circuit breaker is OPEN. Will recover at {self.last_failure_time + self.recovery_timeout}")
Exception: Circuit breaker is OPEN. Will recover at 1779851958.3116248

2026-05-27 10:18:55,491 - __main__ - ERROR - Broadcast failed: Circuit breaker is OPEN. Will recover at 1779851958.3116248
Traceback (most recent call last):
  File "C:\Users\LENOVO\OneDrive\Desktop\JARKOM\main.py", line 361, in safe_broadcast_update
    message = broadcast_circuit_breaker.call(
  File "C:\Users\LENOVO\OneDrive\Desktop\JARKOM\main.py", line 86, in call
    raise Exception(f"Circuit breaker is OPEN. Will recover at {self.last_failure_time + self.recovery_timeout}")
Exception: Circuit breaker is OPEN. Will recover at 1779851958.3116248

2026-05-27 10:18:58,700 - __main__ - ERROR - Broadcast failed: Circuit breaker is OPEN. Will recover at 1779851958.3116248
Traceback (most recent call last):
  File "C:\Users\LENOVO\OneDrive\Desktop\JARKOM\main.py", line 361, in safe_broadcast_update
    message = broadcast_circuit_breaker.call(
  File "C:\Users\LENOVO\OneDrive\Desktop\JARKOM\main.py", line 86, in call
    raise Exception(f"Circuit breaker is OPEN. Will recover at {self.last_failure_time + self.recovery_timeout}")
Exception: Circuit breaker is OPEN. Will recover at 1779851958.3116248

2026-05-27 10:19:01,812 - __main__ - ERROR - Broadcast failed: Circuit breaker is OPEN. Will recover at 1779851958.3116248
Traceback (most recent call last):
  File "C:\Users\LENOVO\OneDrive\Desktop\JARKOM\main.py", line 361, in safe_broadcast_update
    message = broadcast_circuit_breaker.call(
  File "C:\Users\LENOVO\OneDrive\Desktop\JARKOM\main.py", line 86, in call
    raise Exception(f"Circuit breaker is OPEN. Will recover at {self.last_failure_time + self.recovery_timeout}")
Exception: Circuit breaker is OPEN. Will recover at 1779851958.3116248

2026-05-27 10:19:04,918 - __main__ - ERROR - Broadcast failed: Circuit breaker is OPEN. Will recover at 1779851958.3116248
Traceback (most recent call last):
  File "C:\Users\LENOVO\OneDrive\Desktop\JARKOM\main.py", line 361, in safe_broadcast_update
    message = broadcast_circuit_breaker.call(
  File "C:\Users\LENOVO\OneDrive\Desktop\JARKOM\main.py", line 86, in call
    raise Exception(f"Circuit breaker is OPEN. Will recover at {self.last_failure_time + self.recovery_timeout}")
Exception: Circuit breaker is OPEN. Will recover at 1779851958.3116248

2026-05-27 10:19:08,173 - __main__ - ERROR - Broadcast failed: Circuit breaker is OPEN. Will recover at 1779851958.3116248
Traceback (most recent call last):
  File "C:\Users\LENOVO\OneDrive\Desktop\JARKOM\main.py", line 361, in safe_broadcast_update
    message = broadcast_circuit_breaker.call(
  File "C:\Users\LENOVO\OneDrive\Desktop\JARKOM\main.py", line 86, in call
    raise Exception(f"Circuit breaker is OPEN. Will recover at {self.last_failure_time + self.recovery_timeout}")
Exception: Circuit breaker is OPEN. Will recover at 1779851958.3116248

2026-05-27 10:19:11,304 - __main__ - ERROR - Broadcast failed: Circuit breaker is OPEN. Will recover at 1779851958.3116248
Traceback (most recent call last):
  File "C:\Users\LENOVO\OneDrive\Desktop\JARKOM\main.py", line 361, in safe_broadcast_update
    message = broadcast_circuit_breaker.call(
  File "C:\Users\LENOVO\OneDrive\Desktop\JARKOM\main.py", line 86, in call
    raise Exception(f"Circuit breaker is OPEN. Will recover at {self.last_failure_time + self.recovery_timeout}")
Exception: Circuit breaker is OPEN. Will recover at 1779851958.3116248

2026-05-27 10:19:14,252 - __main__ - INFO - 📊 Stats - Uptime: 0:19:00.127645, Messages: 345, Failed: 0, Clients: 1, WS Connections: 1, Broadcast Failures: 343
2026-05-27 10:19:14,404 - __main__ - ERROR - Broadcast failed: Circuit breaker is OPEN. Will recover at 1779851958.3116248
Traceback (most recent call last):
  File "C:\Users\LENOVO\OneDrive\Desktop\JARKOM\main.py", line 361, in safe_broadcast_update
    message = broadcast_circuit_breaker.call(
  File "C:\Users\LENOVO\OneDrive\Desktop\JARKOM\main.py", line 86, in call
    raise Exception(f"Circuit breaker is OPEN. Will recover at {self.last_failure_time + self.recovery_timeout}")
Exception: Circuit breaker is OPEN. Will recover at 1779851958.3116248

2026-05-27 10:19:17,564 - __main__ - ERROR - Broadcast failed: Circuit breaker is OPEN. Will recover at 1779851958.3116248
Traceback (most recent call last):
  File "C:\Users\LENOVO\OneDrive\Desktop\JARKOM\main.py", line 361, in safe_broadcast_update
    message = broadcast_circuit_breaker.call(
  File "C:\Users\LENOVO\OneDrive\Desktop\JARKOM\main.py", line 86, in call
    raise Exception(f"Circuit breaker is OPEN. Will recover at {self.last_failure_time + self.recovery_timeout}")
Exception: Circuit breaker is OPEN. Will recover at 1779851958.3116248

2026-05-27 10:19:20,637 - __main__ - WARNING - Circuit breaker entering HALF_OPEN state
2026-05-27 10:19:20,644 - __main__ - ERROR - Circuit breaker failure #28: Object of type datetime is not JSON serializable
2026-05-27 10:19:20,653 - __main__ - ERROR - Circuit breaker OPENED after 28 failures
2026-05-27 10:19:20,653 - __main__ - ERROR - Broadcast failed: Object of type datetime is not JSON serializable
Traceback (most recent call last):
  File "C:\Users\LENOVO\OneDrive\Desktop\JARKOM\main.py", line 361, in safe_broadcast_update
    message = broadcast_circuit_breaker.call(
  File "C:\Users\LENOVO\OneDrive\Desktop\JARKOM\main.py", line 89, in call
    result = func(*args, **kwargs)
  File "C:\Users\LENOVO\AppData\Local\Programs\Python\Python310\lib\json\__init__.py", line 231, in dumps
    return _default_encoder.encode(obj)
  File "C:\Users\LENOVO\AppData\Local\Programs\Python\Python310\lib\json\encoder.py", line 199, in encode
    chunks = self.iterencode(o, _one_shot=True)
  File "C:\Users\LENOVO\AppData\Local\Programs\Python\Python310\lib\json\encoder.py", line 257, in iterencode
    return _iterencode(o, 0)
  File "C:\Users\LENOVO\AppData\Local\Programs\Python\Python310\lib\json\encoder.py", line 179, in default
    raise TypeError(f'Object of type {o.__class__.__name__} '
TypeError: Object of type datetime is not JSON serializable

2026-05-27 10:19:23,862 - __main__ - ERROR - Broadcast failed: Circuit breaker is OPEN. Will recover at 1779852020.6449237
Traceback (most recent call last):
  File "C:\Users\LENOVO\OneDrive\Desktop\JARKOM\main.py", line 361, in safe_broadcast_update
    message = broadcast_circuit_breaker.call(
  File "C:\Users\LENOVO\OneDrive\Desktop\JARKOM\main.py", line 86, in call
    raise Exception(f"Circuit breaker is OPEN. Will recover at {self.last_failure_time + self.recovery_timeout}")
Exception: Circuit breaker is OPEN. Will recover at 1779852020.6449237

2026-05-27 10:19:26,881 - __main__ - ERROR - Broadcast failed: Circuit breaker is OPEN. Will recover at 1779852020.6449237
Traceback (most recent call last):
  File "C:\Users\LENOVO\OneDrive\Desktop\JARKOM\main.py", line 361, in safe_broadcast_update
    message = broadcast_circuit_breaker.call(
  File "C:\Users\LENOVO\OneDrive\Desktop\JARKOM\main.py", line 86, in call
    raise Exception(f"Circuit breaker is OPEN. Will recover at {self.last_failure_time + self.recovery_timeout}")
Exception: Circuit breaker is OPEN. Will recover at 1779852020.6449237

2026-05-27 10:19:30,084 - __main__ - ERROR - Broadcast failed: Circuit breaker is OPEN. Will recover at 1779852020.6449237
Traceback (most recent call last):
  File "C:\Users\LENOVO\OneDrive\Desktop\JARKOM\main.py", line 361, in safe_broadcast_update
    message = broadcast_circuit_breaker.call(
  File "C:\Users\LENOVO\OneDrive\Desktop\JARKOM\main.py", line 86, in call
    raise Exception(f"Circuit breaker is OPEN. Will recover at {self.last_failure_time + self.recovery_timeout}")
Exception: Circuit breaker is OPEN. Will recover at 1779852020.6449237

2026-05-27 10:19:33,082 - __main__ - ERROR - Broadcast failed: Circuit breaker is OPEN. Will recover at 1779852020.6449237
Traceback (most recent call last):
  File "C:\Users\LENOVO\OneDrive\Desktop\JARKOM\main.py", line 361, in safe_broadcast_update
    message = broadcast_circuit_breaker.call(
  File "C:\Users\LENOVO\OneDrive\Desktop\JARKOM\main.py", line 86, in call
    raise Exception(f"Circuit breaker is OPEN. Will recover at {self.last_failure_time + self.recovery_timeout}")
Exception: Circuit breaker is OPEN. Will recover at 1779852020.6449237

2026-05-27 10:19:36,107 - __main__ - ERROR - Broadcast failed: Circuit breaker is OPEN. Will recover at 1779852020.6449237
Traceback (most recent call last):
  File "C:\Users\LENOVO\OneDrive\Desktop\JARKOM\main.py", line 361, in safe_broadcast_update
    message = broadcast_circuit_breaker.call(
  File "C:\Users\LENOVO\OneDrive\Desktop\JARKOM\main.py", line 86, in call
    raise Exception(f"Circuit breaker is OPEN. Will recover at {self.last_failure_time + self.recovery_timeout}")
Exception: Circuit breaker is OPEN. Will recover at 1779852020.6449237

2026-05-27 10:19:39,069 - __main__ - ERROR - Broadcast failed: Circuit breaker is OPEN. Will recover at 1779852020.6449237
Traceback (most recent call last):
  File "C:\Users\LENOVO\OneDrive\Desktop\JARKOM\main.py", line 361, in safe_broadcast_update
    message = broadcast_circuit_breaker.call(
  File "C:\Users\LENOVO\OneDrive\Desktop\JARKOM\main.py", line 86, in call
    raise Exception(f"Circuit breaker is OPEN. Will recover at {self.last_failure_time + self.recovery_timeout}")
Exception: Circuit breaker is OPEN. Will recover at 1779852020.6449237

2026-05-27 10:19:42,335 - __main__ - ERROR - Broadcast failed: Circuit breaker is OPEN. Will recover at 1779852020.6449237
Traceback (most recent call last):
  File "C:\Users\LENOVO\OneDrive\Desktop\JARKOM\main.py", line 361, in safe_broadcast_update
    message = broadcast_circuit_breaker.call(
  File "C:\Users\LENOVO\OneDrive\Desktop\JARKOM\main.py", line 86, in call
    raise Exception(f"Circuit breaker is OPEN. Will recover at {self.last_failure_time + self.recovery_timeout}")
Exception: Circuit breaker is OPEN. Will recover at 1779852020.6449237

2026-05-27 10:19:45,378 - __main__ - ERROR - Broadcast failed: Circuit breaker is OPEN. Will recover at 1779852020.6449237
Traceback (most recent call last):
  File "C:\Users\LENOVO\OneDrive\Desktop\JARKOM\main.py", line 361, in safe_broadcast_update
    message = broadcast_circuit_breaker.call(
  File "C:\Users\LENOVO\OneDrive\Desktop\JARKOM\main.py", line 86, in call
    raise Exception(f"Circuit breaker is OPEN. Will recover at {self.last_failure_time + self.recovery_timeout}")
Exception: Circuit breaker is OPEN. Will recover at 1779852020.6449237

2026-05-27 10:19:48,546 - __main__ - ERROR - Broadcast failed: Circuit breaker is OPEN. Will recover at 1779852020.6449237
Traceback (most recent call last):
  File "C:\Users\LENOVO\OneDrive\Desktop\JARKOM\main.py", line 361, in safe_broadcast_update
    message = broadcast_circuit_breaker.call(
  File "C:\Users\LENOVO\OneDrive\Desktop\JARKOM\main.py", line 86, in call
    raise Exception(f"Circuit breaker is OPEN. Will recover at {self.last_failure_time + self.recovery_timeout}")
Exception: Circuit breaker is OPEN. Will recover at 1779852020.6449237

2026-05-27 10:19:51,536 - __main__ - ERROR - Broadcast failed: Circuit breaker is OPEN. Will recover at 1779852020.6449237
Traceback (most recent call last):
  File "C:\Users\LENOVO\OneDrive\Desktop\JARKOM\main.py", line 361, in safe_broadcast_update
    message = broadcast_circuit_breaker.call(
  File "C:\Users\LENOVO\OneDrive\Desktop\JARKOM\main.py", line 86, in call
    raise Exception(f"Circuit breaker is OPEN. Will recover at {self.last_failure_time + self.recovery_timeout}")
Exception: Circuit breaker is OPEN. Will recover at 1779852020.6449237

2026-05-27 10:19:54,671 - __main__ - ERROR - Broadcast failed: Circuit breaker is OPEN. Will recover at 1779852020.6449237
Traceback (most recent call last):
  File "C:\Users\LENOVO\OneDrive\Desktop\JARKOM\main.py", line 361, in safe_broadcast_update
    message = broadcast_circuit_breaker.call(
  File "C:\Users\LENOVO\OneDrive\Desktop\JARKOM\main.py", line 86, in call
    raise Exception(f"Circuit breaker is OPEN. Will recover at {self.last_failure_time + self.recovery_timeout}")
Exception: Circuit breaker is OPEN. Will recover at 1779852020.6449237

2026-05-27 10:19:57,770 - __main__ - ERROR - Broadcast failed: Circuit breaker is OPEN. Will recover at 1779852020.6449237
Traceback (most recent call last):
  File "C:\Users\LENOVO\OneDrive\Desktop\JARKOM\main.py", line 361, in safe_broadcast_update
    message = broadcast_circuit_breaker.call(
  File "C:\Users\LENOVO\OneDrive\Desktop\JARKOM\main.py", line 86, in call
    raise Exception(f"Circuit breaker is OPEN. Will recover at {self.last_failure_time + self.recovery_timeout}")
Exception: Circuit breaker is OPEN. Will recover at 1779852020.6449237

2026-05-27 10:20:00,956 - __main__ - ERROR - Broadcast failed: Circuit breaker is OPEN. Will recover at 1779852020.6449237
Traceback (most recent call last):
  File "C:\Users\LENOVO\OneDrive\Desktop\JARKOM\main.py", line 361, in safe_broadcast_update
    message = broadcast_circuit_breaker.call(
  File "C:\Users\LENOVO\OneDrive\Desktop\JARKOM\main.py", line 86, in call
    raise Exception(f"Circuit breaker is OPEN. Will recover at {self.last_failure_time + self.recovery_timeout}")
Exception: Circuit breaker is OPEN. Will recover at 1779852020.6449237

2026-05-27 10:20:04,089 - __main__ - ERROR - Broadcast failed: Circuit breaker is OPEN. Will recover at 1779852020.6449237
Traceback (most recent call last):
  File "C:\Users\LENOVO\OneDrive\Desktop\JARKOM\main.py", line 361, in safe_broadcast_update
    message = broadcast_circuit_breaker.call(
  File "C:\Users\LENOVO\OneDrive\Desktop\JARKOM\main.py", line 86, in call
    raise Exception(f"Circuit breaker is OPEN. Will recover at {self.last_failure_time + self.recovery_timeout}")
Exception: Circuit breaker is OPEN. Will recover at 1779852020.6449237

2026-05-27 10:20:07,222 - __main__ - ERROR - Broadcast failed: Circuit breaker is OPEN. Will recover at 1779852020.6449237
Traceback (most recent call last):
  File "C:\Users\LENOVO\OneDrive\Desktop\JARKOM\main.py", line 361, in safe_broadcast_update
    message = broadcast_circuit_breaker.call(
  File "C:\Users\LENOVO\OneDrive\Desktop\JARKOM\main.py", line 86, in call
    raise Exception(f"Circuit breaker is OPEN. Will recover at {self.last_failure_time + self.recovery_timeout}")
Exception: Circuit breaker is OPEN. Will recover at 1779852020.6449237

2026-05-27 10:20:10,338 - __main__ - ERROR - Broadcast failed: Circuit breaker is OPEN. Will recover at 1779852020.6449237
Traceback (most recent call last):
  File "C:\Users\LENOVO\OneDrive\Desktop\JARKOM\main.py", line 361, in safe_broadcast_update
    message = broadcast_circuit_breaker.call(
  File "C:\Users\LENOVO\OneDrive\Desktop\JARKOM\main.py", line 86, in call
    raise Exception(f"Circuit breaker is OPEN. Will recover at {self.last_failure_time + self.recovery_timeout}")
Exception: Circuit breaker is OPEN. Will recover at 1779852020.6449237

2026-05-27 10:20:13,431 - __main__ - ERROR - Broadcast failed: Circuit breaker is OPEN. Will recover at 1779852020.6449237
Traceback (most recent call last):
  File "C:\Users\LENOVO\OneDrive\Desktop\JARKOM\main.py", line 361, in safe_broadcast_update
    message = broadcast_circuit_breaker.call(
  File "C:\Users\LENOVO\OneDrive\Desktop\JARKOM\main.py", line 86, in call
    raise Exception(f"Circuit breaker is OPEN. Will recover at {self.last_failure_time + self.recovery_timeout}")
Exception: Circuit breaker is OPEN. Will recover at 1779852020.6449237

2026-05-27 10:20:14,250 - __main__ - INFO - 📊 Stats - Uptime: 0:20:00.125879, Messages: 365, Failed: 0, Clients: 1, WS Connections: 1, Broadcast Failures: 363
2026-05-27 10:20:16,608 - __main__ - ERROR - Broadcast failed: Circuit breaker is OPEN. Will recover at 1779852020.6449237
Traceback (most recent call last):
  File "C:\Users\LENOVO\OneDrive\Desktop\JARKOM\main.py", line 361, in safe_broadcast_update
    message = broadcast_circuit_breaker.call(
  File "C:\Users\LENOVO\OneDrive\Desktop\JARKOM\main.py", line 86, in call
    raise Exception(f"Circuit breaker is OPEN. Will recover at {self.last_failure_time + self.recovery_timeout}")
Exception: Circuit breaker is OPEN. Will recover at 1779852020.6449237

2026-05-27 10:20:19,795 - __main__ - ERROR - Broadcast failed: Circuit breaker is OPEN. Will recover at 1779852020.6449237
Traceback (most recent call last):
  File "C:\Users\LENOVO\OneDrive\Desktop\JARKOM\main.py", line 361, in safe_broadcast_update
    message = broadcast_circuit_breaker.call(
  File "C:\Users\LENOVO\OneDrive\Desktop\JARKOM\main.py", line 86, in call
    raise Exception(f"Circuit breaker is OPEN. Will recover at {self.last_failure_time + self.recovery_timeout}")
Exception: Circuit breaker is OPEN. Will recover at 1779852020.6449237

2026-05-27 10:20:22,844 - __main__ - WARNING - Circuit breaker entering HALF_OPEN state
2026-05-27 10:20:22,844 - __main__ - ERROR - Circuit breaker failure #29: Object of type datetime is not JSON serializable
2026-05-27 10:20:22,844 - __main__ - ERROR - Circuit breaker OPENED after 29 failures
2026-05-27 10:20:22,844 - __main__ - ERROR - Broadcast failed: Object of type datetime is not JSON serializable
Traceback (most recent call last):
  File "C:\Users\LENOVO\OneDrive\Desktop\JARKOM\main.py", line 361, in safe_broadcast_update
    message = broadcast_circuit_breaker.call(
  File "C:\Users\LENOVO\OneDrive\Desktop\JARKOM\main.py", line 89, in call
    result = func(*args, **kwargs)
  File "C:\Users\LENOVO\AppData\Local\Programs\Python\Python310\lib\json\__init__.py", line 231, in dumps
    return _default_encoder.encode(obj)
  File "C:\Users\LENOVO\AppData\Local\Programs\Python\Python310\lib\json\encoder.py", line 199, in encode
    chunks = self.iterencode(o, _one_shot=True)
  File "C:\Users\LENOVO\AppData\Local\Programs\Python\Python310\lib\json\encoder.py", line 257, in iterencode
    return _iterencode(o, 0)
  File "C:\Users\LENOVO\AppData\Local\Programs\Python\Python310\lib\json\encoder.py", line 179, in default
    raise TypeError(f'Object of type {o.__class__.__name__} '
TypeError: Object of type datetime is not JSON serializable

2026-05-27 10:20:26,003 - __main__ - ERROR - Broadcast failed: Circuit breaker is OPEN. Will recover at 1779852082.8445435
Traceback (most recent call last):
  File "C:\Users\LENOVO\OneDrive\Desktop\JARKOM\main.py", line 361, in safe_broadcast_update
    message = broadcast_circuit_breaker.call(
  File "C:\Users\LENOVO\OneDrive\Desktop\JARKOM\main.py", line 86, in call
    raise Exception(f"Circuit breaker is OPEN. Will recover at {self.last_failure_time + self.recovery_timeout}")
Exception: Circuit breaker is OPEN. Will recover at 1779852082.8445435

2026-05-27 10:20:29,053 - __main__ - ERROR - Broadcast failed: Circuit breaker is OPEN. Will recover at 1779852082.8445435
Traceback (most recent call last):
  File "C:\Users\LENOVO\OneDrive\Desktop\JARKOM\main.py", line 361, in safe_broadcast_update
    message = broadcast_circuit_breaker.call(
  File "C:\Users\LENOVO\OneDrive\Desktop\JARKOM\main.py", line 86, in call
    raise Exception(f"Circuit breaker is OPEN. Will recover at {self.last_failure_time + self.recovery_timeout}")
Exception: Circuit breaker is OPEN. Will recover at 1779852082.8445435

2026-05-27 10:20:32,324 - __main__ - ERROR - Broadcast failed: Circuit breaker is OPEN. Will recover at 1779852082.8445435
Traceback (most recent call last):
  File "C:\Users\LENOVO\OneDrive\Desktop\JARKOM\main.py", line 361, in safe_broadcast_update
    message = broadcast_circuit_breaker.call(
  File "C:\Users\LENOVO\OneDrive\Desktop\JARKOM\main.py", line 86, in call
    raise Exception(f"Circuit breaker is OPEN. Will recover at {self.last_failure_time + self.recovery_timeout}")
Exception: Circuit breaker is OPEN. Will recover at 1779852082.8445435

2026-05-27 10:20:35,470 - __main__ - ERROR - Broadcast failed: Circuit breaker is OPEN. Will recover at 1779852082.8445435
Traceback (most recent call last):
  File "C:\Users\LENOVO\OneDrive\Desktop\JARKOM\main.py", line 361, in safe_broadcast_update
    message = broadcast_circuit_breaker.call(
  File "C:\Users\LENOVO\OneDrive\Desktop\JARKOM\main.py", line 86, in call
    raise Exception(f"Circuit breaker is OPEN. Will recover at {self.last_failure_time + self.recovery_timeout}")
Exception: Circuit breaker is OPEN. Will recover at 1779852082.8445435

2026-05-27 10:20:38,579 - __main__ - ERROR - Broadcast failed: Circuit breaker is OPEN. Will recover at 1779852082.8445435
Traceback (most recent call last):
  File "C:\Users\LENOVO\OneDrive\Desktop\JARKOM\main.py", line 361, in safe_broadcast_update
    message = broadcast_circuit_breaker.call(
  File "C:\Users\LENOVO\OneDrive\Desktop\JARKOM\main.py", line 86, in call
    raise Exception(f"Circuit breaker is OPEN. Will recover at {self.last_failure_time + self.recovery_timeout}")
Exception: Circuit breaker is OPEN. Will recover at 1779852082.8445435

2026-05-27 10:20:41,741 - __main__ - ERROR - Broadcast failed: Circuit breaker is OPEN. Will recover at 1779852082.8445435
Traceback (most recent call last):
  File "C:\Users\LENOVO\OneDrive\Desktop\JARKOM\main.py", line 361, in safe_broadcast_update
    message = broadcast_circuit_breaker.call(
  File "C:\Users\LENOVO\OneDrive\Desktop\JARKOM\main.py", line 86, in call
    raise Exception(f"Circuit breaker is OPEN. Will recover at {self.last_failure_time + self.recovery_timeout}")
Exception: Circuit breaker is OPEN. Will recover at 1779852082.8445435

2026-05-27 10:20:45,000 - __main__ - ERROR - Broadcast failed: Circuit breaker is OPEN. Will recover at 1779852082.8445435
Traceback (most recent call last):
  File "C:\Users\LENOVO\OneDrive\Desktop\JARKOM\main.py", line 361, in safe_broadcast_update
    message = broadcast_circuit_breaker.call(
  File "C:\Users\LENOVO\OneDrive\Desktop\JARKOM\main.py", line 86, in call
    raise Exception(f"Circuit breaker is OPEN. Will recover at {self.last_failure_time + self.recovery_timeout}")
Exception: Circuit breaker is OPEN. Will recover at 1779852082.8445435

2026-05-27 10:20:48,138 - __main__ - ERROR - Broadcast failed: Circuit breaker is OPEN. Will recover at 1779852082.8445435
Traceback (most recent call last):
  File "C:\Users\LENOVO\OneDrive\Desktop\JARKOM\main.py", line 361, in safe_broadcast_update
    message = broadcast_circuit_breaker.call(
  File "C:\Users\LENOVO\OneDrive\Desktop\JARKOM\main.py", line 86, in call
    raise Exception(f"Circuit breaker is OPEN. Will recover at {self.last_failure_time + self.recovery_timeout}")
Exception: Circuit breaker is OPEN. Will recover at 1779852082.8445435

2026-05-27 10:20:51,183 - __main__ - ERROR - Broadcast failed: Circuit breaker is OPEN. Will recover at 1779852082.8445435
Traceback (most recent call last):
  File "C:\Users\LENOVO\OneDrive\Desktop\JARKOM\main.py", line 361, in safe_broadcast_update
    message = broadcast_circuit_breaker.call(
  File "C:\Users\LENOVO\OneDrive\Desktop\JARKOM\main.py", line 86, in call
    raise Exception(f"Circuit breaker is OPEN. Will recover at {self.last_failure_time + self.recovery_timeout}")
Exception: Circuit breaker is OPEN. Will recover at 1779852082.8445435

2026-05-27 10:20:54,443 - __main__ - ERROR - Broadcast failed: Circuit breaker is OPEN. Will recover at 1779852082.8445435
Traceback (most recent call last):
  File "C:\Users\LENOVO\OneDrive\Desktop\JARKOM\main.py", line 361, in safe_broadcast_update
    message = broadcast_circuit_breaker.call(
  File "C:\Users\LENOVO\OneDrive\Desktop\JARKOM\main.py", line 86, in call
    raise Exception(f"Circuit breaker is OPEN. Will recover at {self.last_failure_time + self.recovery_timeout}")
Exception: Circuit breaker is OPEN. Will recover at 1779852082.8445435

2026-05-27 10:20:57,710 - __main__ - ERROR - Broadcast failed: Circuit breaker is OPEN. Will recover at 1779852082.8445435
Traceback (most recent call last):
  File "C:\Users\LENOVO\OneDrive\Desktop\JARKOM\main.py", line 361, in safe_broadcast_update
    message = broadcast_circuit_breaker.call(
  File "C:\Users\LENOVO\OneDrive\Desktop\JARKOM\main.py", line 86, in call
    raise Exception(f"Circuit breaker is OPEN. Will recover at {self.last_failure_time + self.recovery_timeout}")
Exception: Circuit breaker is OPEN. Will recover at 1779852082.8445435

2026-05-27 10:21:00,948 - __main__ - ERROR - Broadcast failed: Circuit breaker is OPEN. Will recover at 1779852082.8445435
Traceback (most recent call last):
  File "C:\Users\LENOVO\OneDrive\Desktop\JARKOM\main.py", line 361, in safe_broadcast_update
    message = broadcast_circuit_breaker.call(
  File "C:\Users\LENOVO\OneDrive\Desktop\JARKOM\main.py", line 86, in call
    raise Exception(f"Circuit breaker is OPEN. Will recover at {self.last_failure_time + self.recovery_timeout}")
Exception: Circuit breaker is OPEN. Will recover at 1779852082.8445435

2026-05-27 10:21:04,055 - __main__ - ERROR - Broadcast failed: Circuit breaker is OPEN. Will recover at 1779852082.8445435
Traceback (most recent call last):
  File "C:\Users\LENOVO\OneDrive\Desktop\JARKOM\main.py", line 361, in safe_broadcast_update
    message = broadcast_circuit_breaker.call(
  File "C:\Users\LENOVO\OneDrive\Desktop\JARKOM\main.py", line 86, in call
    raise Exception(f"Circuit breaker is OPEN. Will recover at {self.last_failure_time + self.recovery_timeout}")
Exception: Circuit breaker is OPEN. Will recover at 1779852082.8445435

2026-05-27 10:21:07,101 - __main__ - ERROR - Broadcast failed: Circuit breaker is OPEN. Will recover at 1779852082.8445435
Traceback (most recent call last):
  File "C:\Users\LENOVO\OneDrive\Desktop\JARKOM\main.py", line 361, in safe_broadcast_update
    message = broadcast_circuit_breaker.call(
  File "C:\Users\LENOVO\OneDrive\Desktop\JARKOM\main.py", line 86, in call
    raise Exception(f"Circuit breaker is OPEN. Will recover at {self.last_failure_time + self.recovery_timeout}")
Exception: Circuit breaker is OPEN. Will recover at 1779852082.8445435

2026-05-27 10:21:10,266 - __main__ - ERROR - Broadcast failed: Circuit breaker is OPEN. Will recover at 1779852082.8445435
Traceback (most recent call last):
  File "C:\Users\LENOVO\OneDrive\Desktop\JARKOM\main.py", line 361, in safe_broadcast_update
    message = broadcast_circuit_breaker.call(
  File "C:\Users\LENOVO\OneDrive\Desktop\JARKOM\main.py", line 86, in call
    raise Exception(f"Circuit breaker is OPEN. Will recover at {self.last_failure_time + self.recovery_timeout}")
Exception: Circuit breaker is OPEN. Will recover at 1779852082.8445435

2026-05-27 10:21:13,483 - __main__ - ERROR - Broadcast failed: Circuit breaker is OPEN. Will recover at 1779852082.8445435
Traceback (most recent call last):
  File "C:\Users\LENOVO\OneDrive\Desktop\JARKOM\main.py", line 361, in safe_broadcast_update
    message = broadcast_circuit_breaker.call(
  File "C:\Users\LENOVO\OneDrive\Desktop\JARKOM\main.py", line 86, in call
    raise Exception(f"Circuit breaker is OPEN. Will recover at {self.last_failure_time + self.recovery_timeout}")
Exception: Circuit breaker is OPEN. Will recover at 1779852082.8445435

2026-05-27 10:21:14,248 - __main__ - INFO - 📊 Stats - Uptime: 0:21:00.123766, Messages: 384, Failed: 0, Clients: 1, WS Connections: 1, Broadcast Failures: 382
2026-05-27 10:21:16,725 - __main__ - ERROR - Broadcast failed: Circuit breaker is OPEN. Will recover at 1779852082.8445435
Traceback (most recent call last):
  File "C:\Users\LENOVO\OneDrive\Desktop\JARKOM\main.py", line 361, in safe_broadcast_update
    message = broadcast_circuit_breaker.call(
  File "C:\Users\LENOVO\OneDrive\Desktop\JARKOM\main.py", line 86, in call
    raise Exception(f"Circuit breaker is OPEN. Will recover at {self.last_failure_time + self.recovery_timeout}")
Exception: Circuit breaker is OPEN. Will recover at 1779852082.8445435

2026-05-27 10:21:19,830 - __main__ - ERROR - Broadcast failed: Circuit breaker is OPEN. Will recover at 1779852082.8445435
Traceback (most recent call last):
  File "C:\Users\LENOVO\OneDrive\Desktop\JARKOM\main.py", line 361, in safe_broadcast_update
    message = broadcast_circuit_breaker.call(
  File "C:\Users\LENOVO\OneDrive\Desktop\JARKOM\main.py", line 86, in call
    raise Exception(f"Circuit breaker is OPEN. Will recover at {self.last_failure_time + self.recovery_timeout}")
Exception: Circuit breaker is OPEN. Will recover at 1779852082.8445435

2026-05-27 10:21:23,100 - __main__ - WARNING - Circuit breaker entering HALF_OPEN state
2026-05-27 10:21:23,100 - __main__ - ERROR - Circuit breaker failure #30: Object of type datetime is not JSON serializable
2026-05-27 10:21:23,100 - __main__ - ERROR - Circuit breaker OPENED after 30 failures
2026-05-27 10:21:23,100 - __main__ - ERROR - Broadcast failed: Object of type datetime is not JSON serializable
Traceback (most recent call last):
  File "C:\Users\LENOVO\OneDrive\Desktop\JARKOM\main.py", line 361, in safe_broadcast_update
    message = broadcast_circuit_breaker.call(
  File "C:\Users\LENOVO\OneDrive\Desktop\JARKOM\main.py", line 89, in call
    result = func(*args, **kwargs)
  File "C:\Users\LENOVO\AppData\Local\Programs\Python\Python310\lib\json\__init__.py", line 231, in dumps
    return _default_encoder.encode(obj)
  File "C:\Users\LENOVO\AppData\Local\Programs\Python\Python310\lib\json\encoder.py", line 199, in encode
    chunks = self.iterencode(o, _one_shot=True)
  File "C:\Users\LENOVO\AppData\Local\Programs\Python\Python310\lib\json\encoder.py", line 257, in iterencode
    return _iterencode(o, 0)
  File "C:\Users\LENOVO\AppData\Local\Programs\Python\Python310\lib\json\encoder.py", line 179, in default
    raise TypeError(f'Object of type {o.__class__.__name__} '
TypeError: Object of type datetime is not JSON serializable

2026-05-27 10:21:26,607 - __main__ - ERROR - Broadcast failed: Circuit breaker is OPEN. Will recover at 1779852143.1008205
Traceback (most recent call last):
  File "C:\Users\LENOVO\OneDrive\Desktop\JARKOM\main.py", line 361, in safe_broadcast_update
    message = broadcast_circuit_breaker.call(
  File "C:\Users\LENOVO\OneDrive\Desktop\JARKOM\main.py", line 86, in call
    raise Exception(f"Circuit breaker is OPEN. Will recover at {self.last_failure_time + self.recovery_timeout}")
Exception: Circuit breaker is OPEN. Will recover at 1779852143.1008205

2026-05-27 10:21:30,074 - __main__ - ERROR - Broadcast failed: Circuit breaker is OPEN. Will recover at 1779852143.1008205
Traceback (most recent call last):
  File "C:\Users\LENOVO\OneDrive\Desktop\JARKOM\main.py", line 361, in safe_broadcast_update
    message = broadcast_circuit_breaker.call(
  File "C:\Users\LENOVO\OneDrive\Desktop\JARKOM\main.py", line 86, in call
    raise Exception(f"Circuit breaker is OPEN. Will recover at {self.last_failure_time + self.recovery_timeout}")
Exception: Circuit breaker is OPEN. Will recover at 1779852143.1008205

2026-05-27 10:21:33,450 - __main__ - ERROR - Broadcast failed: Circuit breaker is OPEN. Will recover at 1779852143.1008205
Traceback (most recent call last):
  File "C:\Users\LENOVO\OneDrive\Desktop\JARKOM\main.py", line 361, in safe_broadcast_update
    message = broadcast_circuit_breaker.call(
  File "C:\Users\LENOVO\OneDrive\Desktop\JARKOM\main.py", line 86, in call
    raise Exception(f"Circuit breaker is OPEN. Will recover at {self.last_failure_time + self.recovery_timeout}")
Exception: Circuit breaker is OPEN. Will recover at 1779852143.1008205

2026-05-27 10:21:36,741 - __main__ - ERROR - Broadcast failed: Circuit breaker is OPEN. Will recover at 1779852143.1008205
Traceback (most recent call last):
  File "C:\Users\LENOVO\OneDrive\Desktop\JARKOM\main.py", line 361, in safe_broadcast_update
    message = broadcast_circuit_breaker.call(
  File "C:\Users\LENOVO\OneDrive\Desktop\JARKOM\main.py", line 86, in call
    raise Exception(f"Circuit breaker is OPEN. Will recover at {self.last_failure_time + self.recovery_timeout}")
Exception: Circuit breaker is OPEN. Will recover at 1779852143.1008205

2026-05-27 10:21:40,238 - __main__ - ERROR - Broadcast failed: Circuit breaker is OPEN. Will recover at 1779852143.1008205
Traceback (most recent call last):
  File "C:\Users\LENOVO\OneDrive\Desktop\JARKOM\main.py", line 361, in safe_broadcast_update
    message = broadcast_circuit_breaker.call(
  File "C:\Users\LENOVO\OneDrive\Desktop\JARKOM\main.py", line 86, in call
    raise Exception(f"Circuit breaker is OPEN. Will recover at {self.last_failure_time + self.recovery_timeout}")
Exception: Circuit breaker is OPEN. Will recover at 1779852143.1008205

2026-05-27 10:21:43,524 - __main__ - ERROR - Broadcast failed: Circuit breaker is OPEN. Will recover at 1779852143.1008205
Traceback (most recent call last):
  File "C:\Users\LENOVO\OneDrive\Desktop\JARKOM\main.py", line 361, in safe_broadcast_update
    message = broadcast_circuit_breaker.call(
  File "C:\Users\LENOVO\OneDrive\Desktop\JARKOM\main.py", line 86, in call
    raise Exception(f"Circuit breaker is OPEN. Will recover at {self.last_failure_time + self.recovery_timeout}")
Exception: Circuit breaker is OPEN. Will recover at 1779852143.1008205

2026-05-27 10:21:46,796 - __main__ - ERROR - Broadcast failed: Circuit breaker is OPEN. Will recover at 1779852143.1008205
Traceback (most recent call last):
  File "C:\Users\LENOVO\OneDrive\Desktop\JARKOM\main.py", line 361, in safe_broadcast_update
    message = broadcast_circuit_breaker.call(
  File "C:\Users\LENOVO\OneDrive\Desktop\JARKOM\main.py", line 86, in call
    raise Exception(f"Circuit breaker is OPEN. Will recover at {self.last_failure_time + self.recovery_timeout}")
Exception: Circuit breaker is OPEN. Will recover at 1779852143.1008205

2026-05-27 10:21:49,934 - __main__ - ERROR - Broadcast failed: Circuit breaker is OPEN. Will recover at 1779852143.1008205
Traceback (most recent call last):
  File "C:\Users\LENOVO\OneDrive\Desktop\JARKOM\main.py", line 361, in safe_broadcast_update
    message = broadcast_circuit_breaker.call(
  File "C:\Users\LENOVO\OneDrive\Desktop\JARKOM\main.py", line 86, in call
    raise Exception(f"Circuit breaker is OPEN. Will recover at {self.last_failure_time + self.recovery_timeout}")
Exception: Circuit breaker is OPEN. Will recover at 1779852143.1008205

2026-05-27 10:21:53,147 - __main__ - ERROR - Broadcast failed: Circuit breaker is OPEN. Will recover at 1779852143.1008205
Traceback (most recent call last):
  File "C:\Users\LENOVO\OneDrive\Desktop\JARKOM\main.py", line 361, in safe_broadcast_update
    message = broadcast_circuit_breaker.call(
  File "C:\Users\LENOVO\OneDrive\Desktop\JARKOM\main.py", line 86, in call
    raise Exception(f"Circuit breaker is OPEN. Will recover at {self.last_failure_time + self.recovery_timeout}")
Exception: Circuit breaker is OPEN. Will recover at 1779852143.1008205

2026-05-27 10:21:56,232 - __main__ - ERROR - Broadcast failed: Circuit breaker is OPEN. Will recover at 1779852143.1008205
Traceback (most recent call last):
  File "C:\Users\LENOVO\OneDrive\Desktop\JARKOM\main.py", line 361, in safe_broadcast_update
    message = broadcast_circuit_breaker.call(
  File "C:\Users\LENOVO\OneDrive\Desktop\JARKOM\main.py", line 86, in call
    raise Exception(f"Circuit breaker is OPEN. Will recover at {self.last_failure_time + self.recovery_timeout}")
Exception: Circuit breaker is OPEN. Will recover at 1779852143.1008205

2026-05-27 10:21:59,448 - __main__ - ERROR - Broadcast failed: Circuit breaker is OPEN. Will recover at 1779852143.1008205
Traceback (most recent call last):
  File "C:\Users\LENOVO\OneDrive\Desktop\JARKOM\main.py", line 361, in safe_broadcast_update
    message = broadcast_circuit_breaker.call(
  File "C:\Users\LENOVO\OneDrive\Desktop\JARKOM\main.py", line 86, in call
    raise Exception(f"Circuit breaker is OPEN. Will recover at {self.last_failure_time + self.recovery_timeout}")
Exception: Circuit breaker is OPEN. Will recover at 1779852143.1008205

2026-05-27 10:22:02,536 - __main__ - ERROR - Broadcast failed: Circuit breaker is OPEN. Will recover at 1779852143.1008205
Traceback (most recent call last):
  File "C:\Users\LENOVO\OneDrive\Desktop\JARKOM\main.py", line 361, in safe_broadcast_update
    message = broadcast_circuit_breaker.call(
  File "C:\Users\LENOVO\OneDrive\Desktop\JARKOM\main.py", line 86, in call
    raise Exception(f"Circuit breaker is OPEN. Will recover at {self.last_failure_time + self.recovery_timeout}")
Exception: Circuit breaker is OPEN. Will recover at 1779852143.1008205

2026-05-27 10:22:05,756 - __main__ - ERROR - Broadcast failed: Circuit breaker is OPEN. Will recover at 1779852143.1008205
Traceback (most recent call last):
  File "C:\Users\LENOVO\OneDrive\Desktop\JARKOM\main.py", line 361, in safe_broadcast_update
    message = broadcast_circuit_breaker.call(
  File "C:\Users\LENOVO\OneDrive\Desktop\JARKOM\main.py", line 86, in call
    raise Exception(f"Circuit breaker is OPEN. Will recover at {self.last_failure_time + self.recovery_timeout}")
Exception: Circuit breaker is OPEN. Will recover at 1779852143.1008205

2026-05-27 10:22:08,819 - __main__ - ERROR - Broadcast failed: Circuit breaker is OPEN. Will recover at 1779852143.1008205
Traceback (most recent call last):
  File "C:\Users\LENOVO\OneDrive\Desktop\JARKOM\main.py", line 361, in safe_broadcast_update
    message = broadcast_circuit_breaker.call(
  File "C:\Users\LENOVO\OneDrive\Desktop\JARKOM\main.py", line 86, in call
    raise Exception(f"Circuit breaker is OPEN. Will recover at {self.last_failure_time + self.recovery_timeout}")
Exception: Circuit breaker is OPEN. Will recover at 1779852143.1008205

2026-05-27 10:22:11,875 - __main__ - ERROR - Broadcast failed: Circuit breaker is OPEN. Will recover at 1779852143.1008205
Traceback (most recent call last):
  File "C:\Users\LENOVO\OneDrive\Desktop\JARKOM\main.py", line 361, in safe_broadcast_update
    message = broadcast_circuit_breaker.call(
  File "C:\Users\LENOVO\OneDrive\Desktop\JARKOM\main.py", line 86, in call
    raise Exception(f"Circuit breaker is OPEN. Will recover at {self.last_failure_time + self.recovery_timeout}")
Exception: Circuit breaker is OPEN. Will recover at 1779852143.1008205

2026-05-27 10:22:14,228 - __main__ - INFO - 📊 Stats - Uptime: 0:22:00.103376, Messages: 402, Failed: 0, Clients: 1, WS Connections: 1, Broadcast Failures: 400
2026-05-27 10:22:14,997 - __main__ - ERROR - Broadcast failed: Circuit breaker is OPEN. Will recover at 1779852143.1008205
Traceback (most recent call last):
  File "C:\Users\LENOVO\OneDrive\Desktop\JARKOM\main.py", line 361, in safe_broadcast_update
    message = broadcast_circuit_breaker.call(
  File "C:\Users\LENOVO\OneDrive\Desktop\JARKOM\main.py", line 86, in call
    raise Exception(f"Circuit breaker is OPEN. Will recover at {self.last_failure_time + self.recovery_timeout}")
Exception: Circuit breaker is OPEN. Will recover at 1779852143.1008205

2026-05-27 10:22:18,285 - __main__ - ERROR - Broadcast failed: Circuit breaker is OPEN. Will recover at 1779852143.1008205
Traceback (most recent call last):
  File "C:\Users\LENOVO\OneDrive\Desktop\JARKOM\main.py", line 361, in safe_broadcast_update
    message = broadcast_circuit_breaker.call(
  File "C:\Users\LENOVO\OneDrive\Desktop\JARKOM\main.py", line 86, in call
    raise Exception(f"Circuit breaker is OPEN. Will recover at {self.last_failure_time + self.recovery_timeout}")
Exception: Circuit breaker is OPEN. Will recover at 1779852143.1008205

2026-05-27 10:22:21,486 - __main__ - ERROR - Broadcast failed: Circuit breaker is OPEN. Will recover at 1779852143.1008205
Traceback (most recent call last):
  File "C:\Users\LENOVO\OneDrive\Desktop\JARKOM\main.py", line 361, in safe_broadcast_update
    message = broadcast_circuit_breaker.call(
  File "C:\Users\LENOVO\OneDrive\Desktop\JARKOM\main.py", line 86, in call
    raise Exception(f"Circuit breaker is OPEN. Will recover at {self.last_failure_time + self.recovery_timeout}")
Exception: Circuit breaker is OPEN. Will recover at 1779852143.1008205

2026-05-27 10:22:24,808 - __main__ - WARNING - Circuit breaker entering HALF_OPEN state
2026-05-27 10:22:24,808 - __main__ - ERROR - Circuit breaker failure #31: Object of type datetime is not JSON serializable
2026-05-27 10:22:24,808 - __main__ - ERROR - Circuit breaker OPENED after 31 failures
2026-05-27 10:22:24,808 - __main__ - ERROR - Broadcast failed: Object of type datetime is not JSON serializable
Traceback (most recent call last):
  File "C:\Users\LENOVO\OneDrive\Desktop\JARKOM\main.py", line 361, in safe_broadcast_update
    message = broadcast_circuit_breaker.call(
  File "C:\Users\LENOVO\OneDrive\Desktop\JARKOM\main.py", line 89, in call
    result = func(*args, **kwargs)
  File "C:\Users\LENOVO\AppData\Local\Programs\Python\Python310\lib\json\__init__.py", line 231, in dumps
    return _default_encoder.encode(obj)
  File "C:\Users\LENOVO\AppData\Local\Programs\Python\Python310\lib\json\encoder.py", line 199, in encode
    chunks = self.iterencode(o, _one_shot=True)
  File "C:\Users\LENOVO\AppData\Local\Programs\Python\Python310\lib\json\encoder.py", line 257, in iterencode
    return _iterencode(o, 0)
  File "C:\Users\LENOVO\AppData\Local\Programs\Python\Python310\lib\json\encoder.py", line 179, in default
    raise TypeError(f'Object of type {o.__class__.__name__} '
TypeError: Object of type datetime is not JSON serializable

2026-05-27 10:22:28,002 - __main__ - ERROR - Broadcast failed: Circuit breaker is OPEN. Will recover at 1779852204.8082979
Traceback (most recent call last):
  File "C:\Users\LENOVO\OneDrive\Desktop\JARKOM\main.py", line 361, in safe_broadcast_update
    message = broadcast_circuit_breaker.call(
  File "C:\Users\LENOVO\OneDrive\Desktop\JARKOM\main.py", line 86, in call
    raise Exception(f"Circuit breaker is OPEN. Will recover at {self.last_failure_time + self.recovery_timeout}")
Exception: Circuit breaker is OPEN. Will recover at 1779852204.8082979

2026-05-27 10:22:31,096 - __main__ - ERROR - Broadcast failed: Circuit breaker is OPEN. Will recover at 1779852204.8082979
Traceback (most recent call last):
  File "C:\Users\LENOVO\OneDrive\Desktop\JARKOM\main.py", line 361, in safe_broadcast_update
    message = broadcast_circuit_breaker.call(
  File "C:\Users\LENOVO\OneDrive\Desktop\JARKOM\main.py", line 86, in call
    raise Exception(f"Circuit breaker is OPEN. Will recover at {self.last_failure_time + self.recovery_timeout}")
Exception: Circuit breaker is OPEN. Will recover at 1779852204.8082979

2026-05-27 10:22:34,080 - __main__ - ERROR - Broadcast failed: Circuit breaker is OPEN. Will recover at 1779852204.8082979
Traceback (most recent call last):
  File "C:\Users\LENOVO\OneDrive\Desktop\JARKOM\main.py", line 361, in safe_broadcast_update
    message = broadcast_circuit_breaker.call(
  File "C:\Users\LENOVO\OneDrive\Desktop\JARKOM\main.py", line 86, in call
    raise Exception(f"Circuit breaker is OPEN. Will recover at {self.last_failure_time + self.recovery_timeout}")
Exception: Circuit breaker is OPEN. Will recover at 1779852204.8082979

2026-05-27 10:22:37,198 - __main__ - ERROR - Broadcast failed: Circuit breaker is OPEN. Will recover at 1779852204.8082979
Traceback (most recent call last):
  File "C:\Users\LENOVO\OneDrive\Desktop\JARKOM\main.py", line 361, in safe_broadcast_update
    message = broadcast_circuit_breaker.call(
  File "C:\Users\LENOVO\OneDrive\Desktop\JARKOM\main.py", line 86, in call
    raise Exception(f"Circuit breaker is OPEN. Will recover at {self.last_failure_time + self.recovery_timeout}")
Exception: Circuit breaker is OPEN. Will recover at 1779852204.8082979

2026-05-27 10:22:40,547 - __main__ - ERROR - Broadcast failed: Circuit breaker is OPEN. Will recover at 1779852204.8082979
Traceback (most recent call last):
  File "C:\Users\LENOVO\OneDrive\Desktop\JARKOM\main.py", line 361, in safe_broadcast_update
    message = broadcast_circuit_breaker.call(
  File "C:\Users\LENOVO\OneDrive\Desktop\JARKOM\main.py", line 86, in call
    raise Exception(f"Circuit breaker is OPEN. Will recover at {self.last_failure_time + self.recovery_timeout}")
Exception: Circuit breaker is OPEN. Will recover at 1779852204.8082979

2026-05-27 10:22:43,683 - __main__ - ERROR - Broadcast failed: Circuit breaker is OPEN. Will recover at 1779852204.8082979
Traceback (most recent call last):
  File "C:\Users\LENOVO\OneDrive\Desktop\JARKOM\main.py", line 361, in safe_broadcast_update
    message = broadcast_circuit_breaker.call(
  File "C:\Users\LENOVO\OneDrive\Desktop\JARKOM\main.py", line 86, in call
    raise Exception(f"Circuit breaker is OPEN. Will recover at {self.last_failure_time + self.recovery_timeout}")
Exception: Circuit breaker is OPEN. Will recover at 1779852204.8082979

2026-05-27 10:22:46,820 - __main__ - ERROR - Broadcast failed: Circuit breaker is OPEN. Will recover at 1779852204.8082979
Traceback (most recent call last):
  File "C:\Users\LENOVO\OneDrive\Desktop\JARKOM\main.py", line 361, in safe_broadcast_update
    message = broadcast_circuit_breaker.call(
  File "C:\Users\LENOVO\OneDrive\Desktop\JARKOM\main.py", line 86, in call
    raise Exception(f"Circuit breaker is OPEN. Will recover at {self.last_failure_time + self.recovery_timeout}")
Exception: Circuit breaker is OPEN. Will recover at 1779852204.8082979

2026-05-27 10:22:50,287 - __main__ - ERROR - Broadcast failed: Circuit breaker is OPEN. Will recover at 1779852204.8082979
Traceback (most recent call last):
  File "C:\Users\LENOVO\OneDrive\Desktop\JARKOM\main.py", line 361, in safe_broadcast_update
    message = broadcast_circuit_breaker.call(
  File "C:\Users\LENOVO\OneDrive\Desktop\JARKOM\main.py", line 86, in call
    raise Exception(f"Circuit breaker is OPEN. Will recover at {self.last_failure_time + self.recovery_timeout}")
Exception: Circuit breaker is OPEN. Will recover at 1779852204.8082979

2026-05-27 10:22:53,830 - __main__ - ERROR - Broadcast failed: Circuit breaker is OPEN. Will recover at 1779852204.8082979
Traceback (most recent call last):
  File "C:\Users\LENOVO\OneDrive\Desktop\JARKOM\main.py", line 361, in safe_broadcast_update
    message = broadcast_circuit_breaker.call(
  File "C:\Users\LENOVO\OneDrive\Desktop\JARKOM\main.py", line 86, in call
    raise Exception(f"Circuit breaker is OPEN. Will recover at {self.last_failure_time + self.recovery_timeout}")
Exception: Circuit breaker is OPEN. Will recover at 1779852204.8082979

2026-05-27 10:22:56,928 - __main__ - ERROR - Broadcast failed: Circuit breaker is OPEN. Will recover at 1779852204.8082979
Traceback (most recent call last):
  File "C:\Users\LENOVO\OneDrive\Desktop\JARKOM\main.py", line 361, in safe_broadcast_update
    message = broadcast_circuit_breaker.call(
  File "C:\Users\LENOVO\OneDrive\Desktop\JARKOM\main.py", line 86, in call
    raise Exception(f"Circuit breaker is OPEN. Will recover at {self.last_failure_time + self.recovery_timeout}")
Exception: Circuit breaker is OPEN. Will recover at 1779852204.8082979

2026-05-27 10:23:00,260 - __main__ - ERROR - Broadcast failed: Circuit breaker is OPEN. Will recover at 1779852204.8082979
Traceback (most recent call last):
  File "C:\Users\LENOVO\OneDrive\Desktop\JARKOM\main.py", line 361, in safe_broadcast_update
    message = broadcast_circuit_breaker.call(
  File "C:\Users\LENOVO\OneDrive\Desktop\JARKOM\main.py", line 86, in call
    raise Exception(f"Circuit breaker is OPEN. Will recover at {self.last_failure_time + self.recovery_timeout}")
Exception: Circuit breaker is OPEN. Will recover at 1779852204.8082979

2026-05-27 10:23:03,347 - __main__ - ERROR - Broadcast failed: Circuit breaker is OPEN. Will recover at 1779852204.8082979
Traceback (most recent call last):
  File "C:\Users\LENOVO\OneDrive\Desktop\JARKOM\main.py", line 361, in safe_broadcast_update
    message = broadcast_circuit_breaker.call(
  File "C:\Users\LENOVO\OneDrive\Desktop\JARKOM\main.py", line 86, in call
    raise Exception(f"Circuit breaker is OPEN. Will recover at {self.last_failure_time + self.recovery_timeout}")
Exception: Circuit breaker is OPEN. Will recover at 1779852204.8082979

2026-05-27 10:23:06,599 - __main__ - ERROR - Broadcast failed: Circuit breaker is OPEN. Will recover at 1779852204.8082979
Traceback (most recent call last):
  File "C:\Users\LENOVO\OneDrive\Desktop\JARKOM\main.py", line 361, in safe_broadcast_update
    message = broadcast_circuit_breaker.call(
  File "C:\Users\LENOVO\OneDrive\Desktop\JARKOM\main.py", line 86, in call
    raise Exception(f"Circuit breaker is OPEN. Will recover at {self.last_failure_time + self.recovery_timeout}")
Exception: Circuit breaker is OPEN. Will recover at 1779852204.8082979

2026-05-27 10:23:09,627 - __main__ - ERROR - Broadcast failed: Circuit breaker is OPEN. Will recover at 1779852204.8082979
Traceback (most recent call last):
  File "C:\Users\LENOVO\OneDrive\Desktop\JARKOM\main.py", line 361, in safe_broadcast_update
    message = broadcast_circuit_breaker.call(
  File "C:\Users\LENOVO\OneDrive\Desktop\JARKOM\main.py", line 86, in call
    raise Exception(f"Circuit breaker is OPEN. Will recover at {self.last_failure_time + self.recovery_timeout}")
Exception: Circuit breaker is OPEN. Will recover at 1779852204.8082979

2026-05-27 10:23:12,848 - __main__ - ERROR - Broadcast failed: Circuit breaker is OPEN. Will recover at 1779852204.8082979
Traceback (most recent call last):
  File "C:\Users\LENOVO\OneDrive\Desktop\JARKOM\main.py", line 361, in safe_broadcast_update
    message = broadcast_circuit_breaker.call(
  File "C:\Users\LENOVO\OneDrive\Desktop\JARKOM\main.py", line 86, in call
    raise Exception(f"Circuit breaker is OPEN. Will recover at {self.last_failure_time + self.recovery_timeout}")
Exception: Circuit breaker is OPEN. Will recover at 1779852204.8082979

2026-05-27 10:23:14,256 - __main__ - INFO - 📊 Stats - Uptime: 0:23:00.132341, Messages: 421, Failed: 0, Clients: 1, WS Connections: 1, Broadcast Failures: 419
2026-05-27 10:23:15,975 - __main__ - ERROR - Broadcast failed: Circuit breaker is OPEN. Will recover at 1779852204.8082979
Traceback (most recent call last):
  File "C:\Users\LENOVO\OneDrive\Desktop\JARKOM\main.py", line 361, in safe_broadcast_update
    message = broadcast_circuit_breaker.call(
  File "C:\Users\LENOVO\OneDrive\Desktop\JARKOM\main.py", line 86, in call
    raise Exception(f"Circuit breaker is OPEN. Will recover at {self.last_failure_time + self.recovery_timeout}")
Exception: Circuit breaker is OPEN. Will recover at 1779852204.8082979

2026-05-27 10:23:19,201 - __main__ - ERROR - Broadcast failed: Circuit breaker is OPEN. Will recover at 1779852204.8082979
Traceback (most recent call last):
  File "C:\Users\LENOVO\OneDrive\Desktop\JARKOM\main.py", line 361, in safe_broadcast_update
    message = broadcast_circuit_breaker.call(
  File "C:\Users\LENOVO\OneDrive\Desktop\JARKOM\main.py", line 86, in call
    raise Exception(f"Circuit breaker is OPEN. Will recover at {self.last_failure_time + self.recovery_timeout}")
Exception: Circuit breaker is OPEN. Will recover at 1779852204.8082979

2026-05-27 10:23:22,462 - __main__ - ERROR - Broadcast failed: Circuit breaker is OPEN. Will recover at 1779852204.8082979
Traceback (most recent call last):
  File "C:\Users\LENOVO\OneDrive\Desktop\JARKOM\main.py", line 361, in safe_broadcast_update
    message = broadcast_circuit_breaker.call(
  File "C:\Users\LENOVO\OneDrive\Desktop\JARKOM\main.py", line 86, in call
    raise Exception(f"Circuit breaker is OPEN. Will recover at {self.last_failure_time + self.recovery_timeout}")
Exception: Circuit breaker is OPEN. Will recover at 1779852204.8082979

2026-05-27 10:23:25,592 - __main__ - WARNING - Circuit breaker entering HALF_OPEN state
2026-05-27 10:23:25,592 - __main__ - ERROR - Circuit breaker failure #32: Object of type datetime is not JSON serializable
2026-05-27 10:23:25,592 - __main__ - ERROR - Circuit breaker OPENED after 32 failures
2026-05-27 10:23:25,592 - __main__ - ERROR - Broadcast failed: Object of type datetime is not JSON serializable
Traceback (most recent call last):
  File "C:\Users\LENOVO\OneDrive\Desktop\JARKOM\main.py", line 361, in safe_broadcast_update
    message = broadcast_circuit_breaker.call(
  File "C:\Users\LENOVO\OneDrive\Desktop\JARKOM\main.py", line 89, in call
    result = func(*args, **kwargs)
  File "C:\Users\LENOVO\AppData\Local\Programs\Python\Python310\lib\json\__init__.py", line 231, in dumps
    return _default_encoder.encode(obj)
  File "C:\Users\LENOVO\AppData\Local\Programs\Python\Python310\lib\json\encoder.py", line 199, in encode
    chunks = self.iterencode(o, _one_shot=True)
  File "C:\Users\LENOVO\AppData\Local\Programs\Python\Python310\lib\json\encoder.py", line 257, in iterencode
    return _iterencode(o, 0)
  File "C:\Users\LENOVO\AppData\Local\Programs\Python\Python310\lib\json\encoder.py", line 179, in default
    raise TypeError(f'Object of type {o.__class__.__name__} '
TypeError: Object of type datetime is not JSON serializable

2026-05-27 10:23:28,840 - __main__ - ERROR - Broadcast failed: Circuit breaker is OPEN. Will recover at 1779852265.592314
Traceback (most recent call last):
  File "C:\Users\LENOVO\OneDrive\Desktop\JARKOM\main.py", line 361, in safe_broadcast_update
    message = broadcast_circuit_breaker.call(
  File "C:\Users\LENOVO\OneDrive\Desktop\JARKOM\main.py", line 86, in call
    raise Exception(f"Circuit breaker is OPEN. Will recover at {self.last_failure_time + self.recovery_timeout}")
Exception: Circuit breaker is OPEN. Will recover at 1779852265.592314

2026-05-27 10:23:31,989 - __main__ - ERROR - Broadcast failed: Circuit breaker is OPEN. Will recover at 1779852265.592314
Traceback (most recent call last):
  File "C:\Users\LENOVO\OneDrive\Desktop\JARKOM\main.py", line 361, in safe_broadcast_update
    message = broadcast_circuit_breaker.call(
  File "C:\Users\LENOVO\OneDrive\Desktop\JARKOM\main.py", line 86, in call
    raise Exception(f"Circuit breaker is OPEN. Will recover at {self.last_failure_time + self.recovery_timeout}")
Exception: Circuit breaker is OPEN. Will recover at 1779852265.592314

2026-05-27 10:23:35,127 - __main__ - ERROR - Broadcast failed: Circuit breaker is OPEN. Will recover at 1779852265.592314
Traceback (most recent call last):
  File "C:\Users\LENOVO\OneDrive\Desktop\JARKOM\main.py", line 361, in safe_broadcast_update
    message = broadcast_circuit_breaker.call(
  File "C:\Users\LENOVO\OneDrive\Desktop\JARKOM\main.py", line 86, in call
    raise Exception(f"Circuit breaker is OPEN. Will recover at {self.last_failure_time + self.recovery_timeout}")
Exception: Circuit breaker is OPEN. Will recover at 1779852265.592314

2026-05-27 10:23:38,356 - __main__ - ERROR - Broadcast failed: Circuit breaker is OPEN. Will recover at 1779852265.592314
Traceback (most recent call last):
  File "C:\Users\LENOVO\OneDrive\Desktop\JARKOM\main.py", line 361, in safe_broadcast_update
    message = broadcast_circuit_breaker.call(
  File "C:\Users\LENOVO\OneDrive\Desktop\JARKOM\main.py", line 86, in call
    raise Exception(f"Circuit breaker is OPEN. Will recover at {self.last_failure_time + self.recovery_timeout}")
Exception: Circuit breaker is OPEN. Will recover at 1779852265.592314

2026-05-27 10:23:41,524 - __main__ - ERROR - Broadcast failed: Circuit breaker is OPEN. Will recover at 1779852265.592314
Traceback (most recent call last):
  File "C:\Users\LENOVO\OneDrive\Desktop\JARKOM\main.py", line 361, in safe_broadcast_update
    message = broadcast_circuit_breaker.call(
  File "C:\Users\LENOVO\OneDrive\Desktop\JARKOM\main.py", line 86, in call
    raise Exception(f"Circuit breaker is OPEN. Will recover at {self.last_failure_time + self.recovery_timeout}")
Exception: Circuit breaker is OPEN. Will recover at 1779852265.592314

2026-05-27 10:23:44,665 - __main__ - ERROR - Broadcast failed: Circuit breaker is OPEN. Will recover at 1779852265.592314
Traceback (most recent call last):
  File "C:\Users\LENOVO\OneDrive\Desktop\JARKOM\main.py", line 361, in safe_broadcast_update
    message = broadcast_circuit_breaker.call(
  File "C:\Users\LENOVO\OneDrive\Desktop\JARKOM\main.py", line 86, in call
    raise Exception(f"Circuit breaker is OPEN. Will recover at {self.last_failure_time + self.recovery_timeout}")
Exception: Circuit breaker is OPEN. Will recover at 1779852265.592314

2026-05-27 10:23:47,794 - __main__ - ERROR - Broadcast failed: Circuit breaker is OPEN. Will recover at 1779852265.592314
Traceback (most recent call last):
  File "C:\Users\LENOVO\OneDrive\Desktop\JARKOM\main.py", line 361, in safe_broadcast_update
    message = broadcast_circuit_breaker.call(
  File "C:\Users\LENOVO\OneDrive\Desktop\JARKOM\main.py", line 86, in call
    raise Exception(f"Circuit breaker is OPEN. Will recover at {self.last_failure_time + self.recovery_timeout}")
Exception: Circuit breaker is OPEN. Will recover at 1779852265.592314

2026-05-27 10:23:50,832 - __main__ - ERROR - Broadcast failed: Circuit breaker is OPEN. Will recover at 1779852265.592314
Traceback (most recent call last):
  File "C:\Users\LENOVO\OneDrive\Desktop\JARKOM\main.py", line 361, in safe_broadcast_update
    message = broadcast_circuit_breaker.call(
  File "C:\Users\LENOVO\OneDrive\Desktop\JARKOM\main.py", line 86, in call
    raise Exception(f"Circuit breaker is OPEN. Will recover at {self.last_failure_time + self.recovery_timeout}")
Exception: Circuit breaker is OPEN. Will recover at 1779852265.592314

2026-05-27 10:23:54,072 - __main__ - ERROR - Broadcast failed: Circuit breaker is OPEN. Will recover at 1779852265.592314
Traceback (most recent call last):
  File "C:\Users\LENOVO\OneDrive\Desktop\JARKOM\main.py", line 361, in safe_broadcast_update
    message = broadcast_circuit_breaker.call(
  File "C:\Users\LENOVO\OneDrive\Desktop\JARKOM\main.py", line 86, in call
    raise Exception(f"Circuit breaker is OPEN. Will recover at {self.last_failure_time + self.recovery_timeout}")
Exception: Circuit breaker is OPEN. Will recover at 1779852265.592314

2026-05-27 10:23:57,320 - __main__ - ERROR - Broadcast failed: Circuit breaker is OPEN. Will recover at 1779852265.592314
Traceback (most recent call last):
  File "C:\Users\LENOVO\OneDrive\Desktop\JARKOM\main.py", line 361, in safe_broadcast_update
    message = broadcast_circuit_breaker.call(
  File "C:\Users\LENOVO\OneDrive\Desktop\JARKOM\main.py", line 86, in call
    raise Exception(f"Circuit breaker is OPEN. Will recover at {self.last_failure_time + self.recovery_timeout}")
Exception: Circuit breaker is OPEN. Will recover at 1779852265.592314

2026-05-27 10:24:00,453 - __main__ - ERROR - Broadcast failed: Circuit breaker is OPEN. Will recover at 1779852265.592314
Traceback (most recent call last):
  File "C:\Users\LENOVO\OneDrive\Desktop\JARKOM\main.py", line 361, in safe_broadcast_update
    message = broadcast_circuit_breaker.call(
  File "C:\Users\LENOVO\OneDrive\Desktop\JARKOM\main.py", line 86, in call
    raise Exception(f"Circuit breaker is OPEN. Will recover at {self.last_failure_time + self.recovery_timeout}")
Exception: Circuit breaker is OPEN. Will recover at 1779852265.592314

2026-05-27 10:24:03,793 - __main__ - ERROR - Broadcast failed: Circuit breaker is OPEN. Will recover at 1779852265.592314
Traceback (most recent call last):
  File "C:\Users\LENOVO\OneDrive\Desktop\JARKOM\main.py", line 361, in safe_broadcast_update
    message = broadcast_circuit_breaker.call(
  File "C:\Users\LENOVO\OneDrive\Desktop\JARKOM\main.py", line 86, in call
    raise Exception(f"Circuit breaker is OPEN. Will recover at {self.last_failure_time + self.recovery_timeout}")
Exception: Circuit breaker is OPEN. Will recover at 1779852265.592314

2026-05-27 10:24:06,876 - __main__ - ERROR - Broadcast failed: Circuit breaker is OPEN. Will recover at 1779852265.592314
Traceback (most recent call last):
  File "C:\Users\LENOVO\OneDrive\Desktop\JARKOM\main.py", line 361, in safe_broadcast_update
    message = broadcast_circuit_breaker.call(
  File "C:\Users\LENOVO\OneDrive\Desktop\JARKOM\main.py", line 86, in call
    raise Exception(f"Circuit breaker is OPEN. Will recover at {self.last_failure_time + self.recovery_timeout}")
Exception: Circuit breaker is OPEN. Will recover at 1779852265.592314

2026-05-27 10:24:10,164 - __main__ - ERROR - Broadcast failed: Circuit breaker is OPEN. Will recover at 1779852265.592314
Traceback (most recent call last):
  File "C:\Users\LENOVO\OneDrive\Desktop\JARKOM\main.py", line 361, in safe_broadcast_update
    message = broadcast_circuit_breaker.call(
  File "C:\Users\LENOVO\OneDrive\Desktop\JARKOM\main.py", line 86, in call
    raise Exception(f"Circuit breaker is OPEN. Will recover at {self.last_failure_time + self.recovery_timeout}")
Exception: Circuit breaker is OPEN. Will recover at 1779852265.592314

2026-05-27 10:24:13,427 - __main__ - ERROR - Broadcast failed: Circuit breaker is OPEN. Will recover at 1779852265.592314
Traceback (most recent call last):
  File "C:\Users\LENOVO\OneDrive\Desktop\JARKOM\main.py", line 361, in safe_broadcast_update
    message = broadcast_circuit_breaker.call(
  File "C:\Users\LENOVO\OneDrive\Desktop\JARKOM\main.py", line 86, in call
    raise Exception(f"Circuit breaker is OPEN. Will recover at {self.last_failure_time + self.recovery_timeout}")
Exception: Circuit breaker is OPEN. Will recover at 1779852265.592314

2026-05-27 10:24:14,263 - __main__ - INFO - 📊 Stats - Uptime: 0:24:00.138625, Messages: 440, Failed: 0, Clients: 1, WS Connections: 1, Broadcast Failures: 438
2026-05-27 10:24:16,567 - __main__ - ERROR - Broadcast failed: Circuit breaker is OPEN. Will recover at 1779852265.592314
Traceback (most recent call last):
  File "C:\Users\LENOVO\OneDrive\Desktop\JARKOM\main.py", line 361, in safe_broadcast_update
    message = broadcast_circuit_breaker.call(
  File "C:\Users\LENOVO\OneDrive\Desktop\JARKOM\main.py", line 86, in call
    raise Exception(f"Circuit breaker is OPEN. Will recover at {self.last_failure_time + self.recovery_timeout}")
Exception: Circuit breaker is OPEN. Will recover at 1779852265.592314

2026-05-27 10:24:19,751 - __main__ - ERROR - Broadcast failed: Circuit breaker is OPEN. Will recover at 1779852265.592314
Traceback (most recent call last):
  File "C:\Users\LENOVO\OneDrive\Desktop\JARKOM\main.py", line 361, in safe_broadcast_update
    message = broadcast_circuit_breaker.call(
  File "C:\Users\LENOVO\OneDrive\Desktop\JARKOM\main.py", line 86, in call
    raise Exception(f"Circuit breaker is OPEN. Will recover at {self.last_failure_time + self.recovery_timeout}")
Exception: Circuit breaker is OPEN. Will recover at 1779852265.592314

2026-05-27 10:24:23,105 - __main__ - ERROR - Broadcast failed: Circuit breaker is OPEN. Will recover at 1779852265.592314
Traceback (most recent call last):
  File "C:\Users\LENOVO\OneDrive\Desktop\JARKOM\main.py", line 361, in safe_broadcast_update
    message = broadcast_circuit_breaker.call(
  File "C:\Users\LENOVO\OneDrive\Desktop\JARKOM\main.py", line 86, in call
    raise Exception(f"Circuit breaker is OPEN. Will recover at {self.last_failure_time + self.recovery_timeout}")
Exception: Circuit breaker is OPEN. Will recover at 1779852265.592314

2026-05-27 10:24:26,670 - __main__ - WARNING - Circuit breaker entering HALF_OPEN state
2026-05-27 10:24:26,671 - __main__ - ERROR - Circuit breaker failure #33: Object of type datetime is not JSON serializable
2026-05-27 10:24:26,672 - __main__ - ERROR - Circuit breaker OPENED after 33 failures
2026-05-27 10:24:26,673 - __main__ - ERROR - Broadcast failed: Object of type datetime is not JSON serializable
Traceback (most recent call last):
  File "C:\Users\LENOVO\OneDrive\Desktop\JARKOM\main.py", line 361, in safe_broadcast_update
    message = broadcast_circuit_breaker.call(
  File "C:\Users\LENOVO\OneDrive\Desktop\JARKOM\main.py", line 89, in call
    result = func(*args, **kwargs)
  File "C:\Users\LENOVO\AppData\Local\Programs\Python\Python310\lib\json\__init__.py", line 231, in dumps
    return _default_encoder.encode(obj)
  File "C:\Users\LENOVO\AppData\Local\Programs\Python\Python310\lib\json\encoder.py", line 199, in encode
    chunks = self.iterencode(o, _one_shot=True)
  File "C:\Users\LENOVO\AppData\Local\Programs\Python\Python310\lib\json\encoder.py", line 257, in iterencode
    return _iterencode(o, 0)
  File "C:\Users\LENOVO\AppData\Local\Programs\Python\Python310\lib\json\encoder.py", line 179, in default
    raise TypeError(f'Object of type {o.__class__.__name__} '
TypeError: Object of type datetime is not JSON serializable

2026-05-27 10:24:30,057 - __main__ - ERROR - Broadcast failed: Circuit breaker is OPEN. Will recover at 1779852326.6711338
Traceback (most recent call last):
  File "C:\Users\LENOVO\OneDrive\Desktop\JARKOM\main.py", line 361, in safe_broadcast_update
    message = broadcast_circuit_breaker.call(
  File "C:\Users\LENOVO\OneDrive\Desktop\JARKOM\main.py", line 86, in call
    raise Exception(f"Circuit breaker is OPEN. Will recover at {self.last_failure_time + self.recovery_timeout}")
Exception: Circuit breaker is OPEN. Will recover at 1779852326.6711338

2026-05-27 10:24:33,448 - __main__ - ERROR - Broadcast failed: Circuit breaker is OPEN. Will recover at 1779852326.6711338
Traceback (most recent call last):
  File "C:\Users\LENOVO\OneDrive\Desktop\JARKOM\main.py", line 361, in safe_broadcast_update
    message = broadcast_circuit_breaker.call(
  File "C:\Users\LENOVO\OneDrive\Desktop\JARKOM\main.py", line 86, in call
    raise Exception(f"Circuit breaker is OPEN. Will recover at {self.last_failure_time + self.recovery_timeout}")
Exception: Circuit breaker is OPEN. Will recover at 1779852326.6711338

2026-05-27 10:24:36,630 - __main__ - ERROR - Broadcast failed: Circuit breaker is OPEN. Will recover at 1779852326.6711338
Traceback (most recent call last):
  File "C:\Users\LENOVO\OneDrive\Desktop\JARKOM\main.py", line 361, in safe_broadcast_update
    message = broadcast_circuit_breaker.call(
  File "C:\Users\LENOVO\OneDrive\Desktop\JARKOM\main.py", line 86, in call
    raise Exception(f"Circuit breaker is OPEN. Will recover at {self.last_failure_time + self.recovery_timeout}")
Exception: Circuit breaker is OPEN. Will recover at 1779852326.6711338

2026-05-27 10:24:39,881 - __main__ - ERROR - Broadcast failed: Circuit breaker is OPEN. Will recover at 1779852326.6711338
Traceback (most recent call last):
  File "C:\Users\LENOVO\OneDrive\Desktop\JARKOM\main.py", line 361, in safe_broadcast_update
    message = broadcast_circuit_breaker.call(
  File "C:\Users\LENOVO\OneDrive\Desktop\JARKOM\main.py", line 86, in call
    raise Exception(f"Circuit breaker is OPEN. Will recover at {self.last_failure_time + self.recovery_timeout}")
Exception: Circuit breaker is OPEN. Will recover at 1779852326.6711338

2026-05-27 10:24:43,141 - __main__ - ERROR - Broadcast failed: Circuit breaker is OPEN. Will recover at 1779852326.6711338
Traceback (most recent call last):
  File "C:\Users\LENOVO\OneDrive\Desktop\JARKOM\main.py", line 361, in safe_broadcast_update
    message = broadcast_circuit_breaker.call(
  File "C:\Users\LENOVO\OneDrive\Desktop\JARKOM\main.py", line 86, in call
    raise Exception(f"Circuit breaker is OPEN. Will recover at {self.last_failure_time + self.recovery_timeout}")
Exception: Circuit breaker is OPEN. Will recover at 1779852326.6711338

2026-05-27 10:24:46,508 - __main__ - ERROR - Broadcast failed: Circuit breaker is OPEN. Will recover at 1779852326.6711338
Traceback (most recent call last):
  File "C:\Users\LENOVO\OneDrive\Desktop\JARKOM\main.py", line 361, in safe_broadcast_update
    message = broadcast_circuit_breaker.call(
  File "C:\Users\LENOVO\OneDrive\Desktop\JARKOM\main.py", line 86, in call
    raise Exception(f"Circuit breaker is OPEN. Will recover at {self.last_failure_time + self.recovery_timeout}")
Exception: Circuit breaker is OPEN. Will recover at 1779852326.6711338

2026-05-27 10:24:49,640 - __main__ - ERROR - Broadcast failed: Circuit breaker is OPEN. Will recover at 1779852326.6711338
Traceback (most recent call last):
  File "C:\Users\LENOVO\OneDrive\Desktop\JARKOM\main.py", line 361, in safe_broadcast_update
    message = broadcast_circuit_breaker.call(
  File "C:\Users\LENOVO\OneDrive\Desktop\JARKOM\main.py", line 86, in call
    raise Exception(f"Circuit breaker is OPEN. Will recover at {self.last_failure_time + self.recovery_timeout}")
Exception: Circuit breaker is OPEN. Will recover at 1779852326.6711338

2026-05-27 10:24:52,942 - __main__ - ERROR - Broadcast failed: Circuit breaker is OPEN. Will recover at 1779852326.6711338
Traceback (most recent call last):
  File "C:\Users\LENOVO\OneDrive\Desktop\JARKOM\main.py", line 361, in safe_broadcast_update
    message = broadcast_circuit_breaker.call(
  File "C:\Users\LENOVO\OneDrive\Desktop\JARKOM\main.py", line 86, in call
    raise Exception(f"Circuit breaker is OPEN. Will recover at {self.last_failure_time + self.recovery_timeout}")
Exception: Circuit breaker is OPEN. Will recover at 1779852326.6711338

2026-05-27 10:24:56,076 - __main__ - ERROR - Broadcast failed: Circuit breaker is OPEN. Will recover at 1779852326.6711338
Traceback (most recent call last):
  File "C:\Users\LENOVO\OneDrive\Desktop\JARKOM\main.py", line 361, in safe_broadcast_update
    message = broadcast_circuit_breaker.call(
  File "C:\Users\LENOVO\OneDrive\Desktop\JARKOM\main.py", line 86, in call
    raise Exception(f"Circuit breaker is OPEN. Will recover at {self.last_failure_time + self.recovery_timeout}")
Exception: Circuit breaker is OPEN. Will recover at 1779852326.6711338

2026-05-27 10:24:59,345 - __main__ - ERROR - Broadcast failed: Circuit breaker is OPEN. Will recover at 1779852326.6711338
Traceback (most recent call last):
  File "C:\Users\LENOVO\OneDrive\Desktop\JARKOM\main.py", line 361, in safe_broadcast_update
    message = broadcast_circuit_breaker.call(
  File "C:\Users\LENOVO\OneDrive\Desktop\JARKOM\main.py", line 86, in call
    raise Exception(f"Circuit breaker is OPEN. Will recover at {self.last_failure_time + self.recovery_timeout}")
Exception: Circuit breaker is OPEN. Will recover at 1779852326.6711338

2026-05-27 10:25:02,695 - __main__ - ERROR - Broadcast failed: Circuit breaker is OPEN. Will recover at 1779852326.6711338
Traceback (most recent call last):
  File "C:\Users\LENOVO\OneDrive\Desktop\JARKOM\main.py", line 361, in safe_broadcast_update
    message = broadcast_circuit_breaker.call(
  File "C:\Users\LENOVO\OneDrive\Desktop\JARKOM\main.py", line 86, in call
    raise Exception(f"Circuit breaker is OPEN. Will recover at {self.last_failure_time + self.recovery_timeout}")
Exception: Circuit breaker is OPEN. Will recover at 1779852326.6711338

2026-05-27 10:25:05,943 - __main__ - ERROR - Broadcast failed: Circuit breaker is OPEN. Will recover at 1779852326.6711338
Traceback (most recent call last):
  File "C:\Users\LENOVO\OneDrive\Desktop\JARKOM\main.py", line 361, in safe_broadcast_update
    message = broadcast_circuit_breaker.call(
  File "C:\Users\LENOVO\OneDrive\Desktop\JARKOM\main.py", line 86, in call
    raise Exception(f"Circuit breaker is OPEN. Will recover at {self.last_failure_time + self.recovery_timeout}")
Exception: Circuit breaker is OPEN. Will recover at 1779852326.6711338

2026-05-27 10:25:09,182 - __main__ - ERROR - Broadcast failed: Circuit breaker is OPEN. Will recover at 1779852326.6711338
Traceback (most recent call last):
  File "C:\Users\LENOVO\OneDrive\Desktop\JARKOM\main.py", line 361, in safe_broadcast_update
    message = broadcast_circuit_breaker.call(
  File "C:\Users\LENOVO\OneDrive\Desktop\JARKOM\main.py", line 86, in call
    raise Exception(f"Circuit breaker is OPEN. Will recover at {self.last_failure_time + self.recovery_timeout}")
Exception: Circuit breaker is OPEN. Will recover at 1779852326.6711338

2026-05-27 10:25:12,431 - __main__ - ERROR - Broadcast failed: Circuit breaker is OPEN. Will recover at 1779852326.6711338
Traceback (most recent call last):
  File "C:\Users\LENOVO\OneDrive\Desktop\JARKOM\main.py", line 361, in safe_broadcast_update
    message = broadcast_circuit_breaker.call(
  File "C:\Users\LENOVO\OneDrive\Desktop\JARKOM\main.py", line 86, in call
    raise Exception(f"Circuit breaker is OPEN. Will recover at {self.last_failure_time + self.recovery_timeout}")
Exception: Circuit breaker is OPEN. Will recover at 1779852326.6711338

2026-05-27 10:25:14,282 - __main__ - INFO - 📊 Stats - Uptime: 0:25:00.157387, Messages: 458, Failed: 0, Clients: 1, WS Connections: 1, Broadcast Failures: 456
2026-05-27 10:25:15,664 - __main__ - ERROR - Broadcast failed: Circuit breaker is OPEN. Will recover at 1779852326.6711338
Traceback (most recent call last):
  File "C:\Users\LENOVO\OneDrive\Desktop\JARKOM\main.py", line 361, in safe_broadcast_update
    message = broadcast_circuit_breaker.call(
  File "C:\Users\LENOVO\OneDrive\Desktop\JARKOM\main.py", line 86, in call
    raise Exception(f"Circuit breaker is OPEN. Will recover at {self.last_failure_time + self.recovery_timeout}")
Exception: Circuit breaker is OPEN. Will recover at 1779852326.6711338

2026-05-27 10:25:18,897 - __main__ - ERROR - Broadcast failed: Circuit breaker is OPEN. Will recover at 1779852326.6711338
Traceback (most recent call last):
  File "C:\Users\LENOVO\OneDrive\Desktop\JARKOM\main.py", line 361, in safe_broadcast_update
    message = broadcast_circuit_breaker.call(
  File "C:\Users\LENOVO\OneDrive\Desktop\JARKOM\main.py", line 86, in call
    raise Exception(f"Circuit breaker is OPEN. Will recover at {self.last_failure_time + self.recovery_timeout}")
Exception: Circuit breaker is OPEN. Will recover at 1779852326.6711338

2026-05-27 10:25:22,125 - __main__ - ERROR - Broadcast failed: Circuit breaker is OPEN. Will recover at 1779852326.6711338
Traceback (most recent call last):
  File "C:\Users\LENOVO\OneDrive\Desktop\JARKOM\main.py", line 361, in safe_broadcast_update
    message = broadcast_circuit_breaker.call(
  File "C:\Users\LENOVO\OneDrive\Desktop\JARKOM\main.py", line 86, in call
    raise Exception(f"Circuit breaker is OPEN. Will recover at {self.last_failure_time + self.recovery_timeout}")
Exception: Circuit breaker is OPEN. Will recover at 1779852326.6711338

2026-05-27 10:25:25,331 - __main__ - ERROR - Broadcast failed: Circuit breaker is OPEN. Will recover at 1779852326.6711338
Traceback (most recent call last):
  File "C:\Users\LENOVO\OneDrive\Desktop\JARKOM\main.py", line 361, in safe_broadcast_update
    message = broadcast_circuit_breaker.call(
  File "C:\Users\LENOVO\OneDrive\Desktop\JARKOM\main.py", line 86, in call
    raise Exception(f"Circuit breaker is OPEN. Will recover at {self.last_failure_time + self.recovery_timeout}")
Exception: Circuit breaker is OPEN. Will recover at 1779852326.6711338

2026-05-27 10:25:28,476 - __main__ - WARNING - Circuit breaker entering HALF_OPEN state
2026-05-27 10:25:28,476 - __main__ - ERROR - Circuit breaker failure #34: Object of type datetime is not JSON serializable
2026-05-27 10:25:28,476 - __main__ - ERROR - Circuit breaker OPENED after 34 failures
2026-05-27 10:25:28,476 - __main__ - ERROR - Broadcast failed: Object of type datetime is not JSON serializable
Traceback (most recent call last):
  File "C:\Users\LENOVO\OneDrive\Desktop\JARKOM\main.py", line 361, in safe_broadcast_update
    message = broadcast_circuit_breaker.call(
  File "C:\Users\LENOVO\OneDrive\Desktop\JARKOM\main.py", line 89, in call
    result = func(*args, **kwargs)
  File "C:\Users\LENOVO\AppData\Local\Programs\Python\Python310\lib\json\__init__.py", line 231, in dumps
    return _default_encoder.encode(obj)
  File "C:\Users\LENOVO\AppData\Local\Programs\Python\Python310\lib\json\encoder.py", line 199, in encode
    chunks = self.iterencode(o, _one_shot=True)
  File "C:\Users\LENOVO\AppData\Local\Programs\Python\Python310\lib\json\encoder.py", line 257, in iterencode
    return _iterencode(o, 0)
  File "C:\Users\LENOVO\AppData\Local\Programs\Python\Python310\lib\json\encoder.py", line 179, in default
    raise TypeError(f'Object of type {o.__class__.__name__} '
TypeError: Object of type datetime is not JSON serializable

2026-05-27 10:25:31,721 - __main__ - ERROR - Broadcast failed: Circuit breaker is OPEN. Will recover at 1779852388.4761453
Traceback (most recent call last):
  File "C:\Users\LENOVO\OneDrive\Desktop\JARKOM\main.py", line 361, in safe_broadcast_update
    message = broadcast_circuit_breaker.call(
  File "C:\Users\LENOVO\OneDrive\Desktop\JARKOM\main.py", line 86, in call
    raise Exception(f"Circuit breaker is OPEN. Will recover at {self.last_failure_time + self.recovery_timeout}")
Exception: Circuit breaker is OPEN. Will recover at 1779852388.4761453

2026-05-27 10:25:34,928 - __main__ - ERROR - Broadcast failed: Circuit breaker is OPEN. Will recover at 1779852388.4761453
Traceback (most recent call last):
  File "C:\Users\LENOVO\OneDrive\Desktop\JARKOM\main.py", line 361, in safe_broadcast_update
    message = broadcast_circuit_breaker.call(
  File "C:\Users\LENOVO\OneDrive\Desktop\JARKOM\main.py", line 86, in call
    raise Exception(f"Circuit breaker is OPEN. Will recover at {self.last_failure_time + self.recovery_timeout}")
Exception: Circuit breaker is OPEN. Will recover at 1779852388.4761453

2026-05-27 10:25:38,061 - __main__ - ERROR - Broadcast failed: Circuit breaker is OPEN. Will recover at 1779852388.4761453
Traceback (most recent call last):
  File "C:\Users\LENOVO\OneDrive\Desktop\JARKOM\main.py", line 361, in safe_broadcast_update
    message = broadcast_circuit_breaker.call(
  File "C:\Users\LENOVO\OneDrive\Desktop\JARKOM\main.py", line 86, in call
    raise Exception(f"Circuit breaker is OPEN. Will recover at {self.last_failure_time + self.recovery_timeout}")
Exception: Circuit breaker is OPEN. Will recover at 1779852388.4761453

2026-05-27 10:25:41,199 - __main__ - ERROR - Broadcast failed: Circuit breaker is OPEN. Will recover at 1779852388.4761453
Traceback (most recent call last):
  File "C:\Users\LENOVO\OneDrive\Desktop\JARKOM\main.py", line 361, in safe_broadcast_update
    message = broadcast_circuit_breaker.call(
  File "C:\Users\LENOVO\OneDrive\Desktop\JARKOM\main.py", line 86, in call
    raise Exception(f"Circuit breaker is OPEN. Will recover at {self.last_failure_time + self.recovery_timeout}")
Exception: Circuit breaker is OPEN. Will recover at 1779852388.4761453

2026-05-27 10:25:44,514 - __main__ - ERROR - Broadcast failed: Circuit breaker is OPEN. Will recover at 1779852388.4761453
Traceback (most recent call last):
  File "C:\Users\LENOVO\OneDrive\Desktop\JARKOM\main.py", line 361, in safe_broadcast_update
    message = broadcast_circuit_breaker.call(
  File "C:\Users\LENOVO\OneDrive\Desktop\JARKOM\main.py", line 86, in call
    raise Exception(f"Circuit breaker is OPEN. Will recover at {self.last_failure_time + self.recovery_timeout}")
Exception: Circuit breaker is OPEN. Will recover at 1779852388.4761453

2026-05-27 10:25:47,842 - __main__ - ERROR - Broadcast failed: Circuit breaker is OPEN. Will recover at 1779852388.4761453
Traceback (most recent call last):
  File "C:\Users\LENOVO\OneDrive\Desktop\JARKOM\main.py", line 361, in safe_broadcast_update
    message = broadcast_circuit_breaker.call(
  File "C:\Users\LENOVO\OneDrive\Desktop\JARKOM\main.py", line 86, in call
    raise Exception(f"Circuit breaker is OPEN. Will recover at {self.last_failure_time + self.recovery_timeout}")
Exception: Circuit breaker is OPEN. Will recover at 1779852388.4761453

2026-05-27 10:25:51,082 - __main__ - ERROR - Broadcast failed: Circuit breaker is OPEN. Will recover at 1779852388.4761453
Traceback (most recent call last):
  File "C:\Users\LENOVO\OneDrive\Desktop\JARKOM\main.py", line 361, in safe_broadcast_update
    message = broadcast_circuit_breaker.call(
  File "C:\Users\LENOVO\OneDrive\Desktop\JARKOM\main.py", line 86, in call
    raise Exception(f"Circuit breaker is OPEN. Will recover at {self.last_failure_time + self.recovery_timeout}")
Exception: Circuit breaker is OPEN. Will recover at 1779852388.4761453

2026-05-27 10:25:54,361 - __main__ - ERROR - Broadcast failed: Circuit breaker is OPEN. Will recover at 1779852388.4761453
Traceback (most recent call last):
  File "C:\Users\LENOVO\OneDrive\Desktop\JARKOM\main.py", line 361, in safe_broadcast_update
    message = broadcast_circuit_breaker.call(
  File "C:\Users\LENOVO\OneDrive\Desktop\JARKOM\main.py", line 86, in call
    raise Exception(f"Circuit breaker is OPEN. Will recover at {self.last_failure_time + self.recovery_timeout}")
Exception: Circuit breaker is OPEN. Will recover at 1779852388.4761453

2026-05-27 10:25:57,749 - __main__ - ERROR - Broadcast failed: Circuit breaker is OPEN. Will recover at 1779852388.4761453
Traceback (most recent call last):
  File "C:\Users\LENOVO\OneDrive\Desktop\JARKOM\main.py", line 361, in safe_broadcast_update
    message = broadcast_circuit_breaker.call(
  File "C:\Users\LENOVO\OneDrive\Desktop\JARKOM\main.py", line 86, in call
    raise Exception(f"Circuit breaker is OPEN. Will recover at {self.last_failure_time + self.recovery_timeout}")
Exception: Circuit breaker is OPEN. Will recover at 1779852388.4761453

2026-05-27 10:26:01,055 - __main__ - ERROR - Broadcast failed: Circuit breaker is OPEN. Will recover at 1779852388.4761453
Traceback (most recent call last):
  File "C:\Users\LENOVO\OneDrive\Desktop\JARKOM\main.py", line 361, in safe_broadcast_update
    message = broadcast_circuit_breaker.call(
  File "C:\Users\LENOVO\OneDrive\Desktop\JARKOM\main.py", line 86, in call
    raise Exception(f"Circuit breaker is OPEN. Will recover at {self.last_failure_time + self.recovery_timeout}")
Exception: Circuit breaker is OPEN. Will recover at 1779852388.4761453

2026-05-27 10:26:04,340 - __main__ - ERROR - Broadcast failed: Circuit breaker is OPEN. Will recover at 1779852388.4761453
Traceback (most recent call last):
  File "C:\Users\LENOVO\OneDrive\Desktop\JARKOM\main.py", line 361, in safe_broadcast_update
    message = broadcast_circuit_breaker.call(
  File "C:\Users\LENOVO\OneDrive\Desktop\JARKOM\main.py", line 86, in call
    raise Exception(f"Circuit breaker is OPEN. Will recover at {self.last_failure_time + self.recovery_timeout}")
Exception: Circuit breaker is OPEN. Will recover at 1779852388.4761453

2026-05-27 10:26:07,503 - __main__ - ERROR - Broadcast failed: Circuit breaker is OPEN. Will recover at 1779852388.4761453
Traceback (most recent call last):
  File "C:\Users\LENOVO\OneDrive\Desktop\JARKOM\main.py", line 361, in safe_broadcast_update
    message = broadcast_circuit_breaker.call(
  File "C:\Users\LENOVO\OneDrive\Desktop\JARKOM\main.py", line 86, in call
    raise Exception(f"Circuit breaker is OPEN. Will recover at {self.last_failure_time + self.recovery_timeout}")
Exception: Circuit breaker is OPEN. Will recover at 1779852388.4761453

2026-05-27 10:26:10,730 - __main__ - ERROR - Broadcast failed: Circuit breaker is OPEN. Will recover at 1779852388.4761453
Traceback (most recent call last):
  File "C:\Users\LENOVO\OneDrive\Desktop\JARKOM\main.py", line 361, in safe_broadcast_update
    message = broadcast_circuit_breaker.call(
  File "C:\Users\LENOVO\OneDrive\Desktop\JARKOM\main.py", line 86, in call
    raise Exception(f"Circuit breaker is OPEN. Will recover at {self.last_failure_time + self.recovery_timeout}")
Exception: Circuit breaker is OPEN. Will recover at 1779852388.4761453

2026-05-27 10:26:13,777 - __main__ - ERROR - Broadcast failed: Circuit breaker is OPEN. Will recover at 1779852388.4761453
Traceback (most recent call last):
  File "C:\Users\LENOVO\OneDrive\Desktop\JARKOM\main.py", line 361, in safe_broadcast_update
    message = broadcast_circuit_breaker.call(
  File "C:\Users\LENOVO\OneDrive\Desktop\JARKOM\main.py", line 86, in call
    raise Exception(f"Circuit breaker is OPEN. Will recover at {self.last_failure_time + self.recovery_timeout}")
Exception: Circuit breaker is OPEN. Will recover at 1779852388.4761453

2026-05-27 10:26:14,292 - __main__ - INFO - 📊 Stats - Uptime: 0:26:00.168218, Messages: 477, Failed: 0, Clients: 1, WS Connections: 1, Broadcast Failures: 475
2026-05-27 10:26:16,996 - __main__ - ERROR - Broadcast failed: Circuit breaker is OPEN. Will recover at 1779852388.4761453
Traceback (most recent call last):
  File "C:\Users\LENOVO\OneDrive\Desktop\JARKOM\main.py", line 361, in safe_broadcast_update
    message = broadcast_circuit_breaker.call(
  File "C:\Users\LENOVO\OneDrive\Desktop\JARKOM\main.py", line 86, in call
    raise Exception(f"Circuit breaker is OPEN. Will recover at {self.last_failure_time + self.recovery_timeout}")
Exception: Circuit breaker is OPEN. Will recover at 1779852388.4761453

2026-05-27 10:26:20,102 - __main__ - ERROR - Broadcast failed: Circuit breaker is OPEN. Will recover at 1779852388.4761453
Traceback (most recent call last):
  File "C:\Users\LENOVO\OneDrive\Desktop\JARKOM\main.py", line 361, in safe_broadcast_update
    message = broadcast_circuit_breaker.call(
  File "C:\Users\LENOVO\OneDrive\Desktop\JARKOM\main.py", line 86, in call
    raise Exception(f"Circuit breaker is OPEN. Will recover at {self.last_failure_time + self.recovery_timeout}")
Exception: Circuit breaker is OPEN. Will recover at 1779852388.4761453

2026-05-27 10:26:23,356 - __main__ - ERROR - Broadcast failed: Circuit breaker is OPEN. Will recover at 1779852388.4761453
Traceback (most recent call last):
  File "C:\Users\LENOVO\OneDrive\Desktop\JARKOM\main.py", line 361, in safe_broadcast_update
    message = broadcast_circuit_breaker.call(
  File "C:\Users\LENOVO\OneDrive\Desktop\JARKOM\main.py", line 86, in call
    raise Exception(f"Circuit breaker is OPEN. Will recover at {self.last_failure_time + self.recovery_timeout}")
Exception: Circuit breaker is OPEN. Will recover at 1779852388.4761453

2026-05-27 10:26:26,608 - __main__ - ERROR - Broadcast failed: Circuit breaker is OPEN. Will recover at 1779852388.4761453
Traceback (most recent call last):
  File "C:\Users\LENOVO\OneDrive\Desktop\JARKOM\main.py", line 361, in safe_broadcast_update
    message = broadcast_circuit_breaker.call(
  File "C:\Users\LENOVO\OneDrive\Desktop\JARKOM\main.py", line 86, in call
    raise Exception(f"Circuit breaker is OPEN. Will recover at {self.last_failure_time + self.recovery_timeout}")
Exception: Circuit breaker is OPEN. Will recover at 1779852388.4761453

2026-05-27 10:26:29,764 - __main__ - WARNING - Circuit breaker entering HALF_OPEN state
2026-05-27 10:26:29,764 - __main__ - ERROR - Circuit breaker failure #35: Object of type datetime is not JSON serializable
2026-05-27 10:26:29,764 - __main__ - ERROR - Circuit breaker OPENED after 35 failures
2026-05-27 10:26:29,764 - __main__ - ERROR - Broadcast failed: Object of type datetime is not JSON serializable
Traceback (most recent call last):
  File "C:\Users\LENOVO\OneDrive\Desktop\JARKOM\main.py", line 361, in safe_broadcast_update
    message = broadcast_circuit_breaker.call(
  File "C:\Users\LENOVO\OneDrive\Desktop\JARKOM\main.py", line 89, in call
    result = func(*args, **kwargs)
  File "C:\Users\LENOVO\AppData\Local\Programs\Python\Python310\lib\json\__init__.py", line 231, in dumps
    return _default_encoder.encode(obj)
  File "C:\Users\LENOVO\AppData\Local\Programs\Python\Python310\lib\json\encoder.py", line 199, in encode
    chunks = self.iterencode(o, _one_shot=True)
  File "C:\Users\LENOVO\AppData\Local\Programs\Python\Python310\lib\json\encoder.py", line 257, in iterencode
    return _iterencode(o, 0)
  File "C:\Users\LENOVO\AppData\Local\Programs\Python\Python310\lib\json\encoder.py", line 179, in default
    raise TypeError(f'Object of type {o.__class__.__name__} '
TypeError: Object of type datetime is not JSON serializable

2026-05-27 10:26:33,152 - __main__ - ERROR - Broadcast failed: Circuit breaker is OPEN. Will recover at 1779852449.764809
Traceback (most recent call last):
  File "C:\Users\LENOVO\OneDrive\Desktop\JARKOM\main.py", line 361, in safe_broadcast_update
    message = broadcast_circuit_breaker.call(
  File "C:\Users\LENOVO\OneDrive\Desktop\JARKOM\main.py", line 86, in call
    raise Exception(f"Circuit breaker is OPEN. Will recover at {self.last_failure_time + self.recovery_timeout}")
Exception: Circuit breaker is OPEN. Will recover at 1779852449.764809

2026-05-27 10:26:36,308 - __main__ - ERROR - Broadcast failed: Circuit breaker is OPEN. Will recover at 1779852449.764809
Traceback (most recent call last):
  File "C:\Users\LENOVO\OneDrive\Desktop\JARKOM\main.py", line 361, in safe_broadcast_update
    message = broadcast_circuit_breaker.call(
  File "C:\Users\LENOVO\OneDrive\Desktop\JARKOM\main.py", line 86, in call
    raise Exception(f"Circuit breaker is OPEN. Will recover at {self.last_failure_time + self.recovery_timeout}")
Exception: Circuit breaker is OPEN. Will recover at 1779852449.764809

2026-05-27 10:26:39,576 - __main__ - ERROR - Broadcast failed: Circuit breaker is OPEN. Will recover at 1779852449.764809
Traceback (most recent call last):
  File "C:\Users\LENOVO\OneDrive\Desktop\JARKOM\main.py", line 361, in safe_broadcast_update
    message = broadcast_circuit_breaker.call(
  File "C:\Users\LENOVO\OneDrive\Desktop\JARKOM\main.py", line 86, in call
    raise Exception(f"Circuit breaker is OPEN. Will recover at {self.last_failure_time + self.recovery_timeout}")
Exception: Circuit breaker is OPEN. Will recover at 1779852449.764809

2026-05-27 10:26:42,862 - __main__ - ERROR - Broadcast failed: Circuit breaker is OPEN. Will recover at 1779852449.764809
Traceback (most recent call last):
  File "C:\Users\LENOVO\OneDrive\Desktop\JARKOM\main.py", line 361, in safe_broadcast_update
    message = broadcast_circuit_breaker.call(
  File "C:\Users\LENOVO\OneDrive\Desktop\JARKOM\main.py", line 86, in call
    raise Exception(f"Circuit breaker is OPEN. Will recover at {self.last_failure_time + self.recovery_timeout}")
Exception: Circuit breaker is OPEN. Will recover at 1779852449.764809

2026-05-27 10:26:46,103 - __main__ - ERROR - Broadcast failed: Circuit breaker is OPEN. Will recover at 1779852449.764809
Traceback (most recent call last):
  File "C:\Users\LENOVO\OneDrive\Desktop\JARKOM\main.py", line 361, in safe_broadcast_update
    message = broadcast_circuit_breaker.call(
  File "C:\Users\LENOVO\OneDrive\Desktop\JARKOM\main.py", line 86, in call
    raise Exception(f"Circuit breaker is OPEN. Will recover at {self.last_failure_time + self.recovery_timeout}")
Exception: Circuit breaker is OPEN. Will recover at 1779852449.764809

2026-05-27 10:26:49,466 - __main__ - ERROR - Broadcast failed: Circuit breaker is OPEN. Will recover at 1779852449.764809
Traceback (most recent call last):
  File "C:\Users\LENOVO\OneDrive\Desktop\JARKOM\main.py", line 361, in safe_broadcast_update
    message = broadcast_circuit_breaker.call(
  File "C:\Users\LENOVO\OneDrive\Desktop\JARKOM\main.py", line 86, in call
    raise Exception(f"Circuit breaker is OPEN. Will recover at {self.last_failure_time + self.recovery_timeout}")
Exception: Circuit breaker is OPEN. Will recover at 1779852449.764809

2026-05-27 10:26:52,704 - __main__ - ERROR - Broadcast failed: Circuit breaker is OPEN. Will recover at 1779852449.764809
Traceback (most recent call last):
  File "C:\Users\LENOVO\OneDrive\Desktop\JARKOM\main.py", line 361, in safe_broadcast_update
    message = broadcast_circuit_breaker.call(
  File "C:\Users\LENOVO\OneDrive\Desktop\JARKOM\main.py", line 86, in call
    raise Exception(f"Circuit breaker is OPEN. Will recover at {self.last_failure_time + self.recovery_timeout}")
Exception: Circuit breaker is OPEN. Will recover at 1779852449.764809

2026-05-27 10:26:56,191 - __main__ - ERROR - Broadcast failed: Circuit breaker is OPEN. Will recover at 1779852449.764809
Traceback (most recent call last):
  File "C:\Users\LENOVO\OneDrive\Desktop\JARKOM\main.py", line 361, in safe_broadcast_update
    message = broadcast_circuit_breaker.call(
  File "C:\Users\LENOVO\OneDrive\Desktop\JARKOM\main.py", line 86, in call
    raise Exception(f"Circuit breaker is OPEN. Will recover at {self.last_failure_time + self.recovery_timeout}")
Exception: Circuit breaker is OPEN. Will recover at 1779852449.764809

2026-05-27 10:26:59,440 - __main__ - ERROR - Broadcast failed: Circuit breaker is OPEN. Will recover at 1779852449.764809
Traceback (most recent call last):
  File "C:\Users\LENOVO\OneDrive\Desktop\JARKOM\main.py", line 361, in safe_broadcast_update
    message = broadcast_circuit_breaker.call(
  File "C:\Users\LENOVO\OneDrive\Desktop\JARKOM\main.py", line 86, in call
    raise Exception(f"Circuit breaker is OPEN. Will recover at {self.last_failure_time + self.recovery_timeout}")
Exception: Circuit breaker is OPEN. Will recover at 1779852449.764809

2026-05-27 10:27:02,711 - __main__ - ERROR - Broadcast failed: Circuit breaker is OPEN. Will recover at 1779852449.764809
Traceback (most recent call last):
  File "C:\Users\LENOVO\OneDrive\Desktop\JARKOM\main.py", line 361, in safe_broadcast_update
    message = broadcast_circuit_breaker.call(
  File "C:\Users\LENOVO\OneDrive\Desktop\JARKOM\main.py", line 86, in call
    raise Exception(f"Circuit breaker is OPEN. Will recover at {self.last_failure_time + self.recovery_timeout}")
Exception: Circuit breaker is OPEN. Will recover at 1779852449.764809

2026-05-27 10:27:05,987 - __main__ - ERROR - Broadcast failed: Circuit breaker is OPEN. Will recover at 1779852449.764809
Traceback (most recent call last):
  File "C:\Users\LENOVO\OneDrive\Desktop\JARKOM\main.py", line 361, in safe_broadcast_update
    message = broadcast_circuit_breaker.call(
  File "C:\Users\LENOVO\OneDrive\Desktop\JARKOM\main.py", line 86, in call
    raise Exception(f"Circuit breaker is OPEN. Will recover at {self.last_failure_time + self.recovery_timeout}")
Exception: Circuit breaker is OPEN. Will recover at 1779852449.764809

2026-05-27 10:27:09,258 - __main__ - ERROR - Broadcast failed: Circuit breaker is OPEN. Will recover at 1779852449.764809
Traceback (most recent call last):
  File "C:\Users\LENOVO\OneDrive\Desktop\JARKOM\main.py", line 361, in safe_broadcast_update
    message = broadcast_circuit_breaker.call(
  File "C:\Users\LENOVO\OneDrive\Desktop\JARKOM\main.py", line 86, in call
    raise Exception(f"Circuit breaker is OPEN. Will recover at {self.last_failure_time + self.recovery_timeout}")
Exception: Circuit breaker is OPEN. Will recover at 1779852449.764809

2026-05-27 10:27:12,527 - __main__ - ERROR - Broadcast failed: Circuit breaker is OPEN. Will recover at 1779852449.764809
Traceback (most recent call last):
  File "C:\Users\LENOVO\OneDrive\Desktop\JARKOM\main.py", line 361, in safe_broadcast_update
    message = broadcast_circuit_breaker.call(
  File "C:\Users\LENOVO\OneDrive\Desktop\JARKOM\main.py", line 86, in call
    raise Exception(f"Circuit breaker is OPEN. Will recover at {self.last_failure_time + self.recovery_timeout}")
Exception: Circuit breaker is OPEN. Will recover at 1779852449.764809

2026-05-27 10:27:14,301 - __main__ - INFO - 📊 Stats - Uptime: 0:27:00.176944, Messages: 495, Failed: 0, Clients: 1, WS Connections: 1, Broadcast Failures: 493
2026-05-27 10:27:15,785 - __main__ - ERROR - Broadcast failed: Circuit breaker is OPEN. Will recover at 1779852449.764809
Traceback (most recent call last):
  File "C:\Users\LENOVO\OneDrive\Desktop\JARKOM\main.py", line 361, in safe_broadcast_update
    message = broadcast_circuit_breaker.call(
  File "C:\Users\LENOVO\OneDrive\Desktop\JARKOM\main.py", line 86, in call
    raise Exception(f"Circuit breaker is OPEN. Will recover at {self.last_failure_time + self.recovery_timeout}")
Exception: Circuit breaker is OPEN. Will recover at 1779852449.764809

2026-05-27 10:27:19,043 - __main__ - ERROR - Broadcast failed: Circuit breaker is OPEN. Will recover at 1779852449.764809
Traceback (most recent call last):
  File "C:\Users\LENOVO\OneDrive\Desktop\JARKOM\main.py", line 361, in safe_broadcast_update
    message = broadcast_circuit_breaker.call(
  File "C:\Users\LENOVO\OneDrive\Desktop\JARKOM\main.py", line 86, in call
    raise Exception(f"Circuit breaker is OPEN. Will recover at {self.last_failure_time + self.recovery_timeout}")
Exception: Circuit breaker is OPEN. Will recover at 1779852449.764809

2026-05-27 10:27:22,372 - __main__ - ERROR - Broadcast failed: Circuit breaker is OPEN. Will recover at 1779852449.764809
Traceback (most recent call last):
  File "C:\Users\LENOVO\OneDrive\Desktop\JARKOM\main.py", line 361, in safe_broadcast_update
    message = broadcast_circuit_breaker.call(
  File "C:\Users\LENOVO\OneDrive\Desktop\JARKOM\main.py", line 86, in call
    raise Exception(f"Circuit breaker is OPEN. Will recover at {self.last_failure_time + self.recovery_timeout}")
Exception: Circuit breaker is OPEN. Will recover at 1779852449.764809

2026-05-27 10:27:25,983 - __main__ - ERROR - Broadcast failed: Circuit breaker is OPEN. Will recover at 1779852449.764809
Traceback (most recent call last):
  File "C:\Users\LENOVO\OneDrive\Desktop\JARKOM\main.py", line 361, in safe_broadcast_update
    message = broadcast_circuit_breaker.call(
  File "C:\Users\LENOVO\OneDrive\Desktop\JARKOM\main.py", line 86, in call
    raise Exception(f"Circuit breaker is OPEN. Will recover at {self.last_failure_time + self.recovery_timeout}")
Exception: Circuit breaker is OPEN. Will recover at 1779852449.764809

2026-05-27 10:27:29,237 - __main__ - ERROR - Broadcast failed: Circuit breaker is OPEN. Will recover at 1779852449.764809
Traceback (most recent call last):
  File "C:\Users\LENOVO\OneDrive\Desktop\JARKOM\main.py", line 361, in safe_broadcast_update
    message = broadcast_circuit_breaker.call(
  File "C:\Users\LENOVO\OneDrive\Desktop\JARKOM\main.py", line 86, in call
    raise Exception(f"Circuit breaker is OPEN. Will recover at {self.last_failure_time + self.recovery_timeout}")
Exception: Circuit breaker is OPEN. Will recover at 1779852449.764809

2026-05-27 10:27:32,373 - __main__ - WARNING - Circuit breaker entering HALF_OPEN state
2026-05-27 10:27:32,373 - __main__ - ERROR - Circuit breaker failure #36: Object of type datetime is not JSON serializable
2026-05-27 10:27:32,373 - __main__ - ERROR - Circuit breaker OPENED after 36 failures
2026-05-27 10:27:32,373 - __main__ - ERROR - Broadcast failed: Object of type datetime is not JSON serializable
Traceback (most recent call last):
  File "C:\Users\LENOVO\OneDrive\Desktop\JARKOM\main.py", line 361, in safe_broadcast_update
    message = broadcast_circuit_breaker.call(
  File "C:\Users\LENOVO\OneDrive\Desktop\JARKOM\main.py", line 89, in call
    result = func(*args, **kwargs)
  File "C:\Users\LENOVO\AppData\Local\Programs\Python\Python310\lib\json\__init__.py", line 231, in dumps
    return _default_encoder.encode(obj)
  File "C:\Users\LENOVO\AppData\Local\Programs\Python\Python310\lib\json\encoder.py", line 199, in encode
    chunks = self.iterencode(o, _one_shot=True)
  File "C:\Users\LENOVO\AppData\Local\Programs\Python\Python310\lib\json\encoder.py", line 257, in iterencode
    return _iterencode(o, 0)
  File "C:\Users\LENOVO\AppData\Local\Programs\Python\Python310\lib\json\encoder.py", line 179, in default
    raise TypeError(f'Object of type {o.__class__.__name__} '
TypeError: Object of type datetime is not JSON serializable

2026-05-27 10:27:35,772 - __main__ - ERROR - Broadcast failed: Circuit breaker is OPEN. Will recover at 1779852512.373548
Traceback (most recent call last):
  File "C:\Users\LENOVO\OneDrive\Desktop\JARKOM\main.py", line 361, in safe_broadcast_update
    message = broadcast_circuit_breaker.call(
  File "C:\Users\LENOVO\OneDrive\Desktop\JARKOM\main.py", line 86, in call
    raise Exception(f"Circuit breaker is OPEN. Will recover at {self.last_failure_time + self.recovery_timeout}")
Exception: Circuit breaker is OPEN. Will recover at 1779852512.373548

2026-05-27 10:27:39,121 - __main__ - ERROR - Broadcast failed: Circuit breaker is OPEN. Will recover at 1779852512.373548
Traceback (most recent call last):
  File "C:\Users\LENOVO\OneDrive\Desktop\JARKOM\main.py", line 361, in safe_broadcast_update
    message = broadcast_circuit_breaker.call(
  File "C:\Users\LENOVO\OneDrive\Desktop\JARKOM\main.py", line 86, in call
    raise Exception(f"Circuit breaker is OPEN. Will recover at {self.last_failure_time + self.recovery_timeout}")
Exception: Circuit breaker is OPEN. Will recover at 1779852512.373548

2026-05-27 10:27:42,478 - __main__ - ERROR - Broadcast failed: Circuit breaker is OPEN. Will recover at 1779852512.373548
Traceback (most recent call last):
  File "C:\Users\LENOVO\OneDrive\Desktop\JARKOM\main.py", line 361, in safe_broadcast_update
    message = broadcast_circuit_breaker.call(
  File "C:\Users\LENOVO\OneDrive\Desktop\JARKOM\main.py", line 86, in call
    raise Exception(f"Circuit breaker is OPEN. Will recover at {self.last_failure_time + self.recovery_timeout}")
Exception: Circuit breaker is OPEN. Will recover at 1779852512.373548

2026-05-27 10:27:45,924 - __main__ - ERROR - Broadcast failed: Circuit breaker is OPEN. Will recover at 1779852512.373548
Traceback (most recent call last):
  File "C:\Users\LENOVO\OneDrive\Desktop\JARKOM\main.py", line 361, in safe_broadcast_update
    message = broadcast_circuit_breaker.call(
  File "C:\Users\LENOVO\OneDrive\Desktop\JARKOM\main.py", line 86, in call
    raise Exception(f"Circuit breaker is OPEN. Will recover at {self.last_failure_time + self.recovery_timeout}")
Exception: Circuit breaker is OPEN. Will recover at 1779852512.373548

2026-05-27 10:27:49,100 - __main__ - ERROR - Broadcast failed: Circuit breaker is OPEN. Will recover at 1779852512.373548
Traceback (most recent call last):
  File "C:\Users\LENOVO\OneDrive\Desktop\JARKOM\main.py", line 361, in safe_broadcast_update
    message = broadcast_circuit_breaker.call(
  File "C:\Users\LENOVO\OneDrive\Desktop\JARKOM\main.py", line 86, in call
    raise Exception(f"Circuit breaker is OPEN. Will recover at {self.last_failure_time + self.recovery_timeout}")
Exception: Circuit breaker is OPEN. Will recover at 1779852512.373548

2026-05-27 10:27:51,332 - __main__ - INFO - 🔌 WebSocket connection removed. Remaining: 0
2026-05-27 10:27:51,763 - __main__ - INFO - 🔌 WebSocket connected. Total: 1
2026-05-27 10:27:52,700 - __main__ - ERROR - Broadcast failed: Circuit breaker is OPEN. Will recover at 1779852512.373548
Traceback (most recent call last):
  File "C:\Users\LENOVO\OneDrive\Desktop\JARKOM\main.py", line 361, in safe_broadcast_update
    message = broadcast_circuit_breaker.call(
  File "C:\Users\LENOVO\OneDrive\Desktop\JARKOM\main.py", line 86, in call
    raise Exception(f"Circuit breaker is OPEN. Will recover at {self.last_failure_time + self.recovery_timeout}")
Exception: Circuit breaker is OPEN. Will recover at 1779852512.373548

2026-05-27 10:27:56,117 - __main__ - ERROR - Broadcast failed: Circuit breaker is OPEN. Will recover at 1779852512.373548
Traceback (most recent call last):
  File "C:\Users\LENOVO\OneDrive\Desktop\JARKOM\main.py", line 361, in safe_broadcast_update
    message = broadcast_circuit_breaker.call(
  File "C:\Users\LENOVO\OneDrive\Desktop\JARKOM\main.py", line 86, in call
    raise Exception(f"Circuit breaker is OPEN. Will recover at {self.last_failure_time + self.recovery_timeout}")
Exception: Circuit breaker is OPEN. Will recover at 1779852512.373548

2026-05-27 10:27:59,506 - __main__ - ERROR - Broadcast failed: Circuit breaker is OPEN. Will recover at 1779852512.373548
Traceback (most recent call last):
  File "C:\Users\LENOVO\OneDrive\Desktop\JARKOM\main.py", line 361, in safe_broadcast_update
    message = broadcast_circuit_breaker.call(
  File "C:\Users\LENOVO\OneDrive\Desktop\JARKOM\main.py", line 86, in call
    raise Exception(f"Circuit breaker is OPEN. Will recover at {self.last_failure_time + self.recovery_timeout}")
Exception: Circuit breaker is OPEN. Will recover at 1779852512.373548

2026-05-27 10:28:02,949 - __main__ - ERROR - Broadcast failed: Circuit breaker is OPEN. Will recover at 1779852512.373548
Traceback (most recent call last):
  File "C:\Users\LENOVO\OneDrive\Desktop\JARKOM\main.py", line 361, in safe_broadcast_update
    message = broadcast_circuit_breaker.call(
  File "C:\Users\LENOVO\OneDrive\Desktop\JARKOM\main.py", line 86, in call
    raise Exception(f"Circuit breaker is OPEN. Will recover at {self.last_failure_time + self.recovery_timeout}")
Exception: Circuit breaker is OPEN. Will recover at 1779852512.373548

2026-05-27 10:28:06,422 - __main__ - ERROR - Broadcast failed: Circuit breaker is OPEN. Will recover at 1779852512.373548
Traceback (most recent call last):
  File "C:\Users\LENOVO\OneDrive\Desktop\JARKOM\main.py", line 361, in safe_broadcast_update
    message = broadcast_circuit_breaker.call(
  File "C:\Users\LENOVO\OneDrive\Desktop\JARKOM\main.py", line 86, in call
    raise Exception(f"Circuit breaker is OPEN. Will recover at {self.last_failure_time + self.recovery_timeout}")
Exception: Circuit breaker is OPEN. Will recover at 1779852512.373548

2026-05-27 10:28:10,027 - __main__ - ERROR - Broadcast failed: Circuit breaker is OPEN. Will recover at 1779852512.373548
Traceback (most recent call last):
  File "C:\Users\LENOVO\OneDrive\Desktop\JARKOM\main.py", line 361, in safe_broadcast_update
    message = broadcast_circuit_breaker.call(
  File "C:\Users\LENOVO\OneDrive\Desktop\JARKOM\main.py", line 86, in call
    raise Exception(f"Circuit breaker is OPEN. Will recover at {self.last_failure_time + self.recovery_timeout}")
Exception: Circuit breaker is OPEN. Will recover at 1779852512.373548

2026-05-27 10:28:13,498 - __main__ - ERROR - Broadcast failed: Circuit breaker is OPEN. Will recover at 1779852512.373548
Traceback (most recent call last):
  File "C:\Users\LENOVO\OneDrive\Desktop\JARKOM\main.py", line 361, in safe_broadcast_update
    message = broadcast_circuit_breaker.call(
  File "C:\Users\LENOVO\OneDrive\Desktop\JARKOM\main.py", line 86, in call
    raise Exception(f"Circuit breaker is OPEN. Will recover at {self.last_failure_time + self.recovery_timeout}")
Exception: Circuit breaker is OPEN. Will recover at 1779852512.373548

2026-05-27 10:28:14,290 - __main__ - INFO - 📊 Stats - Uptime: 0:28:00.165393, Messages: 513, Failed: 0, Clients: 1, WS Connections: 1, Broadcast Failures: 511
2026-05-27 10:28:17,151 - __main__ - ERROR - Broadcast failed: Circuit breaker is OPEN. Will recover at 1779852512.373548
Traceback (most recent call last):
  File "C:\Users\LENOVO\OneDrive\Desktop\JARKOM\main.py", line 361, in safe_broadcast_update
    message = broadcast_circuit_breaker.call(
  File "C:\Users\LENOVO\OneDrive\Desktop\JARKOM\main.py", line 86, in call
    raise Exception(f"Circuit breaker is OPEN. Will recover at {self.last_failure_time + self.recovery_timeout}")
Exception: Circuit breaker is OPEN. Will recover at 1779852512.373548

2026-05-27 10:28:20,636 - __main__ - ERROR - Broadcast failed: Circuit breaker is OPEN. Will recover at 1779852512.373548
Traceback (most recent call last):
  File "C:\Users\LENOVO\OneDrive\Desktop\JARKOM\main.py", line 361, in safe_broadcast_update
    message = broadcast_circuit_breaker.call(
  File "C:\Users\LENOVO\OneDrive\Desktop\JARKOM\main.py", line 86, in call
    raise Exception(f"Circuit breaker is OPEN. Will recover at {self.last_failure_time + self.recovery_timeout}")
Exception: Circuit breaker is OPEN. Will recover at 1779852512.373548

2026-05-27 10:28:23,998 - __main__ - ERROR - Broadcast failed: Circuit breaker is OPEN. Will recover at 1779852512.373548
Traceback (most recent call last):
  File "C:\Users\LENOVO\OneDrive\Desktop\JARKOM\main.py", line 361, in safe_broadcast_update
    message = broadcast_circuit_breaker.call(
  File "C:\Users\LENOVO\OneDrive\Desktop\JARKOM\main.py", line 86, in call
    raise Exception(f"Circuit breaker is OPEN. Will recover at {self.last_failure_time + self.recovery_timeout}")
Exception: Circuit breaker is OPEN. Will recover at 1779852512.373548

2026-05-27 10:28:27,449 - __main__ - ERROR - Broadcast failed: Circuit breaker is OPEN. Will recover at 1779852512.373548
Traceback (most recent call last):
  File "C:\Users\LENOVO\OneDrive\Desktop\JARKOM\main.py", line 361, in safe_broadcast_update
    message = broadcast_circuit_breaker.call(
  File "C:\Users\LENOVO\OneDrive\Desktop\JARKOM\main.py", line 86, in call
    raise Exception(f"Circuit breaker is OPEN. Will recover at {self.last_failure_time + self.recovery_timeout}")
Exception: Circuit breaker is OPEN. Will recover at 1779852512.373548

2026-05-27 10:28:30,901 - __main__ - ERROR - Broadcast failed: Circuit breaker is OPEN. Will recover at 1779852512.373548
Traceback (most recent call last):
  File "C:\Users\LENOVO\OneDrive\Desktop\JARKOM\main.py", line 361, in safe_broadcast_update
    message = broadcast_circuit_breaker.call(
  File "C:\Users\LENOVO\OneDrive\Desktop\JARKOM\main.py", line 86, in call
    raise Exception(f"Circuit breaker is OPEN. Will recover at {self.last_failure_time + self.recovery_timeout}")
Exception: Circuit breaker is OPEN. Will recover at 1779852512.373548

2026-05-27 10:28:34,477 - __main__ - WARNING - Circuit breaker entering HALF_OPEN state
2026-05-27 10:28:34,477 - __main__ - ERROR - Circuit breaker failure #37: Object of type datetime is not JSON serializable
2026-05-27 10:28:34,477 - __main__ - ERROR - Circuit breaker OPENED after 37 failures
2026-05-27 10:28:34,477 - __main__ - ERROR - Broadcast failed: Object of type datetime is not JSON serializable
Traceback (most recent call last):
  File "C:\Users\LENOVO\OneDrive\Desktop\JARKOM\main.py", line 361, in safe_broadcast_update
    message = broadcast_circuit_breaker.call(
  File "C:\Users\LENOVO\OneDrive\Desktop\JARKOM\main.py", line 89, in call
    result = func(*args, **kwargs)
  File "C:\Users\LENOVO\AppData\Local\Programs\Python\Python310\lib\json\__init__.py", line 231, in dumps
    return _default_encoder.encode(obj)
  File "C:\Users\LENOVO\AppData\Local\Programs\Python\Python310\lib\json\encoder.py", line 199, in encode
    chunks = self.iterencode(o, _one_shot=True)
  File "C:\Users\LENOVO\AppData\Local\Programs\Python\Python310\lib\json\encoder.py", line 257, in iterencode
    return _iterencode(o, 0)
  File "C:\Users\LENOVO\AppData\Local\Programs\Python\Python310\lib\json\encoder.py", line 179, in default
    raise TypeError(f'Object of type {o.__class__.__name__} '
TypeError: Object of type datetime is not JSON serializable

2026-05-27 10:28:38,053 - __main__ - ERROR - Broadcast failed: Circuit breaker is OPEN. Will recover at 1779852574.4771945
Traceback (most recent call last):
  File "C:\Users\LENOVO\OneDrive\Desktop\JARKOM\main.py", line 361, in safe_broadcast_update
    message = broadcast_circuit_breaker.call(
  File "C:\Users\LENOVO\OneDrive\Desktop\JARKOM\main.py", line 86, in call
    raise Exception(f"Circuit breaker is OPEN. Will recover at {self.last_failure_time + self.recovery_timeout}")
Exception: Circuit breaker is OPEN. Will recover at 1779852574.4771945

2026-05-27 10:28:41,602 - __main__ - ERROR - Broadcast failed: Circuit breaker is OPEN. Will recover at 1779852574.4771945
Traceback (most recent call last):
  File "C:\Users\LENOVO\OneDrive\Desktop\JARKOM\main.py", line 361, in safe_broadcast_update
    message = broadcast_circuit_breaker.call(
  File "C:\Users\LENOVO\OneDrive\Desktop\JARKOM\main.py", line 86, in call
    raise Exception(f"Circuit breaker is OPEN. Will recover at {self.last_failure_time + self.recovery_timeout}")
Exception: Circuit breaker is OPEN. Will recover at 1779852574.4771945

2026-05-27 10:28:45,137 - __main__ - ERROR - Broadcast failed: Circuit breaker is OPEN. Will recover at 1779852574.4771945
Traceback (most recent call last):
  File "C:\Users\LENOVO\OneDrive\Desktop\JARKOM\main.py", line 361, in safe_broadcast_update
    message = broadcast_circuit_breaker.call(
  File "C:\Users\LENOVO\OneDrive\Desktop\JARKOM\main.py", line 86, in call
    raise Exception(f"Circuit breaker is OPEN. Will recover at {self.last_failure_time + self.recovery_timeout}")
Exception: Circuit breaker is OPEN. Will recover at 1779852574.4771945

2026-05-27 10:28:48,597 - __main__ - ERROR - Broadcast failed: Circuit breaker is OPEN. Will recover at 1779852574.4771945
Traceback (most recent call last):
  File "C:\Users\LENOVO\OneDrive\Desktop\JARKOM\main.py", line 361, in safe_broadcast_update
    message = broadcast_circuit_breaker.call(
  File "C:\Users\LENOVO\OneDrive\Desktop\JARKOM\main.py", line 86, in call
    raise Exception(f"Circuit breaker is OPEN. Will recover at {self.last_failure_time + self.recovery_timeout}")
Exception: Circuit breaker is OPEN. Will recover at 1779852574.4771945

2026-05-27 10:28:52,165 - __main__ - ERROR - Broadcast failed: Circuit breaker is OPEN. Will recover at 1779852574.4771945
Traceback (most recent call last):
  File "C:\Users\LENOVO\OneDrive\Desktop\JARKOM\main.py", line 361, in safe_broadcast_update
    message = broadcast_circuit_breaker.call(
  File "C:\Users\LENOVO\OneDrive\Desktop\JARKOM\main.py", line 86, in call
    raise Exception(f"Circuit breaker is OPEN. Will recover at {self.last_failure_time + self.recovery_timeout}")
Exception: Circuit breaker is OPEN. Will recover at 1779852574.4771945

2026-05-27 10:28:55,741 - __main__ - ERROR - Broadcast failed: Circuit breaker is OPEN. Will recover at 1779852574.4771945
Traceback (most recent call last):
  File "C:\Users\LENOVO\OneDrive\Desktop\JARKOM\main.py", line 361, in safe_broadcast_update
    message = broadcast_circuit_breaker.call(
  File "C:\Users\LENOVO\OneDrive\Desktop\JARKOM\main.py", line 86, in call
    raise Exception(f"Circuit breaker is OPEN. Will recover at {self.last_failure_time + self.recovery_timeout}")
Exception: Circuit breaker is OPEN. Will recover at 1779852574.4771945

2026-05-27 10:28:59,414 - __main__ - ERROR - Broadcast failed: Circuit breaker is OPEN. Will recover at 1779852574.4771945
Traceback (most recent call last):
  File "C:\Users\LENOVO\OneDrive\Desktop\JARKOM\main.py", line 361, in safe_broadcast_update
    message = broadcast_circuit_breaker.call(
  File "C:\Users\LENOVO\OneDrive\Desktop\JARKOM\main.py", line 86, in call
    raise Exception(f"Circuit breaker is OPEN. Will recover at {self.last_failure_time + self.recovery_timeout}")
Exception: Circuit breaker is OPEN. Will recover at 1779852574.4771945

2026-05-27 10:29:02,900 - __main__ - ERROR - Broadcast failed: Circuit breaker is OPEN. Will recover at 1779852574.4771945
Traceback (most recent call last):
  File "C:\Users\LENOVO\OneDrive\Desktop\JARKOM\main.py", line 361, in safe_broadcast_update
    message = broadcast_circuit_breaker.call(
  File "C:\Users\LENOVO\OneDrive\Desktop\JARKOM\main.py", line 86, in call
    raise Exception(f"Circuit breaker is OPEN. Will recover at {self.last_failure_time + self.recovery_timeout}")
Exception: Circuit breaker is OPEN. Will recover at 1779852574.4771945

2026-05-27 10:29:06,352 - __main__ - ERROR - Broadcast failed: Circuit breaker is OPEN. Will recover at 1779852574.4771945
Traceback (most recent call last):
  File "C:\Users\LENOVO\OneDrive\Desktop\JARKOM\main.py", line 361, in safe_broadcast_update
    message = broadcast_circuit_breaker.call(
  File "C:\Users\LENOVO\OneDrive\Desktop\JARKOM\main.py", line 86, in call
    raise Exception(f"Circuit breaker is OPEN. Will recover at {self.last_failure_time + self.recovery_timeout}")
Exception: Circuit breaker is OPEN. Will recover at 1779852574.4771945

2026-05-27 10:29:09,901 - __main__ - ERROR - Broadcast failed: Circuit breaker is OPEN. Will recover at 1779852574.4771945
Traceback (most recent call last):
  File "C:\Users\LENOVO\OneDrive\Desktop\JARKOM\main.py", line 361, in safe_broadcast_update
    message = broadcast_circuit_breaker.call(
  File "C:\Users\LENOVO\OneDrive\Desktop\JARKOM\main.py", line 86, in call
    raise Exception(f"Circuit breaker is OPEN. Will recover at {self.last_failure_time + self.recovery_timeout}")
Exception: Circuit breaker is OPEN. Will recover at 1779852574.4771945

2026-05-27 10:29:13,359 - __main__ - ERROR - Broadcast failed: Circuit breaker is OPEN. Will recover at 1779852574.4771945
Traceback (most recent call last):
  File "C:\Users\LENOVO\OneDrive\Desktop\JARKOM\main.py", line 361, in safe_broadcast_update
    message = broadcast_circuit_breaker.call(
  File "C:\Users\LENOVO\OneDrive\Desktop\JARKOM\main.py", line 86, in call
    raise Exception(f"Circuit breaker is OPEN. Will recover at {self.last_failure_time + self.recovery_timeout}")
Exception: Circuit breaker is OPEN. Will recover at 1779852574.4771945

2026-05-27 10:29:14,296 - __main__ - INFO - 📊 Stats - Uptime: 0:29:00.172067, Messages: 530, Failed: 0, Clients: 1, WS Connections: 1, Broadcast Failures: 528
2026-05-27 10:29:16,852 - __main__ - ERROR - Broadcast failed: Circuit breaker is OPEN. Will recover at 1779852574.4771945
Traceback (most recent call last):
  File "C:\Users\LENOVO\OneDrive\Desktop\JARKOM\main.py", line 361, in safe_broadcast_update
    message = broadcast_circuit_breaker.call(
  File "C:\Users\LENOVO\OneDrive\Desktop\JARKOM\main.py", line 86, in call
    raise Exception(f"Circuit breaker is OPEN. Will recover at {self.last_failure_time + self.recovery_timeout}")
Exception: Circuit breaker is OPEN. Will recover at 1779852574.4771945

2026-05-27 10:29:20,525 - __main__ - ERROR - Broadcast failed: Circuit breaker is OPEN. Will recover at 1779852574.4771945
Traceback (most recent call last):
  File "C:\Users\LENOVO\OneDrive\Desktop\JARKOM\main.py", line 361, in safe_broadcast_update
    message = broadcast_circuit_breaker.call(
  File "C:\Users\LENOVO\OneDrive\Desktop\JARKOM\main.py", line 86, in call
    raise Exception(f"Circuit breaker is OPEN. Will recover at {self.last_failure_time + self.recovery_timeout}")
Exception: Circuit breaker is OPEN. Will recover at 1779852574.4771945

2026-05-27 10:29:24,011 - __main__ - ERROR - Broadcast failed: Circuit breaker is OPEN. Will recover at 1779852574.4771945
Traceback (most recent call last):
  File "C:\Users\LENOVO\OneDrive\Desktop\JARKOM\main.py", line 361, in safe_broadcast_update
    message = broadcast_circuit_breaker.call(
  File "C:\Users\LENOVO\OneDrive\Desktop\JARKOM\main.py", line 86, in call
    raise Exception(f"Circuit breaker is OPEN. Will recover at {self.last_failure_time + self.recovery_timeout}")
Exception: Circuit breaker is OPEN. Will recover at 1779852574.4771945

2026-05-27 10:29:27,566 - __main__ - ERROR - Broadcast failed: Circuit breaker is OPEN. Will recover at 1779852574.4771945
Traceback (most recent call last):
  File "C:\Users\LENOVO\OneDrive\Desktop\JARKOM\main.py", line 361, in safe_broadcast_update
    message = broadcast_circuit_breaker.call(
  File "C:\Users\LENOVO\OneDrive\Desktop\JARKOM\main.py", line 86, in call
    raise Exception(f"Circuit breaker is OPEN. Will recover at {self.last_failure_time + self.recovery_timeout}")
Exception: Circuit breaker is OPEN. Will recover at 1779852574.4771945

2026-05-27 10:29:30,956 - __main__ - ERROR - Broadcast failed: Circuit breaker is OPEN. Will recover at 1779852574.4771945
Traceback (most recent call last):
  File "C:\Users\LENOVO\OneDrive\Desktop\JARKOM\main.py", line 361, in safe_broadcast_update
    message = broadcast_circuit_breaker.call(
  File "C:\Users\LENOVO\OneDrive\Desktop\JARKOM\main.py", line 86, in call
    raise Exception(f"Circuit breaker is OPEN. Will recover at {self.last_failure_time + self.recovery_timeout}")
Exception: Circuit breaker is OPEN. Will recover at 1779852574.4771945

2026-05-27 10:29:34,400 - __main__ - ERROR - Broadcast failed: Circuit breaker is OPEN. Will recover at 1779852574.4771945
Traceback (most recent call last):
  File "C:\Users\LENOVO\OneDrive\Desktop\JARKOM\main.py", line 361, in safe_broadcast_update
    message = broadcast_circuit_breaker.call(
  File "C:\Users\LENOVO\OneDrive\Desktop\JARKOM\main.py", line 86, in call
    raise Exception(f"Circuit breaker is OPEN. Will recover at {self.last_failure_time + self.recovery_timeout}")
Exception: Circuit breaker is OPEN. Will recover at 1779852574.4771945

2026-05-27 10:29:37,813 - __main__ - WARNING - Circuit breaker entering HALF_OPEN state
2026-05-27 10:29:37,813 - __main__ - ERROR - Circuit breaker failure #38: Object of type datetime is not JSON serializable
2026-05-27 10:29:37,813 - __main__ - ERROR - Circuit breaker OPENED after 38 failures
2026-05-27 10:29:37,816 - __main__ - ERROR - Broadcast failed: Object of type datetime is not JSON serializable
Traceback (most recent call last):
  File "C:\Users\LENOVO\OneDrive\Desktop\JARKOM\main.py", line 361, in safe_broadcast_update
    message = broadcast_circuit_breaker.call(
  File "C:\Users\LENOVO\OneDrive\Desktop\JARKOM\main.py", line 89, in call
    result = func(*args, **kwargs)
  File "C:\Users\LENOVO\AppData\Local\Programs\Python\Python310\lib\json\__init__.py", line 231, in dumps
    return _default_encoder.encode(obj)
  File "C:\Users\LENOVO\AppData\Local\Programs\Python\Python310\lib\json\encoder.py", line 199, in encode
    chunks = self.iterencode(o, _one_shot=True)
  File "C:\Users\LENOVO\AppData\Local\Programs\Python\Python310\lib\json\encoder.py", line 257, in iterencode
    return _iterencode(o, 0)
  File "C:\Users\LENOVO\AppData\Local\Programs\Python\Python310\lib\json\encoder.py", line 179, in default
    raise TypeError(f'Object of type {o.__class__.__name__} '
TypeError: Object of type datetime is not JSON serializable

2026-05-27 10:29:41,185 - __main__ - ERROR - Broadcast failed: Circuit breaker is OPEN. Will recover at 1779852637.8130314
Traceback (most recent call last):
  File "C:\Users\LENOVO\OneDrive\Desktop\JARKOM\main.py", line 361, in safe_broadcast_update
    message = broadcast_circuit_breaker.call(
  File "C:\Users\LENOVO\OneDrive\Desktop\JARKOM\main.py", line 86, in call
    raise Exception(f"Circuit breaker is OPEN. Will recover at {self.last_failure_time + self.recovery_timeout}")
Exception: Circuit breaker is OPEN. Will recover at 1779852637.8130314

2026-05-27 10:29:44,733 - __main__ - ERROR - Broadcast failed: Circuit breaker is OPEN. Will recover at 1779852637.8130314
Traceback (most recent call last):
  File "C:\Users\LENOVO\OneDrive\Desktop\JARKOM\main.py", line 361, in safe_broadcast_update
    message = broadcast_circuit_breaker.call(
  File "C:\Users\LENOVO\OneDrive\Desktop\JARKOM\main.py", line 86, in call
    raise Exception(f"Circuit breaker is OPEN. Will recover at {self.last_failure_time + self.recovery_timeout}")
Exception: Circuit breaker is OPEN. Will recover at 1779852637.8130314

2026-05-27 10:29:48,310 - __main__ - ERROR - Broadcast failed: Circuit breaker is OPEN. Will recover at 1779852637.8130314
Traceback (most recent call last):
  File "C:\Users\LENOVO\OneDrive\Desktop\JARKOM\main.py", line 361, in safe_broadcast_update
    message = broadcast_circuit_breaker.call(
  File "C:\Users\LENOVO\OneDrive\Desktop\JARKOM\main.py", line 86, in call
    raise Exception(f"Circuit breaker is OPEN. Will recover at {self.last_failure_time + self.recovery_timeout}")
Exception: Circuit breaker is OPEN. Will recover at 1779852637.8130314

2026-05-27 10:29:51,886 - __main__ - ERROR - Broadcast failed: Circuit breaker is OPEN. Will recover at 1779852637.8130314
Traceback (most recent call last):
  File "C:\Users\LENOVO\OneDrive\Desktop\JARKOM\main.py", line 361, in safe_broadcast_update
    message = broadcast_circuit_breaker.call(
  File "C:\Users\LENOVO\OneDrive\Desktop\JARKOM\main.py", line 86, in call
    raise Exception(f"Circuit breaker is OPEN. Will recover at {self.last_failure_time + self.recovery_timeout}")
Exception: Circuit breaker is OPEN. Will recover at 1779852637.8130314

2026-05-27 10:29:55,337 - __main__ - ERROR - Broadcast failed: Circuit breaker is OPEN. Will recover at 1779852637.8130314
Traceback (most recent call last):
  File "C:\Users\LENOVO\OneDrive\Desktop\JARKOM\main.py", line 361, in safe_broadcast_update
    message = broadcast_circuit_breaker.call(
  File "C:\Users\LENOVO\OneDrive\Desktop\JARKOM\main.py", line 86, in call
    raise Exception(f"Circuit breaker is OPEN. Will recover at {self.last_failure_time + self.recovery_timeout}")
Exception: Circuit breaker is OPEN. Will recover at 1779852637.8130314

2026-05-27 10:29:58,798 - __main__ - ERROR - Broadcast failed: Circuit breaker is OPEN. Will recover at 1779852637.8130314
Traceback (most recent call last):
  File "C:\Users\LENOVO\OneDrive\Desktop\JARKOM\main.py", line 361, in safe_broadcast_update
    message = broadcast_circuit_breaker.call(
  File "C:\Users\LENOVO\OneDrive\Desktop\JARKOM\main.py", line 86, in call
    raise Exception(f"Circuit breaker is OPEN. Will recover at {self.last_failure_time + self.recovery_timeout}")
Exception: Circuit breaker is OPEN. Will recover at 1779852637.8130314

2026-05-27 10:30:02,267 - __main__ - ERROR - Broadcast failed: Circuit breaker is OPEN. Will recover at 1779852637.8130314
Traceback (most recent call last):
  File "C:\Users\LENOVO\OneDrive\Desktop\JARKOM\main.py", line 361, in safe_broadcast_update
    message = broadcast_circuit_breaker.call(
  File "C:\Users\LENOVO\OneDrive\Desktop\JARKOM\main.py", line 86, in call
    raise Exception(f"Circuit breaker is OPEN. Will recover at {self.last_failure_time + self.recovery_timeout}")
Exception: Circuit breaker is OPEN. Will recover at 1779852637.8130314

2026-05-27 10:30:05,644 - __main__ - ERROR - Broadcast failed: Circuit breaker is OPEN. Will recover at 1779852637.8130314
Traceback (most recent call last):
  File "C:\Users\LENOVO\OneDrive\Desktop\JARKOM\main.py", line 361, in safe_broadcast_update
    message = broadcast_circuit_breaker.call(
  File "C:\Users\LENOVO\OneDrive\Desktop\JARKOM\main.py", line 86, in call
    raise Exception(f"Circuit breaker is OPEN. Will recover at {self.last_failure_time + self.recovery_timeout}")
Exception: Circuit breaker is OPEN. Will recover at 1779852637.8130314

2026-05-27 10:30:09,172 - __main__ - ERROR - Broadcast failed: Circuit breaker is OPEN. Will recover at 1779852637.8130314
Traceback (most recent call last):
  File "C:\Users\LENOVO\OneDrive\Desktop\JARKOM\main.py", line 361, in safe_broadcast_update
    message = broadcast_circuit_breaker.call(
  File "C:\Users\LENOVO\OneDrive\Desktop\JARKOM\main.py", line 86, in call
    raise Exception(f"Circuit breaker is OPEN. Will recover at {self.last_failure_time + self.recovery_timeout}")
Exception: Circuit breaker is OPEN. Will recover at 1779852637.8130314

2026-05-27 10:30:12,719 - __main__ - ERROR - Broadcast failed: Circuit breaker is OPEN. Will recover at 1779852637.8130314
Traceback (most recent call last):
  File "C:\Users\LENOVO\OneDrive\Desktop\JARKOM\main.py", line 361, in safe_broadcast_update
    message = broadcast_circuit_breaker.call(
  File "C:\Users\LENOVO\OneDrive\Desktop\JARKOM\main.py", line 86, in call
    raise Exception(f"Circuit breaker is OPEN. Will recover at {self.last_failure_time + self.recovery_timeout}")
Exception: Circuit breaker is OPEN. Will recover at 1779852637.8130314

2026-05-27 10:30:14,295 - __main__ - INFO - 📊 Stats - Uptime: 0:30:00.170918, Messages: 547, Failed: 0, Clients: 1, WS Connections: 1, Broadcast Failures: 545
2026-05-27 10:30:16,066 - __main__ - ERROR - Broadcast failed: Circuit breaker is OPEN. Will recover at 1779852637.8130314
Traceback (most recent call last):
  File "C:\Users\LENOVO\OneDrive\Desktop\JARKOM\main.py", line 361, in safe_broadcast_update
    message = broadcast_circuit_breaker.call(
  File "C:\Users\LENOVO\OneDrive\Desktop\JARKOM\main.py", line 86, in call
    raise Exception(f"Circuit breaker is OPEN. Will recover at {self.last_failure_time + self.recovery_timeout}")
Exception: Circuit breaker is OPEN. Will recover at 1779852637.8130314

2026-05-27 10:30:19,534 - __main__ - ERROR - Broadcast failed: Circuit breaker is OPEN. Will recover at 1779852637.8130314
Traceback (most recent call last):
  File "C:\Users\LENOVO\OneDrive\Desktop\JARKOM\main.py", line 361, in safe_broadcast_update
    message = broadcast_circuit_breaker.call(
  File "C:\Users\LENOVO\OneDrive\Desktop\JARKOM\main.py", line 86, in call
    raise Exception(f"Circuit breaker is OPEN. Will recover at {self.last_failure_time + self.recovery_timeout}")
Exception: Circuit breaker is OPEN. Will recover at 1779852637.8130314

2026-05-27 10:30:22,892 - __main__ - ERROR - Broadcast failed: Circuit breaker is OPEN. Will recover at 1779852637.8130314
Traceback (most recent call last):
  File "C:\Users\LENOVO\OneDrive\Desktop\JARKOM\main.py", line 361, in safe_broadcast_update
    message = broadcast_circuit_breaker.call(
  File "C:\Users\LENOVO\OneDrive\Desktop\JARKOM\main.py", line 86, in call
    raise Exception(f"Circuit breaker is OPEN. Will recover at {self.last_failure_time + self.recovery_timeout}")
Exception: Circuit breaker is OPEN. Will recover at 1779852637.8130314

2026-05-27 10:30:26,365 - __main__ - ERROR - Broadcast failed: Circuit breaker is OPEN. Will recover at 1779852637.8130314
Traceback (most recent call last):
  File "C:\Users\LENOVO\OneDrive\Desktop\JARKOM\main.py", line 361, in safe_broadcast_update
    message = broadcast_circuit_breaker.call(
  File "C:\Users\LENOVO\OneDrive\Desktop\JARKOM\main.py", line 86, in call
    raise Exception(f"Circuit breaker is OPEN. Will recover at {self.last_failure_time + self.recovery_timeout}")
Exception: Circuit breaker is OPEN. Will recover at 1779852637.8130314

2026-05-27 10:30:29,900 - __main__ - ERROR - Broadcast failed: Circuit breaker is OPEN. Will recover at 1779852637.8130314
Traceback (most recent call last):
  File "C:\Users\LENOVO\OneDrive\Desktop\JARKOM\main.py", line 361, in safe_broadcast_update
    message = broadcast_circuit_breaker.call(
  File "C:\Users\LENOVO\OneDrive\Desktop\JARKOM\main.py", line 86, in call
    raise Exception(f"Circuit breaker is OPEN. Will recover at {self.last_failure_time + self.recovery_timeout}")
Exception: Circuit breaker is OPEN. Will recover at 1779852637.8130314

2026-05-27 10:30:33,350 - __main__ - ERROR - Broadcast failed: Circuit breaker is OPEN. Will recover at 1779852637.8130314
Traceback (most recent call last):
  File "C:\Users\LENOVO\OneDrive\Desktop\JARKOM\main.py", line 361, in safe_broadcast_update
    message = broadcast_circuit_breaker.call(
  File "C:\Users\LENOVO\OneDrive\Desktop\JARKOM\main.py", line 86, in call
    raise Exception(f"Circuit breaker is OPEN. Will recover at {self.last_failure_time + self.recovery_timeout}")
Exception: Circuit breaker is OPEN. Will recover at 1779852637.8130314

2026-05-27 10:30:36,954 - __main__ - ERROR - Broadcast failed: Circuit breaker is OPEN. Will recover at 1779852637.8130314
Traceback (most recent call last):
  File "C:\Users\LENOVO\OneDrive\Desktop\JARKOM\main.py", line 361, in safe_broadcast_update
    message = broadcast_circuit_breaker.call(
  File "C:\Users\LENOVO\OneDrive\Desktop\JARKOM\main.py", line 86, in call
    raise Exception(f"Circuit breaker is OPEN. Will recover at {self.last_failure_time + self.recovery_timeout}")
Exception: Circuit breaker is OPEN. Will recover at 1779852637.8130314

2026-05-27 10:30:40,329 - __main__ - WARNING - Circuit breaker entering HALF_OPEN state
2026-05-27 10:30:40,329 - __main__ - ERROR - Circuit breaker failure #39: Object of type datetime is not JSON serializable
2026-05-27 10:30:40,329 - __main__ - ERROR - Circuit breaker OPENED after 39 failures
2026-05-27 10:30:40,329 - __main__ - ERROR - Broadcast failed: Object of type datetime is not JSON serializable
Traceback (most recent call last):
  File "C:\Users\LENOVO\OneDrive\Desktop\JARKOM\main.py", line 361, in safe_broadcast_update
    message = broadcast_circuit_breaker.call(
  File "C:\Users\LENOVO\OneDrive\Desktop\JARKOM\main.py", line 89, in call
    result = func(*args, **kwargs)
  File "C:\Users\LENOVO\AppData\Local\Programs\Python\Python310\lib\json\__init__.py", line 231, in dumps
    return _default_encoder.encode(obj)
  File "C:\Users\LENOVO\AppData\Local\Programs\Python\Python310\lib\json\encoder.py", line 199, in encode
    chunks = self.iterencode(o, _one_shot=True)
  File "C:\Users\LENOVO\AppData\Local\Programs\Python\Python310\lib\json\encoder.py", line 257, in iterencode
    return _iterencode(o, 0)
  File "C:\Users\LENOVO\AppData\Local\Programs\Python\Python310\lib\json\encoder.py", line 179, in default
    raise TypeError(f'Object of type {o.__class__.__name__} '
TypeError: Object of type datetime is not JSON serializable

2026-05-27 10:30:43,781 - __main__ - ERROR - Broadcast failed: Circuit breaker is OPEN. Will recover at 1779852700.3298974
Traceback (most recent call last):
  File "C:\Users\LENOVO\OneDrive\Desktop\JARKOM\main.py", line 361, in safe_broadcast_update
    message = broadcast_circuit_breaker.call(
  File "C:\Users\LENOVO\OneDrive\Desktop\JARKOM\main.py", line 86, in call
    raise Exception(f"Circuit breaker is OPEN. Will recover at {self.last_failure_time + self.recovery_timeout}")
Exception: Circuit breaker is OPEN. Will recover at 1779852700.3298974

2026-05-27 10:30:47,233 - __main__ - ERROR - Broadcast failed: Circuit breaker is OPEN. Will recover at 1779852700.3298974
Traceback (most recent call last):
  File "C:\Users\LENOVO\OneDrive\Desktop\JARKOM\main.py", line 361, in safe_broadcast_update
    message = broadcast_circuit_breaker.call(
  File "C:\Users\LENOVO\OneDrive\Desktop\JARKOM\main.py", line 86, in call
    raise Exception(f"Circuit breaker is OPEN. Will recover at {self.last_failure_time + self.recovery_timeout}")
Exception: Circuit breaker is OPEN. Will recover at 1779852700.3298974

2026-05-27 10:30:50,808 - __main__ - ERROR - Broadcast failed: Circuit breaker is OPEN. Will recover at 1779852700.3298974
Traceback (most recent call last):
  File "C:\Users\LENOVO\OneDrive\Desktop\JARKOM\main.py", line 361, in safe_broadcast_update
    message = broadcast_circuit_breaker.call(
  File "C:\Users\LENOVO\OneDrive\Desktop\JARKOM\main.py", line 86, in call
    raise Exception(f"Circuit breaker is OPEN. Will recover at {self.last_failure_time + self.recovery_timeout}")
Exception: Circuit breaker is OPEN. Will recover at 1779852700.3298974

2026-05-27 10:30:54,275 - __main__ - ERROR - Broadcast failed: Circuit breaker is OPEN. Will recover at 1779852700.3298974
Traceback (most recent call last):
  File "C:\Users\LENOVO\OneDrive\Desktop\JARKOM\main.py", line 361, in safe_broadcast_update
    message = broadcast_circuit_breaker.call(
  File "C:\Users\LENOVO\OneDrive\Desktop\JARKOM\main.py", line 86, in call
    raise Exception(f"Circuit breaker is OPEN. Will recover at {self.last_failure_time + self.recovery_timeout}")
Exception: Circuit breaker is OPEN. Will recover at 1779852700.3298974

2026-05-27 10:30:57,621 - __main__ - ERROR - Broadcast failed: Circuit breaker is OPEN. Will recover at 1779852700.3298974
Traceback (most recent call last):
  File "C:\Users\LENOVO\OneDrive\Desktop\JARKOM\main.py", line 361, in safe_broadcast_update
    message = broadcast_circuit_breaker.call(
  File "C:\Users\LENOVO\OneDrive\Desktop\JARKOM\main.py", line 86, in call
    raise Exception(f"Circuit breaker is OPEN. Will recover at {self.last_failure_time + self.recovery_timeout}")
Exception: Circuit breaker is OPEN. Will recover at 1779852700.3298974

2026-05-27 10:31:01,059 - __main__ - ERROR - Broadcast failed: Circuit breaker is OPEN. Will recover at 1779852700.3298974
Traceback (most recent call last):
  File "C:\Users\LENOVO\OneDrive\Desktop\JARKOM\main.py", line 361, in safe_broadcast_update
    message = broadcast_circuit_breaker.call(
  File "C:\Users\LENOVO\OneDrive\Desktop\JARKOM\main.py", line 86, in call
    raise Exception(f"Circuit breaker is OPEN. Will recover at {self.last_failure_time + self.recovery_timeout}")
Exception: Circuit breaker is OPEN. Will recover at 1779852700.3298974

2026-05-27 10:31:04,725 - __main__ - ERROR - Broadcast failed: Circuit breaker is OPEN. Will recover at 1779852700.3298974
Traceback (most recent call last):
  File "C:\Users\LENOVO\OneDrive\Desktop\JARKOM\main.py", line 361, in safe_broadcast_update
    message = broadcast_circuit_breaker.call(
  File "C:\Users\LENOVO\OneDrive\Desktop\JARKOM\main.py", line 86, in call
    raise Exception(f"Circuit breaker is OPEN. Will recover at {self.last_failure_time + self.recovery_timeout}")
Exception: Circuit breaker is OPEN. Will recover at 1779852700.3298974

2026-05-27 10:31:08,192 - __main__ - ERROR - Broadcast failed: Circuit breaker is OPEN. Will recover at 1779852700.3298974
Traceback (most recent call last):
  File "C:\Users\LENOVO\OneDrive\Desktop\JARKOM\main.py", line 361, in safe_broadcast_update
    message = broadcast_circuit_breaker.call(
  File "C:\Users\LENOVO\OneDrive\Desktop\JARKOM\main.py", line 86, in call
    raise Exception(f"Circuit breaker is OPEN. Will recover at {self.last_failure_time + self.recovery_timeout}")
Exception: Circuit breaker is OPEN. Will recover at 1779852700.3298974

2026-05-27 10:31:11,649 - __main__ - ERROR - Broadcast failed: Circuit breaker is OPEN. Will recover at 1779852700.3298974
Traceback (most recent call last):
  File "C:\Users\LENOVO\OneDrive\Desktop\JARKOM\main.py", line 361, in safe_broadcast_update
    message = broadcast_circuit_breaker.call(
  File "C:\Users\LENOVO\OneDrive\Desktop\JARKOM\main.py", line 86, in call
    raise Exception(f"Circuit breaker is OPEN. Will recover at {self.last_failure_time + self.recovery_timeout}")
Exception: Circuit breaker is OPEN. Will recover at 1779852700.3298974

2026-05-27 10:31:14,283 - __main__ - INFO - 📊 Stats - Uptime: 0:31:00.158589, Messages: 564, Failed: 0, Clients: 1, WS Connections: 1, Broadcast Failures: 562
2026-05-27 10:31:15,114 - __main__ - ERROR - Broadcast failed: Circuit breaker is OPEN. Will recover at 1779852700.3298974
Traceback (most recent call last):
  File "C:\Users\LENOVO\OneDrive\Desktop\JARKOM\main.py", line 361, in safe_broadcast_update
    message = broadcast_circuit_breaker.call(
  File "C:\Users\LENOVO\OneDrive\Desktop\JARKOM\main.py", line 86, in call
    raise Exception(f"Circuit breaker is OPEN. Will recover at {self.last_failure_time + self.recovery_timeout}")
Exception: Circuit breaker is OPEN. Will recover at 1779852700.3298974

2026-05-27 10:31:18,565 - __main__ - ERROR - Broadcast failed: Circuit breaker is OPEN. Will recover at 1779852700.3298974
Traceback (most recent call last):
  File "C:\Users\LENOVO\OneDrive\Desktop\JARKOM\main.py", line 361, in safe_broadcast_update
    message = broadcast_circuit_breaker.call(
  File "C:\Users\LENOVO\OneDrive\Desktop\JARKOM\main.py", line 86, in call
    raise Exception(f"Circuit breaker is OPEN. Will recover at {self.last_failure_time + self.recovery_timeout}")
Exception: Circuit breaker is OPEN. Will recover at 1779852700.3298974

2026-05-27 10:31:21,933 - __main__ - ERROR - Broadcast failed: Circuit breaker is OPEN. Will recover at 1779852700.3298974
Traceback (most recent call last):
  File "C:\Users\LENOVO\OneDrive\Desktop\JARKOM\main.py", line 361, in safe_broadcast_update
    message = broadcast_circuit_breaker.call(
  File "C:\Users\LENOVO\OneDrive\Desktop\JARKOM\main.py", line 86, in call
    raise Exception(f"Circuit breaker is OPEN. Will recover at {self.last_failure_time + self.recovery_timeout}")
Exception: Circuit breaker is OPEN. Will recover at 1779852700.3298974

2026-05-27 10:31:25,398 - __main__ - ERROR - Broadcast failed: Circuit breaker is OPEN. Will recover at 1779852700.3298974
Traceback (most recent call last):
  File "C:\Users\LENOVO\OneDrive\Desktop\JARKOM\main.py", line 361, in safe_broadcast_update
    message = broadcast_circuit_breaker.call(
  File "C:\Users\LENOVO\OneDrive\Desktop\JARKOM\main.py", line 86, in call
    raise Exception(f"Circuit breaker is OPEN. Will recover at {self.last_failure_time + self.recovery_timeout}")
Exception: Circuit breaker is OPEN. Will recover at 1779852700.3298974

2026-05-27 10:31:28,884 - __main__ - ERROR - Broadcast failed: Circuit breaker is OPEN. Will recover at 1779852700.3298974
Traceback (most recent call last):
  File "C:\Users\LENOVO\OneDrive\Desktop\JARKOM\main.py", line 361, in safe_broadcast_update
    message = broadcast_circuit_breaker.call(
  File "C:\Users\LENOVO\OneDrive\Desktop\JARKOM\main.py", line 86, in call
    raise Exception(f"Circuit breaker is OPEN. Will recover at {self.last_failure_time + self.recovery_timeout}")
Exception: Circuit breaker is OPEN. Will recover at 1779852700.3298974

2026-05-27 10:31:32,144 - __main__ - ERROR - Broadcast failed: Circuit breaker is OPEN. Will recover at 1779852700.3298974
Traceback (most recent call last):
  File "C:\Users\LENOVO\OneDrive\Desktop\JARKOM\main.py", line 361, in safe_broadcast_update
    message = broadcast_circuit_breaker.call(
  File "C:\Users\LENOVO\OneDrive\Desktop\JARKOM\main.py", line 86, in call
    raise Exception(f"Circuit breaker is OPEN. Will recover at {self.last_failure_time + self.recovery_timeout}")
Exception: Circuit breaker is OPEN. Will recover at 1779852700.3298974

2026-05-27 10:31:35,628 - __main__ - ERROR - Broadcast failed: Circuit breaker is OPEN. Will recover at 1779852700.3298974
Traceback (most recent call last):
  File "C:\Users\LENOVO\OneDrive\Desktop\JARKOM\main.py", line 361, in safe_broadcast_update
    message = broadcast_circuit_breaker.call(
  File "C:\Users\LENOVO\OneDrive\Desktop\JARKOM\main.py", line 86, in call
    raise Exception(f"Circuit breaker is OPEN. Will recover at {self.last_failure_time + self.recovery_timeout}")
Exception: Circuit breaker is OPEN. Will recover at 1779852700.3298974

2026-05-27 10:31:39,072 - __main__ - ERROR - Broadcast failed: Circuit breaker is OPEN. Will recover at 1779852700.3298974
Traceback (most recent call last):
  File "C:\Users\LENOVO\OneDrive\Desktop\JARKOM\main.py", line 361, in safe_broadcast_update
    message = broadcast_circuit_breaker.call(
  File "C:\Users\LENOVO\OneDrive\Desktop\JARKOM\main.py", line 86, in call
    raise Exception(f"Circuit breaker is OPEN. Will recover at {self.last_failure_time + self.recovery_timeout}")
Exception: Circuit breaker is OPEN. Will recover at 1779852700.3298974

2026-05-27 10:31:42,523 - __main__ - WARNING - Circuit breaker entering HALF_OPEN state
2026-05-27 10:31:42,523 - __main__ - ERROR - Circuit breaker failure #40: Object of type datetime is not JSON serializable
2026-05-27 10:31:42,523 - __main__ - ERROR - Circuit breaker OPENED after 40 failures
2026-05-27 10:31:42,523 - __main__ - ERROR - Broadcast failed: Object of type datetime is not JSON serializable
Traceback (most recent call last):
  File "C:\Users\LENOVO\OneDrive\Desktop\JARKOM\main.py", line 361, in safe_broadcast_update
    message = broadcast_circuit_breaker.call(
  File "C:\Users\LENOVO\OneDrive\Desktop\JARKOM\main.py", line 89, in call
    result = func(*args, **kwargs)
  File "C:\Users\LENOVO\AppData\Local\Programs\Python\Python310\lib\json\__init__.py", line 231, in dumps
    return _default_encoder.encode(obj)
  File "C:\Users\LENOVO\AppData\Local\Programs\Python\Python310\lib\json\encoder.py", line 199, in encode
    chunks = self.iterencode(o, _one_shot=True)
  File "C:\Users\LENOVO\AppData\Local\Programs\Python\Python310\lib\json\encoder.py", line 257, in iterencode
    return _iterencode(o, 0)
  File "C:\Users\LENOVO\AppData\Local\Programs\Python\Python310\lib\json\encoder.py", line 179, in default
    raise TypeError(f'Object of type {o.__class__.__name__} '
TypeError: Object of type datetime is not JSON serializable

2026-05-27 10:31:42,717 - __main__ - INFO - 🔌 WebSocket connection removed. Remaining: 0
2026-05-27 10:31:43,081 - __main__ - INFO - 🔌 WebSocket connected. Total: 1
2026-05-27 10:31:44,265 - __main__ - INFO - 🔌 WebSocket connection removed. Remaining: 0
2026-05-27 10:31:44,664 - __main__ - INFO - 🔌 WebSocket connected. Total: 1
2026-05-27 10:31:46,142 - __main__ - ERROR - Broadcast failed: Circuit breaker is OPEN. Will recover at 1779852762.5236375
Traceback (most recent call last):
  File "C:\Users\LENOVO\OneDrive\Desktop\JARKOM\main.py", line 361, in safe_broadcast_update
    message = broadcast_circuit_breaker.call(
  File "C:\Users\LENOVO\OneDrive\Desktop\JARKOM\main.py", line 86, in call
    raise Exception(f"Circuit breaker is OPEN. Will recover at {self.last_failure_time + self.recovery_timeout}")
Exception: Circuit breaker is OPEN. Will recover at 1779852762.5236375

2026-05-27 10:31:49,753 - __main__ - ERROR - Broadcast failed: Circuit breaker is OPEN. Will recover at 1779852762.5236375
Traceback (most recent call last):
  File "C:\Users\LENOVO\OneDrive\Desktop\JARKOM\main.py", line 361, in safe_broadcast_update
    message = broadcast_circuit_breaker.call(
  File "C:\Users\LENOVO\OneDrive\Desktop\JARKOM\main.py", line 86, in call
    raise Exception(f"Circuit breaker is OPEN. Will recover at {self.last_failure_time + self.recovery_timeout}")
Exception: Circuit breaker is OPEN. Will recover at 1779852762.5236375

2026-05-27 10:31:53,130 - __main__ - ERROR - Broadcast failed: Circuit breaker is OPEN. Will recover at 1779852762.5236375
Traceback (most recent call last):
  File "C:\Users\LENOVO\OneDrive\Desktop\JARKOM\main.py", line 361, in safe_broadcast_update
    message = broadcast_circuit_breaker.call(
  File "C:\Users\LENOVO\OneDrive\Desktop\JARKOM\main.py", line 86, in call
    raise Exception(f"Circuit breaker is OPEN. Will recover at {self.last_failure_time + self.recovery_timeout}")
Exception: Circuit breaker is OPEN. Will recover at 1779852762.5236375

2026-05-27 10:31:56,425 - __main__ - ERROR - Broadcast failed: Circuit breaker is OPEN. Will recover at 1779852762.5236375
Traceback (most recent call last):
  File "C:\Users\LENOVO\OneDrive\Desktop\JARKOM\main.py", line 361, in safe_broadcast_update
    message = broadcast_circuit_breaker.call(
  File "C:\Users\LENOVO\OneDrive\Desktop\JARKOM\main.py", line 86, in call
    raise Exception(f"Circuit breaker is OPEN. Will recover at {self.last_failure_time + self.recovery_timeout}")
Exception: Circuit breaker is OPEN. Will recover at 1779852762.5236375

2026-05-27 10:32:00,061 - __main__ - ERROR - Broadcast failed: Circuit breaker is OPEN. Will recover at 1779852762.5236375
Traceback (most recent call last):
  File "C:\Users\LENOVO\OneDrive\Desktop\JARKOM\main.py", line 361, in safe_broadcast_update
    message = broadcast_circuit_breaker.call(
  File "C:\Users\LENOVO\OneDrive\Desktop\JARKOM\main.py", line 86, in call
    raise Exception(f"Circuit breaker is OPEN. Will recover at {self.last_failure_time + self.recovery_timeout}")
Exception: Circuit breaker is OPEN. Will recover at 1779852762.5236375

2026-05-27 10:32:03,350 - __main__ - ERROR - Broadcast failed: Circuit breaker is OPEN. Will recover at 1779852762.5236375
Traceback (most recent call last):
  File "C:\Users\LENOVO\OneDrive\Desktop\JARKOM\main.py", line 361, in safe_broadcast_update
    message = broadcast_circuit_breaker.call(
  File "C:\Users\LENOVO\OneDrive\Desktop\JARKOM\main.py", line 86, in call
    raise Exception(f"Circuit breaker is OPEN. Will recover at {self.last_failure_time + self.recovery_timeout}")
Exception: Circuit breaker is OPEN. Will recover at 1779852762.5236375

2026-05-27 10:32:06,553 - __main__ - ERROR - Broadcast failed: Circuit breaker is OPEN. Will recover at 1779852762.5236375
Traceback (most recent call last):
  File "C:\Users\LENOVO\OneDrive\Desktop\JARKOM\main.py", line 361, in safe_broadcast_update
    message = broadcast_circuit_breaker.call(
  File "C:\Users\LENOVO\OneDrive\Desktop\JARKOM\main.py", line 86, in call
    raise Exception(f"Circuit breaker is OPEN. Will recover at {self.last_failure_time + self.recovery_timeout}")
Exception: Circuit breaker is OPEN. Will recover at 1779852762.5236375

2026-05-27 10:32:09,749 - __main__ - ERROR - Broadcast failed: Circuit breaker is OPEN. Will recover at 1779852762.5236375
Traceback (most recent call last):
  File "C:\Users\LENOVO\OneDrive\Desktop\JARKOM\main.py", line 361, in safe_broadcast_update
    message = broadcast_circuit_breaker.call(
  File "C:\Users\LENOVO\OneDrive\Desktop\JARKOM\main.py", line 86, in call
    raise Exception(f"Circuit breaker is OPEN. Will recover at {self.last_failure_time + self.recovery_timeout}")
Exception: Circuit breaker is OPEN. Will recover at 1779852762.5236375

2026-05-27 10:32:13,001 - __main__ - ERROR - Broadcast failed: Circuit breaker is OPEN. Will recover at 1779852762.5236375
Traceback (most recent call last):
  File "C:\Users\LENOVO\OneDrive\Desktop\JARKOM\main.py", line 361, in safe_broadcast_update
    message = broadcast_circuit_breaker.call(
  File "C:\Users\LENOVO\OneDrive\Desktop\JARKOM\main.py", line 86, in call
    raise Exception(f"Circuit breaker is OPEN. Will recover at {self.last_failure_time + self.recovery_timeout}")
Exception: Circuit breaker is OPEN. Will recover at 1779852762.5236375

2026-05-27 10:32:14,277 - __main__ - INFO - 📊 Stats - Uptime: 0:32:00.152886, Messages: 582, Failed: 0, Clients: 1, WS Connections: 1, Broadcast Failures: 580
2026-05-27 10:32:16,127 - __main__ - ERROR - Broadcast failed: Circuit breaker is OPEN. Will recover at 1779852762.5236375
Traceback (most recent call last):
  File "C:\Users\LENOVO\OneDrive\Desktop\JARKOM\main.py", line 361, in safe_broadcast_update
    message = broadcast_circuit_breaker.call(
  File "C:\Users\LENOVO\OneDrive\Desktop\JARKOM\main.py", line 86, in call
    raise Exception(f"Circuit breaker is OPEN. Will recover at {self.last_failure_time + self.recovery_timeout}")
Exception: Circuit breaker is OPEN. Will recover at 1779852762.5236375

2026-05-27 10:32:19,418 - __main__ - ERROR - Broadcast failed: Circuit breaker is OPEN. Will recover at 1779852762.5236375
Traceback (most recent call last):
  File "C:\Users\LENOVO\OneDrive\Desktop\JARKOM\main.py", line 361, in safe_broadcast_update
    message = broadcast_circuit_breaker.call(
  File "C:\Users\LENOVO\OneDrive\Desktop\JARKOM\main.py", line 86, in call
    raise Exception(f"Circuit breaker is OPEN. Will recover at {self.last_failure_time + self.recovery_timeout}")
Exception: Circuit breaker is OPEN. Will recover at 1779852762.5236375

2026-05-27 10:32:22,578 - __main__ - ERROR - Broadcast failed: Circuit breaker is OPEN. Will recover at 1779852762.5236375
Traceback (most recent call last):
  File "C:\Users\LENOVO\OneDrive\Desktop\JARKOM\main.py", line 361, in safe_broadcast_update
    message = broadcast_circuit_breaker.call(
  File "C:\Users\LENOVO\OneDrive\Desktop\JARKOM\main.py", line 86, in call
    raise Exception(f"Circuit breaker is OPEN. Will recover at {self.last_failure_time + self.recovery_timeout}")
Exception: Circuit breaker is OPEN. Will recover at 1779852762.5236375

2026-05-27 10:32:26,121 - __main__ - ERROR - Broadcast failed: Circuit breaker is OPEN. Will recover at 1779852762.5236375
Traceback (most recent call last):
  File "C:\Users\LENOVO\OneDrive\Desktop\JARKOM\main.py", line 361, in safe_broadcast_update
    message = broadcast_circuit_breaker.call(
  File "C:\Users\LENOVO\OneDrive\Desktop\JARKOM\main.py", line 86, in call
    raise Exception(f"Circuit breaker is OPEN. Will recover at {self.last_failure_time + self.recovery_timeout}")
Exception: Circuit breaker is OPEN. Will recover at 1779852762.5236375

2026-05-27 10:32:29,654 - __main__ - ERROR - Broadcast failed: Circuit breaker is OPEN. Will recover at 1779852762.5236375
Traceback (most recent call last):
  File "C:\Users\LENOVO\OneDrive\Desktop\JARKOM\main.py", line 361, in safe_broadcast_update
    message = broadcast_circuit_breaker.call(
  File "C:\Users\LENOVO\OneDrive\Desktop\JARKOM\main.py", line 86, in call
    raise Exception(f"Circuit breaker is OPEN. Will recover at {self.last_failure_time + self.recovery_timeout}")
Exception: Circuit breaker is OPEN. Will recover at 1779852762.5236375

2026-05-27 10:32:33,156 - __main__ - ERROR - Broadcast failed: Circuit breaker is OPEN. Will recover at 1779852762.5236375
Traceback (most recent call last):
  File "C:\Users\LENOVO\OneDrive\Desktop\JARKOM\main.py", line 361, in safe_broadcast_update
    message = broadcast_circuit_breaker.call(
  File "C:\Users\LENOVO\OneDrive\Desktop\JARKOM\main.py", line 86, in call
    raise Exception(f"Circuit breaker is OPEN. Will recover at {self.last_failure_time + self.recovery_timeout}")
Exception: Circuit breaker is OPEN. Will recover at 1779852762.5236375

2026-05-27 10:32:36,652 - __main__ - ERROR - Broadcast failed: Circuit breaker is OPEN. Will recover at 1779852762.5236375
Traceback (most recent call last):
  File "C:\Users\LENOVO\OneDrive\Desktop\JARKOM\main.py", line 361, in safe_broadcast_update
    message = broadcast_circuit_breaker.call(
  File "C:\Users\LENOVO\OneDrive\Desktop\JARKOM\main.py", line 86, in call
    raise Exception(f"Circuit breaker is OPEN. Will recover at {self.last_failure_time + self.recovery_timeout}")
Exception: Circuit breaker is OPEN. Will recover at 1779852762.5236375

2026-05-27 10:32:40,022 - __main__ - ERROR - Broadcast failed: Circuit breaker is OPEN. Will recover at 1779852762.5236375
Traceback (most recent call last):
  File "C:\Users\LENOVO\OneDrive\Desktop\JARKOM\main.py", line 361, in safe_broadcast_update
    message = broadcast_circuit_breaker.call(
  File "C:\Users\LENOVO\OneDrive\Desktop\JARKOM\main.py", line 86, in call
    raise Exception(f"Circuit breaker is OPEN. Will recover at {self.last_failure_time + self.recovery_timeout}")
Exception: Circuit breaker is OPEN. Will recover at 1779852762.5236375

2026-05-27 10:32:43,213 - __main__ - WARNING - Circuit breaker entering HALF_OPEN state
2026-05-27 10:32:43,213 - __main__ - ERROR - Circuit breaker failure #41: Object of type datetime is not JSON serializable
2026-05-27 10:32:43,213 - __main__ - ERROR - Circuit breaker OPENED after 41 failures
2026-05-27 10:32:43,213 - __main__ - ERROR - Broadcast failed: Object of type datetime is not JSON serializable
Traceback (most recent call last):
  File "C:\Users\LENOVO\OneDrive\Desktop\JARKOM\main.py", line 361, in safe_broadcast_update
    message = broadcast_circuit_breaker.call(
  File "C:\Users\LENOVO\OneDrive\Desktop\JARKOM\main.py", line 89, in call
    result = func(*args, **kwargs)
  File "C:\Users\LENOVO\AppData\Local\Programs\Python\Python310\lib\json\__init__.py", line 231, in dumps
    return _default_encoder.encode(obj)
  File "C:\Users\LENOVO\AppData\Local\Programs\Python\Python310\lib\json\encoder.py", line 199, in encode
    chunks = self.iterencode(o, _one_shot=True)
  File "C:\Users\LENOVO\AppData\Local\Programs\Python\Python310\lib\json\encoder.py", line 257, in iterencode
    return _iterencode(o, 0)
  File "C:\Users\LENOVO\AppData\Local\Programs\Python\Python310\lib\json\encoder.py", line 179, in default
    raise TypeError(f'Object of type {o.__class__.__name__} '
TypeError: Object of type datetime is not JSON serializable

2026-05-27 10:32:46,430 - __main__ - INFO - 🔌 WebSocket connection removed. Remaining: 0
2026-05-27 10:33:14,289 - __main__ - INFO - 📊 Stats - Uptime: 0:33:00.164726, Messages: 600, Failed: 0, Clients: 1, WS Connections: 0, Broadcast Failures: 589
2026-05-27 10:34:14,320 - __main__ - INFO - 📊 Stats - Uptime: 0:34:00.196116, Messages: 618, Failed: 0, Clients: 1, WS Connections: 0, Broadcast Failures: 589
2026-05-27 10:34:38,709 - __main__ - INFO - 🔌 WebSocket connected. Total: 1
2026-05-27 10:34:40,188 - __main__ - WARNING - Circuit breaker entering HALF_OPEN state
2026-05-27 10:34:40,188 - __main__ - ERROR - Circuit breaker failure #42: Object of type datetime is not JSON serializable
2026-05-27 10:34:40,188 - __main__ - ERROR - Circuit breaker OPENED after 42 failures
2026-05-27 10:34:40,188 - __main__ - ERROR - Broadcast failed: Object of type datetime is not JSON serializable
Traceback (most recent call last):
  File "C:\Users\LENOVO\OneDrive\Desktop\JARKOM\main.py", line 361, in safe_broadcast_update
    message = broadcast_circuit_breaker.call(
  File "C:\Users\LENOVO\OneDrive\Desktop\JARKOM\main.py", line 89, in call
    result = func(*args, **kwargs)
  File "C:\Users\LENOVO\AppData\Local\Programs\Python\Python310\lib\json\__init__.py", line 231, in dumps
    return _default_encoder.encode(obj)
  File "C:\Users\LENOVO\AppData\Local\Programs\Python\Python310\lib\json\encoder.py", line 199, in encode
    chunks = self.iterencode(o, _one_shot=True)
  File "C:\Users\LENOVO\AppData\Local\Programs\Python\Python310\lib\json\encoder.py", line 257, in iterencode
    return _iterencode(o, 0)
  File "C:\Users\LENOVO\AppData\Local\Programs\Python\Python310\lib\json\encoder.py", line 179, in default
    raise TypeError(f'Object of type {o.__class__.__name__} '
TypeError: Object of type datetime is not JSON serializable

2026-05-27 10:34:43,383 - __main__ - ERROR - Broadcast failed: Circuit breaker is OPEN. Will recover at 1779852940.1883578
Traceback (most recent call last):
  File "C:\Users\LENOVO\OneDrive\Desktop\JARKOM\main.py", line 361, in safe_broadcast_update
    message = broadcast_circuit_breaker.call(
  File "C:\Users\LENOVO\OneDrive\Desktop\JARKOM\main.py", line 86, in call
    raise Exception(f"Circuit breaker is OPEN. Will recover at {self.last_failure_time + self.recovery_timeout}")
Exception: Circuit breaker is OPEN. Will recover at 1779852940.1883578

2026-05-27 10:34:46,659 - __main__ - ERROR - Broadcast failed: Circuit breaker is OPEN. Will recover at 1779852940.1883578
Traceback (most recent call last):
  File "C:\Users\LENOVO\OneDrive\Desktop\JARKOM\main.py", line 361, in safe_broadcast_update
    message = broadcast_circuit_breaker.call(
  File "C:\Users\LENOVO\OneDrive\Desktop\JARKOM\main.py", line 86, in call
    raise Exception(f"Circuit breaker is OPEN. Will recover at {self.last_failure_time + self.recovery_timeout}")
Exception: Circuit breaker is OPEN. Will recover at 1779852940.1883578

2026-05-27 10:34:50,069 - __main__ - ERROR - Broadcast failed: Circuit breaker is OPEN. Will recover at 1779852940.1883578
Traceback (most recent call last):
  File "C:\Users\LENOVO\OneDrive\Desktop\JARKOM\main.py", line 361, in safe_broadcast_update
    message = broadcast_circuit_breaker.call(
  File "C:\Users\LENOVO\OneDrive\Desktop\JARKOM\main.py", line 86, in call
    raise Exception(f"Circuit breaker is OPEN. Will recover at {self.last_failure_time + self.recovery_timeout}")
Exception: Circuit breaker is OPEN. Will recover at 1779852940.1883578

2026-05-27 10:34:53,424 - __main__ - ERROR - Broadcast failed: Circuit breaker is OPEN. Will recover at 1779852940.1883578
Traceback (most recent call last):
  File "C:\Users\LENOVO\OneDrive\Desktop\JARKOM\main.py", line 361, in safe_broadcast_update
    message = broadcast_circuit_breaker.call(
  File "C:\Users\LENOVO\OneDrive\Desktop\JARKOM\main.py", line 86, in call
    raise Exception(f"Circuit breaker is OPEN. Will recover at {self.last_failure_time + self.recovery_timeout}")
Exception: Circuit breaker is OPEN. Will recover at 1779852940.1883578

2026-05-27 10:34:56,769 - __main__ - ERROR - Broadcast failed: Circuit breaker is OPEN. Will recover at 1779852940.1883578
Traceback (most recent call last):
  File "C:\Users\LENOVO\OneDrive\Desktop\JARKOM\main.py", line 361, in safe_broadcast_update
    message = broadcast_circuit_breaker.call(
  File "C:\Users\LENOVO\OneDrive\Desktop\JARKOM\main.py", line 86, in call
    raise Exception(f"Circuit breaker is OPEN. Will recover at {self.last_failure_time + self.recovery_timeout}")
Exception: Circuit breaker is OPEN. Will recover at 1779852940.1883578

2026-05-27 10:35:00,291 - __main__ - ERROR - Broadcast failed: Circuit breaker is OPEN. Will recover at 1779852940.1883578
Traceback (most recent call last):
  File "C:\Users\LENOVO\OneDrive\Desktop\JARKOM\main.py", line 361, in safe_broadcast_update
    message = broadcast_circuit_breaker.call(
  File "C:\Users\LENOVO\OneDrive\Desktop\JARKOM\main.py", line 86, in call
    raise Exception(f"Circuit breaker is OPEN. Will recover at {self.last_failure_time + self.recovery_timeout}")
Exception: Circuit breaker is OPEN. Will recover at 1779852940.1883578

2026-05-27 10:35:03,632 - __main__ - ERROR - Broadcast failed: Circuit breaker is OPEN. Will recover at 1779852940.1883578
Traceback (most recent call last):
  File "C:\Users\LENOVO\OneDrive\Desktop\JARKOM\main.py", line 361, in safe_broadcast_update
    message = broadcast_circuit_breaker.call(
  File "C:\Users\LENOVO\OneDrive\Desktop\JARKOM\main.py", line 86, in call
    raise Exception(f"Circuit breaker is OPEN. Will recover at {self.last_failure_time + self.recovery_timeout}")
Exception: Circuit breaker is OPEN. Will recover at 1779852940.1883578

2026-05-27 10:35:06,955 - __main__ - ERROR - Broadcast failed: Circuit breaker is OPEN. Will recover at 1779852940.1883578
Traceback (most recent call last):
  File "C:\Users\LENOVO\OneDrive\Desktop\JARKOM\main.py", line 361, in safe_broadcast_update
    message = broadcast_circuit_breaker.call(
  File "C:\Users\LENOVO\OneDrive\Desktop\JARKOM\main.py", line 86, in call
    raise Exception(f"Circuit breaker is OPEN. Will recover at {self.last_failure_time + self.recovery_timeout}")
Exception: Circuit breaker is OPEN. Will recover at 1779852940.1883578

2026-05-27 10:35:10,155 - __main__ - ERROR - Broadcast failed: Circuit breaker is OPEN. Will recover at 1779852940.1883578
Traceback (most recent call last):
  File "C:\Users\LENOVO\OneDrive\Desktop\JARKOM\main.py", line 361, in safe_broadcast_update
    message = broadcast_circuit_breaker.call(
  File "C:\Users\LENOVO\OneDrive\Desktop\JARKOM\main.py", line 86, in call
    raise Exception(f"Circuit breaker is OPEN. Will recover at {self.last_failure_time + self.recovery_timeout}")
Exception: Circuit breaker is OPEN. Will recover at 1779852940.1883578

2026-05-27 10:35:13,476 - __main__ - ERROR - Broadcast failed: Circuit breaker is OPEN. Will recover at 1779852940.1883578
Traceback (most recent call last):
  File "C:\Users\LENOVO\OneDrive\Desktop\JARKOM\main.py", line 361, in safe_broadcast_update
    message = broadcast_circuit_breaker.call(
  File "C:\Users\LENOVO\OneDrive\Desktop\JARKOM\main.py", line 86, in call
    raise Exception(f"Circuit breaker is OPEN. Will recover at {self.last_failure_time + self.recovery_timeout}")
Exception: Circuit breaker is OPEN. Will recover at 1779852940.1883578

2026-05-27 10:35:14,343 - __main__ - INFO - 📊 Stats - Uptime: 0:35:00.218930, Messages: 636, Failed: 0, Clients: 1, WS Connections: 1, Broadcast Failures: 600
2026-05-27 10:35:16,732 - __main__ - ERROR - Broadcast failed: Circuit breaker is OPEN. Will recover at 1779852940.1883578
Traceback (most recent call last):
  File "C:\Users\LENOVO\OneDrive\Desktop\JARKOM\main.py", line 361, in safe_broadcast_update
    message = broadcast_circuit_breaker.call(
  File "C:\Users\LENOVO\OneDrive\Desktop\JARKOM\main.py", line 86, in call
    raise Exception(f"Circuit breaker is OPEN. Will recover at {self.last_failure_time + self.recovery_timeout}")
Exception: Circuit breaker is OPEN. Will recover at 1779852940.1883578

2026-05-27 10:35:20,087 - __main__ - ERROR - Broadcast failed: Circuit breaker is OPEN. Will recover at 1779852940.1883578
Traceback (most recent call last):
  File "C:\Users\LENOVO\OneDrive\Desktop\JARKOM\main.py", line 361, in safe_broadcast_update
    message = broadcast_circuit_breaker.call(
  File "C:\Users\LENOVO\OneDrive\Desktop\JARKOM\main.py", line 86, in call
    raise Exception(f"Circuit breaker is OPEN. Will recover at {self.last_failure_time + self.recovery_timeout}")
Exception: Circuit breaker is OPEN. Will recover at 1779852940.1883578

2026-05-27 10:35:23,236 - __main__ - ERROR - Broadcast failed: Circuit breaker is OPEN. Will recover at 1779852940.1883578
Traceback (most recent call last):
  File "C:\Users\LENOVO\OneDrive\Desktop\JARKOM\main.py", line 361, in safe_broadcast_update
    message = broadcast_circuit_breaker.call(
  File "C:\Users\LENOVO\OneDrive\Desktop\JARKOM\main.py", line 86, in call
    raise Exception(f"Circuit breaker is OPEN. Will recover at {self.last_failure_time + self.recovery_timeout}")
Exception: Circuit breaker is OPEN. Will recover at 1779852940.1883578

2026-05-27 10:35:26,622 - __main__ - ERROR - Broadcast failed: Circuit breaker is OPEN. Will recover at 1779852940.1883578
Traceback (most recent call last):
  File "C:\Users\LENOVO\OneDrive\Desktop\JARKOM\main.py", line 361, in safe_broadcast_update
    message = broadcast_circuit_breaker.call(
  File "C:\Users\LENOVO\OneDrive\Desktop\JARKOM\main.py", line 86, in call
    raise Exception(f"Circuit breaker is OPEN. Will recover at {self.last_failure_time + self.recovery_timeout}")
Exception: Circuit breaker is OPEN. Will recover at 1779852940.1883578

2026-05-27 10:35:30,029 - __main__ - ERROR - Broadcast failed: Circuit breaker is OPEN. Will recover at 1779852940.1883578
Traceback (most recent call last):
  File "C:\Users\LENOVO\OneDrive\Desktop\JARKOM\main.py", line 361, in safe_broadcast_update
    message = broadcast_circuit_breaker.call(
  File "C:\Users\LENOVO\OneDrive\Desktop\JARKOM\main.py", line 86, in call
    raise Exception(f"Circuit breaker is OPEN. Will recover at {self.last_failure_time + self.recovery_timeout}")
Exception: Circuit breaker is OPEN. Will recover at 1779852940.1883578

2026-05-27 10:35:33,542 - __main__ - ERROR - Broadcast failed: Circuit breaker is OPEN. Will recover at 1779852940.1883578
Traceback (most recent call last):
  File "C:\Users\LENOVO\OneDrive\Desktop\JARKOM\main.py", line 361, in safe_broadcast_update
    message = broadcast_circuit_breaker.call(
  File "C:\Users\LENOVO\OneDrive\Desktop\JARKOM\main.py", line 86, in call
    raise Exception(f"Circuit breaker is OPEN. Will recover at {self.last_failure_time + self.recovery_timeout}")
Exception: Circuit breaker is OPEN. Will recover at 1779852940.1883578

2026-05-27 10:35:37,335 - __main__ - ERROR - Broadcast failed: Circuit breaker is OPEN. Will recover at 1779852940.1883578
Traceback (most recent call last):
  File "C:\Users\LENOVO\OneDrive\Desktop\JARKOM\main.py", line 361, in safe_broadcast_update
    message = broadcast_circuit_breaker.call(
  File "C:\Users\LENOVO\OneDrive\Desktop\JARKOM\main.py", line 86, in call
    raise Exception(f"Circuit breaker is OPEN. Will recover at {self.last_failure_time + self.recovery_timeout}")
Exception: Circuit breaker is OPEN. Will recover at 1779852940.1883578

2026-05-27 10:35:40,791 - __main__ - WARNING - Circuit breaker entering HALF_OPEN state
2026-05-27 10:35:40,791 - __main__ - ERROR - Circuit breaker failure #43: Object of type datetime is not JSON serializable
2026-05-27 10:35:40,791 - __main__ - ERROR - Circuit breaker OPENED after 43 failures
2026-05-27 10:35:40,791 - __main__ - ERROR - Broadcast failed: Object of type datetime is not JSON serializable
Traceback (most recent call last):
  File "C:\Users\LENOVO\OneDrive\Desktop\JARKOM\main.py", line 361, in safe_broadcast_update
    message = broadcast_circuit_breaker.call(
  File "C:\Users\LENOVO\OneDrive\Desktop\JARKOM\main.py", line 89, in call
    result = func(*args, **kwargs)
  File "C:\Users\LENOVO\AppData\Local\Programs\Python\Python310\lib\json\__init__.py", line 231, in dumps
    return _default_encoder.encode(obj)
  File "C:\Users\LENOVO\AppData\Local\Programs\Python\Python310\lib\json\encoder.py", line 199, in encode
    chunks = self.iterencode(o, _one_shot=True)
  File "C:\Users\LENOVO\AppData\Local\Programs\Python\Python310\lib\json\encoder.py", line 257, in iterencode
    return _iterencode(o, 0)
  File "C:\Users\LENOVO\AppData\Local\Programs\Python\Python310\lib\json\encoder.py", line 179, in default
    raise TypeError(f'Object of type {o.__class__.__name__} '
TypeError: Object of type datetime is not JSON serializable

2026-05-27 10:35:44,277 - __main__ - ERROR - Broadcast failed: Circuit breaker is OPEN. Will recover at 1779853000.7914965
Traceback (most recent call last):
  File "C:\Users\LENOVO\OneDrive\Desktop\JARKOM\main.py", line 361, in safe_broadcast_update
    message = broadcast_circuit_breaker.call(
  File "C:\Users\LENOVO\OneDrive\Desktop\JARKOM\main.py", line 86, in call
    raise Exception(f"Circuit breaker is OPEN. Will recover at {self.last_failure_time + self.recovery_timeout}")
Exception: Circuit breaker is OPEN. Will recover at 1779853000.7914965

2026-05-27 10:35:47,691 - __main__ - ERROR - Broadcast failed: Circuit breaker is OPEN. Will recover at 1779853000.7914965
Traceback (most recent call last):
  File "C:\Users\LENOVO\OneDrive\Desktop\JARKOM\main.py", line 361, in safe_broadcast_update
    message = broadcast_circuit_breaker.call(
  File "C:\Users\LENOVO\OneDrive\Desktop\JARKOM\main.py", line 86, in call
    raise Exception(f"Circuit breaker is OPEN. Will recover at {self.last_failure_time + self.recovery_timeout}")
Exception: Circuit breaker is OPEN. Will recover at 1779853000.7914965

2026-05-27 10:35:50,055 - __main__ - INFO - 🔌 WebSocket connection removed. Remaining: 0
2026-05-27 10:35:50,501 - __main__ - INFO - 🔌 WebSocket connected. Total: 1
2026-05-27 10:35:51,157 - __main__ - ERROR - Broadcast failed: Circuit breaker is OPEN. Will recover at 1779853000.7914965
Traceback (most recent call last):
  File "C:\Users\LENOVO\OneDrive\Desktop\JARKOM\main.py", line 361, in safe_broadcast_update
    message = broadcast_circuit_breaker.call(
  File "C:\Users\LENOVO\OneDrive\Desktop\JARKOM\main.py", line 86, in call
    raise Exception(f"Circuit breaker is OPEN. Will recover at {self.last_failure_time + self.recovery_timeout}")
Exception: Circuit breaker is OPEN. Will recover at 1779853000.7914965

2026-05-27 10:35:54,770 - __main__ - ERROR - Broadcast failed: Circuit breaker is OPEN. Will recover at 1779853000.7914965
Traceback (most recent call last):
  File "C:\Users\LENOVO\OneDrive\Desktop\JARKOM\main.py", line 361, in safe_broadcast_update
    message = broadcast_circuit_breaker.call(
  File "C:\Users\LENOVO\OneDrive\Desktop\JARKOM\main.py", line 86, in call
    raise Exception(f"Circuit breaker is OPEN. Will recover at {self.last_failure_time + self.recovery_timeout}")
Exception: Circuit breaker is OPEN. Will recover at 1779853000.7914965

2026-05-27 10:35:58,043 - __main__ - ERROR - Broadcast failed: Circuit breaker is OPEN. Will recover at 1779853000.7914965
Traceback (most recent call last):
  File "C:\Users\LENOVO\OneDrive\Desktop\JARKOM\main.py", line 361, in safe_broadcast_update
    message = broadcast_circuit_breaker.call(
  File "C:\Users\LENOVO\OneDrive\Desktop\JARKOM\main.py", line 86, in call
    raise Exception(f"Circuit breaker is OPEN. Will recover at {self.last_failure_time + self.recovery_timeout}")
Exception: Circuit breaker is OPEN. Will recover at 1779853000.7914965

2026-05-27 10:36:01,273 - __main__ - ERROR - Broadcast failed: Circuit breaker is OPEN. Will recover at 1779853000.7914965
Traceback (most recent call last):
  File "C:\Users\LENOVO\OneDrive\Desktop\JARKOM\main.py", line 361, in safe_broadcast_update
    message = broadcast_circuit_breaker.call(
  File "C:\Users\LENOVO\OneDrive\Desktop\JARKOM\main.py", line 86, in call
    raise Exception(f"Circuit breaker is OPEN. Will recover at {self.last_failure_time + self.recovery_timeout}")
Exception: Circuit breaker is OPEN. Will recover at 1779853000.7914965

2026-05-27 10:36:04,571 - __main__ - ERROR - Broadcast failed: Circuit breaker is OPEN. Will recover at 1779853000.7914965
Traceback (most recent call last):
  File "C:\Users\LENOVO\OneDrive\Desktop\JARKOM\main.py", line 361, in safe_broadcast_update
    message = broadcast_circuit_breaker.call(
  File "C:\Users\LENOVO\OneDrive\Desktop\JARKOM\main.py", line 86, in call
    raise Exception(f"Circuit breaker is OPEN. Will recover at {self.last_failure_time + self.recovery_timeout}")
Exception: Circuit breaker is OPEN. Will recover at 1779853000.7914965

2026-05-27 10:36:07,906 - __main__ - ERROR - Broadcast failed: Circuit breaker is OPEN. Will recover at 1779853000.7914965
Traceback (most recent call last):
  File "C:\Users\LENOVO\OneDrive\Desktop\JARKOM\main.py", line 361, in safe_broadcast_update
    message = broadcast_circuit_breaker.call(
  File "C:\Users\LENOVO\OneDrive\Desktop\JARKOM\main.py", line 86, in call
    raise Exception(f"Circuit breaker is OPEN. Will recover at {self.last_failure_time + self.recovery_timeout}")
Exception: Circuit breaker is OPEN. Will recover at 1779853000.7914965

2026-05-27 10:36:11,121 - __main__ - ERROR - Broadcast failed: Circuit breaker is OPEN. Will recover at 1779853000.7914965
Traceback (most recent call last):
  File "C:\Users\LENOVO\OneDrive\Desktop\JARKOM\main.py", line 361, in safe_broadcast_update
    message = broadcast_circuit_breaker.call(
  File "C:\Users\LENOVO\OneDrive\Desktop\JARKOM\main.py", line 86, in call
    raise Exception(f"Circuit breaker is OPEN. Will recover at {self.last_failure_time + self.recovery_timeout}")
Exception: Circuit breaker is OPEN. Will recover at 1779853000.7914965

2026-05-27 10:36:14,345 - __main__ - INFO - 📊 Stats - Uptime: 0:36:00.220536, Messages: 653, Failed: 0, Clients: 1, WS Connections: 1, Broadcast Failures: 617
2026-05-27 10:36:14,346 - __main__ - ERROR - Broadcast failed: Circuit breaker is OPEN. Will recover at 1779853000.7914965
Traceback (most recent call last):
  File "C:\Users\LENOVO\OneDrive\Desktop\JARKOM\main.py", line 361, in safe_broadcast_update
    message = broadcast_circuit_breaker.call(
  File "C:\Users\LENOVO\OneDrive\Desktop\JARKOM\main.py", line 86, in call
    raise Exception(f"Circuit breaker is OPEN. Will recover at {self.last_failure_time + self.recovery_timeout}")
Exception: Circuit breaker is OPEN. Will recover at 1779853000.7914965

2026-05-27 10:36:17,549 - __main__ - ERROR - Broadcast failed: Circuit breaker is OPEN. Will recover at 1779853000.7914965
Traceback (most recent call last):
  File "C:\Users\LENOVO\OneDrive\Desktop\JARKOM\main.py", line 361, in safe_broadcast_update
    message = broadcast_circuit_breaker.call(
  File "C:\Users\LENOVO\OneDrive\Desktop\JARKOM\main.py", line 86, in call
    raise Exception(f"Circuit breaker is OPEN. Will recover at {self.last_failure_time + self.recovery_timeout}")
Exception: Circuit breaker is OPEN. Will recover at 1779853000.7914965

2026-05-27 10:36:20,805 - __main__ - ERROR - Broadcast failed: Circuit breaker is OPEN. Will recover at 1779853000.7914965
Traceback (most recent call last):
  File "C:\Users\LENOVO\OneDrive\Desktop\JARKOM\main.py", line 361, in safe_broadcast_update
    message = broadcast_circuit_breaker.call(
  File "C:\Users\LENOVO\OneDrive\Desktop\JARKOM\main.py", line 86, in call
    raise Exception(f"Circuit breaker is OPEN. Will recover at {self.last_failure_time + self.recovery_timeout}")
Exception: Circuit breaker is OPEN. Will recover at 1779853000.7914965

2026-05-27 10:36:24,117 - __main__ - ERROR - Broadcast failed: Circuit breaker is OPEN. Will recover at 1779853000.7914965
Traceback (most recent call last):
  File "C:\Users\LENOVO\OneDrive\Desktop\JARKOM\main.py", line 361, in safe_broadcast_update
    message = broadcast_circuit_breaker.call(
  File "C:\Users\LENOVO\OneDrive\Desktop\JARKOM\main.py", line 86, in call
    raise Exception(f"Circuit breaker is OPEN. Will recover at {self.last_failure_time + self.recovery_timeout}")
Exception: Circuit breaker is OPEN. Will recover at 1779853000.7914965

2026-05-27 10:36:27,440 - __main__ - ERROR - Broadcast failed: Circuit breaker is OPEN. Will recover at 1779853000.7914965
Traceback (most recent call last):
  File "C:\Users\LENOVO\OneDrive\Desktop\JARKOM\main.py", line 361, in safe_broadcast_update
    message = broadcast_circuit_breaker.call(
  File "C:\Users\LENOVO\OneDrive\Desktop\JARKOM\main.py", line 86, in call
    raise Exception(f"Circuit breaker is OPEN. Will recover at {self.last_failure_time + self.recovery_timeout}")
Exception: Circuit breaker is OPEN. Will recover at 1779853000.7914965

2026-05-27 10:36:30,709 - __main__ - ERROR - Broadcast failed: Circuit breaker is OPEN. Will recover at 1779853000.7914965
Traceback (most recent call last):
  File "C:\Users\LENOVO\OneDrive\Desktop\JARKOM\main.py", line 361, in safe_broadcast_update
    message = broadcast_circuit_breaker.call(
  File "C:\Users\LENOVO\OneDrive\Desktop\JARKOM\main.py", line 86, in call
    raise Exception(f"Circuit breaker is OPEN. Will recover at {self.last_failure_time + self.recovery_timeout}")
Exception: Circuit breaker is OPEN. Will recover at 1779853000.7914965

2026-05-27 10:36:34,145 - __main__ - ERROR - Broadcast failed: Circuit breaker is OPEN. Will recover at 1779853000.7914965
Traceback (most recent call last):
  File "C:\Users\LENOVO\OneDrive\Desktop\JARKOM\main.py", line 361, in safe_broadcast_update
    message = broadcast_circuit_breaker.call(
  File "C:\Users\LENOVO\OneDrive\Desktop\JARKOM\main.py", line 86, in call
    raise Exception(f"Circuit breaker is OPEN. Will recover at {self.last_failure_time + self.recovery_timeout}")
Exception: Circuit breaker is OPEN. Will recover at 1779853000.7914965

2026-05-27 10:36:37,318 - __main__ - ERROR - Broadcast failed: Circuit breaker is OPEN. Will recover at 1779853000.7914965
Traceback (most recent call last):
  File "C:\Users\LENOVO\OneDrive\Desktop\JARKOM\main.py", line 361, in safe_broadcast_update
    message = broadcast_circuit_breaker.call(
  File "C:\Users\LENOVO\OneDrive\Desktop\JARKOM\main.py", line 86, in call
    raise Exception(f"Circuit breaker is OPEN. Will recover at {self.last_failure_time + self.recovery_timeout}")
Exception: Circuit breaker is OPEN. Will recover at 1779853000.7914965

2026-05-27 10:36:39,630 - __main__ - INFO - 🔌 WebSocket connection removed. Remaining: 0
2026-05-27 10:36:40,056 - __main__ - INFO - 🔌 WebSocket connected. Total: 1
2026-05-27 10:36:40,957 - __main__ - WARNING - Circuit breaker entering HALF_OPEN state
2026-05-27 10:36:40,957 - __main__ - ERROR - Circuit breaker failure #44: Object of type datetime is not JSON serializable
2026-05-27 10:36:40,957 - __main__ - ERROR - Circuit breaker OPENED after 44 failures
2026-05-27 10:36:40,957 - __main__ - ERROR - Broadcast failed: Object of type datetime is not JSON serializable
Traceback (most recent call last):
  File "C:\Users\LENOVO\OneDrive\Desktop\JARKOM\main.py", line 361, in safe_broadcast_update
    message = broadcast_circuit_breaker.call(
  File "C:\Users\LENOVO\OneDrive\Desktop\JARKOM\main.py", line 89, in call
    result = func(*args, **kwargs)
  File "C:\Users\LENOVO\AppData\Local\Programs\Python\Python310\lib\json\__init__.py", line 231, in dumps
    return _default_encoder.encode(obj)
  File "C:\Users\LENOVO\AppData\Local\Programs\Python\Python310\lib\json\encoder.py", line 199, in encode
    chunks = self.iterencode(o, _one_shot=True)
  File "C:\Users\LENOVO\AppData\Local\Programs\Python\Python310\lib\json\encoder.py", line 257, in iterencode
    return _iterencode(o, 0)
  File "C:\Users\LENOVO\AppData\Local\Programs\Python\Python310\lib\json\encoder.py", line 179, in default
    raise TypeError(f'Object of type {o.__class__.__name__} '
TypeError: Object of type datetime is not JSON serializable

2026-05-27 10:36:44,071 - __main__ - ERROR - Broadcast failed: Circuit breaker is OPEN. Will recover at 1779853060.9573588
Traceback (most recent call last):
  File "C:\Users\LENOVO\OneDrive\Desktop\JARKOM\main.py", line 361, in safe_broadcast_update
    message = broadcast_circuit_breaker.call(
  File "C:\Users\LENOVO\OneDrive\Desktop\JARKOM\main.py", line 86, in call
    raise Exception(f"Circuit breaker is OPEN. Will recover at {self.last_failure_time + self.recovery_timeout}")
Exception: Circuit breaker is OPEN. Will recover at 1779853060.9573588

2026-05-27 10:36:47,370 - __main__ - ERROR - Broadcast failed: Circuit breaker is OPEN. Will recover at 1779853060.9573588
Traceback (most recent call last):
  File "C:\Users\LENOVO\OneDrive\Desktop\JARKOM\main.py", line 361, in safe_broadcast_update
    message = broadcast_circuit_breaker.call(
  File "C:\Users\LENOVO\OneDrive\Desktop\JARKOM\main.py", line 86, in call
    raise Exception(f"Circuit breaker is OPEN. Will recover at {self.last_failure_time + self.recovery_timeout}")
Exception: Circuit breaker is OPEN. Will recover at 1779853060.9573588

2026-05-27 10:36:50,624 - __main__ - ERROR - Broadcast failed: Circuit breaker is OPEN. Will recover at 1779853060.9573588
Traceback (most recent call last):
  File "C:\Users\LENOVO\OneDrive\Desktop\JARKOM\main.py", line 361, in safe_broadcast_update
    message = broadcast_circuit_breaker.call(
  File "C:\Users\LENOVO\OneDrive\Desktop\JARKOM\main.py", line 86, in call
    raise Exception(f"Circuit breaker is OPEN. Will recover at {self.last_failure_time + self.recovery_timeout}")
Exception: Circuit breaker is OPEN. Will recover at 1779853060.9573588

2026-05-27 10:36:53,968 - __main__ - ERROR - Broadcast failed: Circuit breaker is OPEN. Will recover at 1779853060.9573588
Traceback (most recent call last):
  File "C:\Users\LENOVO\OneDrive\Desktop\JARKOM\main.py", line 361, in safe_broadcast_update
    message = broadcast_circuit_breaker.call(
  File "C:\Users\LENOVO\OneDrive\Desktop\JARKOM\main.py", line 86, in call
    raise Exception(f"Circuit breaker is OPEN. Will recover at {self.last_failure_time + self.recovery_timeout}")
Exception: Circuit breaker is OPEN. Will recover at 1779853060.9573588

2026-05-27 10:36:57,406 - __main__ - ERROR - Broadcast failed: Circuit breaker is OPEN. Will recover at 1779853060.9573588
Traceback (most recent call last):
  File "C:\Users\LENOVO\OneDrive\Desktop\JARKOM\main.py", line 361, in safe_broadcast_update
    message = broadcast_circuit_breaker.call(
  File "C:\Users\LENOVO\OneDrive\Desktop\JARKOM\main.py", line 86, in call
    raise Exception(f"Circuit breaker is OPEN. Will recover at {self.last_failure_time + self.recovery_timeout}")
Exception: Circuit breaker is OPEN. Will recover at 1779853060.9573588

2026-05-27 10:37:00,777 - __main__ - ERROR - Broadcast failed: Circuit breaker is OPEN. Will recover at 1779853060.9573588
Traceback (most recent call last):
  File "C:\Users\LENOVO\OneDrive\Desktop\JARKOM\main.py", line 361, in safe_broadcast_update
    message = broadcast_circuit_breaker.call(
  File "C:\Users\LENOVO\OneDrive\Desktop\JARKOM\main.py", line 86, in call
    raise Exception(f"Circuit breaker is OPEN. Will recover at {self.last_failure_time + self.recovery_timeout}")
Exception: Circuit breaker is OPEN. Will recover at 1779853060.9573588

2026-05-27 10:37:03,967 - __main__ - ERROR - Broadcast failed: Circuit breaker is OPEN. Will recover at 1779853060.9573588
Traceback (most recent call last):
  File "C:\Users\LENOVO\OneDrive\Desktop\JARKOM\main.py", line 361, in safe_broadcast_update
    message = broadcast_circuit_breaker.call(
  File "C:\Users\LENOVO\OneDrive\Desktop\JARKOM\main.py", line 86, in call
    raise Exception(f"Circuit breaker is OPEN. Will recover at {self.last_failure_time + self.recovery_timeout}")
Exception: Circuit breaker is OPEN. Will recover at 1779853060.9573588

2026-05-27 10:37:07,155 - __main__ - ERROR - Broadcast failed: Circuit breaker is OPEN. Will recover at 1779853060.9573588
Traceback (most recent call last):
  File "C:\Users\LENOVO\OneDrive\Desktop\JARKOM\main.py", line 361, in safe_broadcast_update
    message = broadcast_circuit_breaker.call(
  File "C:\Users\LENOVO\OneDrive\Desktop\JARKOM\main.py", line 86, in call
    raise Exception(f"Circuit breaker is OPEN. Will recover at {self.last_failure_time + self.recovery_timeout}")
Exception: Circuit breaker is OPEN. Will recover at 1779853060.9573588

2026-05-27 10:37:10,357 - __main__ - ERROR - Broadcast failed: Circuit breaker is OPEN. Will recover at 1779853060.9573588
Traceback (most recent call last):
  File "C:\Users\LENOVO\OneDrive\Desktop\JARKOM\main.py", line 361, in safe_broadcast_update
    message = broadcast_circuit_breaker.call(
  File "C:\Users\LENOVO\OneDrive\Desktop\JARKOM\main.py", line 86, in call
    raise Exception(f"Circuit breaker is OPEN. Will recover at {self.last_failure_time + self.recovery_timeout}")
Exception: Circuit breaker is OPEN. Will recover at 1779853060.9573588

2026-05-27 10:37:13,610 - __main__ - ERROR - Broadcast failed: Circuit breaker is OPEN. Will recover at 1779853060.9573588
Traceback (most recent call last):
  File "C:\Users\LENOVO\OneDrive\Desktop\JARKOM\main.py", line 361, in safe_broadcast_update
    message = broadcast_circuit_breaker.call(
  File "C:\Users\LENOVO\OneDrive\Desktop\JARKOM\main.py", line 86, in call
    raise Exception(f"Circuit breaker is OPEN. Will recover at {self.last_failure_time + self.recovery_timeout}")
Exception: Circuit breaker is OPEN. Will recover at 1779853060.9573588

2026-05-27 10:37:14,345 - __main__ - INFO - 📊 Stats - Uptime: 0:37:00.220809, Messages: 672, Failed: 0, Clients: 1, WS Connections: 1, Broadcast Failures: 636
2026-05-27 10:37:16,984 - __main__ - ERROR - Broadcast failed: Circuit breaker is OPEN. Will recover at 1779853060.9573588
Traceback (most recent call last):
  File "C:\Users\LENOVO\OneDrive\Desktop\JARKOM\main.py", line 361, in safe_broadcast_update
    message = broadcast_circuit_breaker.call(
  File "C:\Users\LENOVO\OneDrive\Desktop\JARKOM\main.py", line 86, in call
    raise Exception(f"Circuit breaker is OPEN. Will recover at {self.last_failure_time + self.recovery_timeout}")
Exception: Circuit breaker is OPEN. Will recover at 1779853060.9573588

2026-05-27 10:37:20,082 - __main__ - ERROR - Broadcast failed: Circuit breaker is OPEN. Will recover at 1779853060.9573588
Traceback (most recent call last):
  File "C:\Users\LENOVO\OneDrive\Desktop\JARKOM\main.py", line 361, in safe_broadcast_update
    message = broadcast_circuit_breaker.call(
  File "C:\Users\LENOVO\OneDrive\Desktop\JARKOM\main.py", line 86, in call
    raise Exception(f"Circuit breaker is OPEN. Will recover at {self.last_failure_time + self.recovery_timeout}")
Exception: Circuit breaker is OPEN. Will recover at 1779853060.9573588

2026-05-27 10:37:23,338 - __main__ - ERROR - Broadcast failed: Circuit breaker is OPEN. Will recover at 1779853060.9573588
Traceback (most recent call last):
  File "C:\Users\LENOVO\OneDrive\Desktop\JARKOM\main.py", line 361, in safe_broadcast_update
    message = broadcast_circuit_breaker.call(
  File "C:\Users\LENOVO\OneDrive\Desktop\JARKOM\main.py", line 86, in call
    raise Exception(f"Circuit breaker is OPEN. Will recover at {self.last_failure_time + self.recovery_timeout}")
Exception: Circuit breaker is OPEN. Will recover at 1779853060.9573588

2026-05-27 10:37:26,769 - __main__ - ERROR - Broadcast failed: Circuit breaker is OPEN. Will recover at 1779853060.9573588
Traceback (most recent call last):
  File "C:\Users\LENOVO\OneDrive\Desktop\JARKOM\main.py", line 361, in safe_broadcast_update
    message = broadcast_circuit_breaker.call(
  File "C:\Users\LENOVO\OneDrive\Desktop\JARKOM\main.py", line 86, in call
    raise Exception(f"Circuit breaker is OPEN. Will recover at {self.last_failure_time + self.recovery_timeout}")
Exception: Circuit breaker is OPEN. Will recover at 1779853060.9573588

2026-05-27 10:37:30,181 - __main__ - ERROR - Broadcast failed: Circuit breaker is OPEN. Will recover at 1779853060.9573588
Traceback (most recent call last):
  File "C:\Users\LENOVO\OneDrive\Desktop\JARKOM\main.py", line 361, in safe_broadcast_update
    message = broadcast_circuit_breaker.call(
  File "C:\Users\LENOVO\OneDrive\Desktop\JARKOM\main.py", line 86, in call
    raise Exception(f"Circuit breaker is OPEN. Will recover at {self.last_failure_time + self.recovery_timeout}")
Exception: Circuit breaker is OPEN. Will recover at 1779853060.9573588

2026-05-27 10:37:33,427 - __main__ - ERROR - Broadcast failed: Circuit breaker is OPEN. Will recover at 1779853060.9573588
Traceback (most recent call last):
  File "C:\Users\LENOVO\OneDrive\Desktop\JARKOM\main.py", line 361, in safe_broadcast_update
    message = broadcast_circuit_breaker.call(
  File "C:\Users\LENOVO\OneDrive\Desktop\JARKOM\main.py", line 86, in call
    raise Exception(f"Circuit breaker is OPEN. Will recover at {self.last_failure_time + self.recovery_timeout}")
Exception: Circuit breaker is OPEN. Will recover at 1779853060.9573588

2026-05-27 10:37:36,478 - __main__ - ERROR - Broadcast failed: Circuit breaker is OPEN. Will recover at 1779853060.9573588
Traceback (most recent call last):
  File "C:\Users\LENOVO\OneDrive\Desktop\JARKOM\main.py", line 361, in safe_broadcast_update
    message = broadcast_circuit_breaker.call(
  File "C:\Users\LENOVO\OneDrive\Desktop\JARKOM\main.py", line 86, in call
    raise Exception(f"Circuit breaker is OPEN. Will recover at {self.last_failure_time + self.recovery_timeout}")
Exception: Circuit breaker is OPEN. Will recover at 1779853060.9573588

2026-05-27 10:37:39,616 - __main__ - ERROR - Broadcast failed: Circuit breaker is OPEN. Will recover at 1779853060.9573588
Traceback (most recent call last):
  File "C:\Users\LENOVO\OneDrive\Desktop\JARKOM\main.py", line 361, in safe_broadcast_update
    message = broadcast_circuit_breaker.call(
  File "C:\Users\LENOVO\OneDrive\Desktop\JARKOM\main.py", line 86, in call
    raise Exception(f"Circuit breaker is OPEN. Will recover at {self.last_failure_time + self.recovery_timeout}")
Exception: Circuit breaker is OPEN. Will recover at 1779853060.9573588

2026-05-27 10:37:42,677 - __main__ - WARNING - Circuit breaker entering HALF_OPEN state
2026-05-27 10:37:42,677 - __main__ - ERROR - Circuit breaker failure #45: Object of type datetime is not JSON serializable
2026-05-27 10:37:42,677 - __main__ - ERROR - Circuit breaker OPENED after 45 failures
2026-05-27 10:37:42,680 - __main__ - ERROR - Broadcast failed: Object of type datetime is not JSON serializable
Traceback (most recent call last):
  File "C:\Users\LENOVO\OneDrive\Desktop\JARKOM\main.py", line 361, in safe_broadcast_update
    message = broadcast_circuit_breaker.call(
  File "C:\Users\LENOVO\OneDrive\Desktop\JARKOM\main.py", line 89, in call
    result = func(*args, **kwargs)
  File "C:\Users\LENOVO\AppData\Local\Programs\Python\Python310\lib\json\__init__.py", line 231, in dumps
    return _default_encoder.encode(obj)
  File "C:\Users\LENOVO\AppData\Local\Programs\Python\Python310\lib\json\encoder.py", line 199, in encode
    chunks = self.iterencode(o, _one_shot=True)
  File "C:\Users\LENOVO\AppData\Local\Programs\Python\Python310\lib\json\encoder.py", line 257, in iterencode
    return _iterencode(o, 0)
  File "C:\Users\LENOVO\AppData\Local\Programs\Python\Python310\lib\json\encoder.py", line 179, in default
    raise TypeError(f'Object of type {o.__class__.__name__} '
TypeError: Object of type datetime is not JSON serializable

2026-05-27 10:37:46,227 - __main__ - ERROR - Broadcast failed: Circuit breaker is OPEN. Will recover at 1779853122.6778972
Traceback (most recent call last):
  File "C:\Users\LENOVO\OneDrive\Desktop\JARKOM\main.py", line 361, in safe_broadcast_update
    message = broadcast_circuit_breaker.call(
  File "C:\Users\LENOVO\OneDrive\Desktop\JARKOM\main.py", line 86, in call
    raise Exception(f"Circuit breaker is OPEN. Will recover at {self.last_failure_time + self.recovery_timeout}")
Exception: Circuit breaker is OPEN. Will recover at 1779853122.6778972

2026-05-27 10:37:49,622 - __main__ - ERROR - Broadcast failed: Circuit breaker is OPEN. Will recover at 1779853122.6778972
Traceback (most recent call last):
  File "C:\Users\LENOVO\OneDrive\Desktop\JARKOM\main.py", line 361, in safe_broadcast_update
    message = broadcast_circuit_breaker.call(
  File "C:\Users\LENOVO\OneDrive\Desktop\JARKOM\main.py", line 86, in call
    raise Exception(f"Circuit breaker is OPEN. Will recover at {self.last_failure_time + self.recovery_timeout}")
Exception: Circuit breaker is OPEN. Will recover at 1779853122.6778972

2026-05-27 10:37:53,054 - __main__ - ERROR - Broadcast failed: Circuit breaker is OPEN. Will recover at 1779853122.6778972
Traceback (most recent call last):
  File "C:\Users\LENOVO\OneDrive\Desktop\JARKOM\main.py", line 361, in safe_broadcast_update
    message = broadcast_circuit_breaker.call(
  File "C:\Users\LENOVO\OneDrive\Desktop\JARKOM\main.py", line 86, in call
    raise Exception(f"Circuit breaker is OPEN. Will recover at {self.last_failure_time + self.recovery_timeout}")
Exception: Circuit breaker is OPEN. Will recover at 1779853122.6778972

2026-05-27 10:37:56,200 - __main__ - ERROR - Broadcast failed: Circuit breaker is OPEN. Will recover at 1779853122.6778972
Traceback (most recent call last):
  File "C:\Users\LENOVO\OneDrive\Desktop\JARKOM\main.py", line 361, in safe_broadcast_update
    message = broadcast_circuit_breaker.call(
  File "C:\Users\LENOVO\OneDrive\Desktop\JARKOM\main.py", line 86, in call
    raise Exception(f"Circuit breaker is OPEN. Will recover at {self.last_failure_time + self.recovery_timeout}")
Exception: Circuit breaker is OPEN. Will recover at 1779853122.6778972

2026-05-27 10:37:59,595 - __main__ - ERROR - Broadcast failed: Circuit breaker is OPEN. Will recover at 1779853122.6778972
Traceback (most recent call last):
  File "C:\Users\LENOVO\OneDrive\Desktop\JARKOM\main.py", line 361, in safe_broadcast_update
    message = broadcast_circuit_breaker.call(
  File "C:\Users\LENOVO\OneDrive\Desktop\JARKOM\main.py", line 86, in call
    raise Exception(f"Circuit breaker is OPEN. Will recover at {self.last_failure_time + self.recovery_timeout}")
Exception: Circuit breaker is OPEN. Will recover at 1779853122.6778972

2026-05-27 10:38:02,866 - __main__ - ERROR - Broadcast failed: Circuit breaker is OPEN. Will recover at 1779853122.6778972
Traceback (most recent call last):
  File "C:\Users\LENOVO\OneDrive\Desktop\JARKOM\main.py", line 361, in safe_broadcast_update
    message = broadcast_circuit_breaker.call(
  File "C:\Users\LENOVO\OneDrive\Desktop\JARKOM\main.py", line 86, in call
    raise Exception(f"Circuit breaker is OPEN. Will recover at {self.last_failure_time + self.recovery_timeout}")
Exception: Circuit breaker is OPEN. Will recover at 1779853122.6778972

2026-05-27 10:38:06,096 - __main__ - ERROR - Broadcast failed: Circuit breaker is OPEN. Will recover at 1779853122.6778972
Traceback (most recent call last):
  File "C:\Users\LENOVO\OneDrive\Desktop\JARKOM\main.py", line 361, in safe_broadcast_update
    message = broadcast_circuit_breaker.call(
  File "C:\Users\LENOVO\OneDrive\Desktop\JARKOM\main.py", line 86, in call
    raise Exception(f"Circuit breaker is OPEN. Will recover at {self.last_failure_time + self.recovery_timeout}")
Exception: Circuit breaker is OPEN. Will recover at 1779853122.6778972

2026-05-27 10:38:09,325 - __main__ - ERROR - Broadcast failed: Circuit breaker is OPEN. Will recover at 1779853122.6778972
Traceback (most recent call last):
  File "C:\Users\LENOVO\OneDrive\Desktop\JARKOM\main.py", line 361, in safe_broadcast_update
    message = broadcast_circuit_breaker.call(
  File "C:\Users\LENOVO\OneDrive\Desktop\JARKOM\main.py", line 86, in call
    raise Exception(f"Circuit breaker is OPEN. Will recover at {self.last_failure_time + self.recovery_timeout}")
Exception: Circuit breaker is OPEN. Will recover at 1779853122.6778972

2026-05-27 10:38:12,649 - __main__ - ERROR - Broadcast failed: Circuit breaker is OPEN. Will recover at 1779853122.6778972
Traceback (most recent call last):
  File "C:\Users\LENOVO\OneDrive\Desktop\JARKOM\main.py", line 361, in safe_broadcast_update
    message = broadcast_circuit_breaker.call(
  File "C:\Users\LENOVO\OneDrive\Desktop\JARKOM\main.py", line 86, in call
    raise Exception(f"Circuit breaker is OPEN. Will recover at {self.last_failure_time + self.recovery_timeout}")
Exception: Circuit breaker is OPEN. Will recover at 1779853122.6778972

2026-05-27 10:38:14,364 - __main__ - INFO - 📊 Stats - Uptime: 0:38:00.239410, Messages: 690, Failed: 0, Clients: 1, WS Connections: 1, Broadcast Failures: 654
2026-05-27 10:38:15,931 - __main__ - ERROR - Broadcast failed: Circuit breaker is OPEN. Will recover at 1779853122.6778972
Traceback (most recent call last):
  File "C:\Users\LENOVO\OneDrive\Desktop\JARKOM\main.py", line 361, in safe_broadcast_update
    message = broadcast_circuit_breaker.call(
  File "C:\Users\LENOVO\OneDrive\Desktop\JARKOM\main.py", line 86, in call
    raise Exception(f"Circuit breaker is OPEN. Will recover at {self.last_failure_time + self.recovery_timeout}")
Exception: Circuit breaker is OPEN. Will recover at 1779853122.6778972

2026-05-27 10:38:19,319 - __main__ - ERROR - Broadcast failed: Circuit breaker is OPEN. Will recover at 1779853122.6778972
Traceback (most recent call last):
  File "C:\Users\LENOVO\OneDrive\Desktop\JARKOM\main.py", line 361, in safe_broadcast_update
    message = broadcast_circuit_breaker.call(
  File "C:\Users\LENOVO\OneDrive\Desktop\JARKOM\main.py", line 86, in call
    raise Exception(f"Circuit breaker is OPEN. Will recover at {self.last_failure_time + self.recovery_timeout}")
Exception: Circuit breaker is OPEN. Will recover at 1779853122.6778972

2026-05-27 10:38:22,600 - __main__ - ERROR - Broadcast failed: Circuit breaker is OPEN. Will recover at 1779853122.6778972
Traceback (most recent call last):
  File "C:\Users\LENOVO\OneDrive\Desktop\JARKOM\main.py", line 361, in safe_broadcast_update
    message = broadcast_circuit_breaker.call(
  File "C:\Users\LENOVO\OneDrive\Desktop\JARKOM\main.py", line 86, in call
    raise Exception(f"Circuit breaker is OPEN. Will recover at {self.last_failure_time + self.recovery_timeout}")
Exception: Circuit breaker is OPEN. Will recover at 1779853122.6778972

2026-05-27 10:38:25,993 - __main__ - ERROR - Broadcast failed: Circuit breaker is OPEN. Will recover at 1779853122.6778972
Traceback (most recent call last):
  File "C:\Users\LENOVO\OneDrive\Desktop\JARKOM\main.py", line 361, in safe_broadcast_update
    message = broadcast_circuit_breaker.call(
  File "C:\Users\LENOVO\OneDrive\Desktop\JARKOM\main.py", line 86, in call
    raise Exception(f"Circuit breaker is OPEN. Will recover at {self.last_failure_time + self.recovery_timeout}")
Exception: Circuit breaker is OPEN. Will recover at 1779853122.6778972

2026-05-27 10:38:29,364 - __main__ - ERROR - Broadcast failed: Circuit breaker is OPEN. Will recover at 1779853122.6778972
Traceback (most recent call last):
  File "C:\Users\LENOVO\OneDrive\Desktop\JARKOM\main.py", line 361, in safe_broadcast_update
    message = broadcast_circuit_breaker.call(
  File "C:\Users\LENOVO\OneDrive\Desktop\JARKOM\main.py", line 86, in call
    raise Exception(f"Circuit breaker is OPEN. Will recover at {self.last_failure_time + self.recovery_timeout}")
Exception: Circuit breaker is OPEN. Will recover at 1779853122.6778972

2026-05-27 10:38:32,934 - __main__ - ERROR - Broadcast failed: Circuit breaker is OPEN. Will recover at 1779853122.6778972
Traceback (most recent call last):
  File "C:\Users\LENOVO\OneDrive\Desktop\JARKOM\main.py", line 361, in safe_broadcast_update
    message = broadcast_circuit_breaker.call(
  File "C:\Users\LENOVO\OneDrive\Desktop\JARKOM\main.py", line 86, in call
    raise Exception(f"Circuit breaker is OPEN. Will recover at {self.last_failure_time + self.recovery_timeout}")
Exception: Circuit breaker is OPEN. Will recover at 1779853122.6778972

2026-05-27 10:38:36,214 - __main__ - ERROR - Broadcast failed: Circuit breaker is OPEN. Will recover at 1779853122.6778972
Traceback (most recent call last):
  File "C:\Users\LENOVO\OneDrive\Desktop\JARKOM\main.py", line 361, in safe_broadcast_update
    message = broadcast_circuit_breaker.call(
  File "C:\Users\LENOVO\OneDrive\Desktop\JARKOM\main.py", line 86, in call
    raise Exception(f"Circuit breaker is OPEN. Will recover at {self.last_failure_time + self.recovery_timeout}")
Exception: Circuit breaker is OPEN. Will recover at 1779853122.6778972

2026-05-27 10:38:39,370 - __main__ - ERROR - Broadcast failed: Circuit breaker is OPEN. Will recover at 1779853122.6778972
Traceback (most recent call last):
  File "C:\Users\LENOVO\OneDrive\Desktop\JARKOM\main.py", line 361, in safe_broadcast_update
    message = broadcast_circuit_breaker.call(
  File "C:\Users\LENOVO\OneDrive\Desktop\JARKOM\main.py", line 86, in call
    raise Exception(f"Circuit breaker is OPEN. Will recover at {self.last_failure_time + self.recovery_timeout}")
Exception: Circuit breaker is OPEN. Will recover at 1779853122.6778972

2026-05-27 10:38:42,549 - __main__ - ERROR - Broadcast failed: Circuit breaker is OPEN. Will recover at 1779853122.6778972
Traceback (most recent call last):
  File "C:\Users\LENOVO\OneDrive\Desktop\JARKOM\main.py", line 361, in safe_broadcast_update
    message = broadcast_circuit_breaker.call(
  File "C:\Users\LENOVO\OneDrive\Desktop\JARKOM\main.py", line 86, in call
    raise Exception(f"Circuit breaker is OPEN. Will recover at {self.last_failure_time + self.recovery_timeout}")
Exception: Circuit breaker is OPEN. Will recover at 1779853122.6778972

2026-05-27 10:38:45,797 - __main__ - WARNING - Circuit breaker entering HALF_OPEN state
2026-05-27 10:38:45,809 - __main__ - ERROR - Circuit breaker failure #46: Object of type datetime is not JSON serializable
2026-05-27 10:38:45,816 - __main__ - ERROR - Circuit breaker OPENED after 46 failures
2026-05-27 10:38:45,818 - __main__ - ERROR - Broadcast failed: Object of type datetime is not JSON serializable
Traceback (most recent call last):
  File "C:\Users\LENOVO\OneDrive\Desktop\JARKOM\main.py", line 361, in safe_broadcast_update
    message = broadcast_circuit_breaker.call(
  File "C:\Users\LENOVO\OneDrive\Desktop\JARKOM\main.py", line 89, in call
    result = func(*args, **kwargs)
  File "C:\Users\LENOVO\AppData\Local\Programs\Python\Python310\lib\json\__init__.py", line 231, in dumps
    return _default_encoder.encode(obj)
  File "C:\Users\LENOVO\AppData\Local\Programs\Python\Python310\lib\json\encoder.py", line 199, in encode
    chunks = self.iterencode(o, _one_shot=True)
  File "C:\Users\LENOVO\AppData\Local\Programs\Python\Python310\lib\json\encoder.py", line 257, in iterencode
    return _iterencode(o, 0)
  File "C:\Users\LENOVO\AppData\Local\Programs\Python\Python310\lib\json\encoder.py", line 179, in default
    raise TypeError(f'Object of type {o.__class__.__name__} '
TypeError: Object of type datetime is not JSON serializable

2026-05-27 10:38:49,091 - __main__ - ERROR - Broadcast failed: Circuit breaker is OPEN. Will recover at 1779853185.8097394
Traceback (most recent call last):
  File "C:\Users\LENOVO\OneDrive\Desktop\JARKOM\main.py", line 361, in safe_broadcast_update
    message = broadcast_circuit_breaker.call(
  File "C:\Users\LENOVO\OneDrive\Desktop\JARKOM\main.py", line 86, in call
    raise Exception(f"Circuit breaker is OPEN. Will recover at {self.last_failure_time + self.recovery_timeout}")
Exception: Circuit breaker is OPEN. Will recover at 1779853185.8097394

2026-05-27 10:38:52,475 - __main__ - ERROR - Broadcast failed: Circuit breaker is OPEN. Will recover at 1779853185.8097394
Traceback (most recent call last):
  File "C:\Users\LENOVO\OneDrive\Desktop\JARKOM\main.py", line 361, in safe_broadcast_update
    message = broadcast_circuit_breaker.call(
  File "C:\Users\LENOVO\OneDrive\Desktop\JARKOM\main.py", line 86, in call
    raise Exception(f"Circuit breaker is OPEN. Will recover at {self.last_failure_time + self.recovery_timeout}")
Exception: Circuit breaker is OPEN. Will recover at 1779853185.8097394

2026-05-27 10:38:55,902 - __main__ - ERROR - Broadcast failed: Circuit breaker is OPEN. Will recover at 1779853185.8097394
Traceback (most recent call last):
  File "C:\Users\LENOVO\OneDrive\Desktop\JARKOM\main.py", line 361, in safe_broadcast_update
    message = broadcast_circuit_breaker.call(
  File "C:\Users\LENOVO\OneDrive\Desktop\JARKOM\main.py", line 86, in call
    raise Exception(f"Circuit breaker is OPEN. Will recover at {self.last_failure_time + self.recovery_timeout}")
Exception: Circuit breaker is OPEN. Will recover at 1779853185.8097394

2026-05-27 10:38:59,206 - __main__ - ERROR - Broadcast failed: Circuit breaker is OPEN. Will recover at 1779853185.8097394
Traceback (most recent call last):
  File "C:\Users\LENOVO\OneDrive\Desktop\JARKOM\main.py", line 361, in safe_broadcast_update
    message = broadcast_circuit_breaker.call(
  File "C:\Users\LENOVO\OneDrive\Desktop\JARKOM\main.py", line 86, in call
    raise Exception(f"Circuit breaker is OPEN. Will recover at {self.last_failure_time + self.recovery_timeout}")
Exception: Circuit breaker is OPEN. Will recover at 1779853185.8097394

2026-05-27 10:39:02,456 - __main__ - ERROR - Broadcast failed: Circuit breaker is OPEN. Will recover at 1779853185.8097394
Traceback (most recent call last):
  File "C:\Users\LENOVO\OneDrive\Desktop\JARKOM\main.py", line 361, in safe_broadcast_update
    message = broadcast_circuit_breaker.call(
  File "C:\Users\LENOVO\OneDrive\Desktop\JARKOM\main.py", line 86, in call
    raise Exception(f"Circuit breaker is OPEN. Will recover at {self.last_failure_time + self.recovery_timeout}")
Exception: Circuit breaker is OPEN. Will recover at 1779853185.8097394

2026-05-27 10:39:05,699 - __main__ - ERROR - Broadcast failed: Circuit breaker is OPEN. Will recover at 1779853185.8097394
Traceback (most recent call last):
  File "C:\Users\LENOVO\OneDrive\Desktop\JARKOM\main.py", line 361, in safe_broadcast_update
    message = broadcast_circuit_breaker.call(
  File "C:\Users\LENOVO\OneDrive\Desktop\JARKOM\main.py", line 86, in call
    raise Exception(f"Circuit breaker is OPEN. Will recover at {self.last_failure_time + self.recovery_timeout}")
Exception: Circuit breaker is OPEN. Will recover at 1779853185.8097394

2026-05-27 10:39:09,104 - __main__ - ERROR - Broadcast failed: Circuit breaker is OPEN. Will recover at 1779853185.8097394
Traceback (most recent call last):
  File "C:\Users\LENOVO\OneDrive\Desktop\JARKOM\main.py", line 361, in safe_broadcast_update
    message = broadcast_circuit_breaker.call(
  File "C:\Users\LENOVO\OneDrive\Desktop\JARKOM\main.py", line 86, in call
    raise Exception(f"Circuit breaker is OPEN. Will recover at {self.last_failure_time + self.recovery_timeout}")
Exception: Circuit breaker is OPEN. Will recover at 1779853185.8097394

2026-05-27 10:39:12,359 - __main__ - ERROR - Broadcast failed: Circuit breaker is OPEN. Will recover at 1779853185.8097394
Traceback (most recent call last):
  File "C:\Users\LENOVO\OneDrive\Desktop\JARKOM\main.py", line 361, in safe_broadcast_update
    message = broadcast_circuit_breaker.call(
  File "C:\Users\LENOVO\OneDrive\Desktop\JARKOM\main.py", line 86, in call
    raise Exception(f"Circuit breaker is OPEN. Will recover at {self.last_failure_time + self.recovery_timeout}")
Exception: Circuit breaker is OPEN. Will recover at 1779853185.8097394

2026-05-27 10:39:14,365 - __main__ - INFO - 📊 Stats - Uptime: 0:39:00.240650, Messages: 708, Failed: 0, Clients: 1, WS Connections: 1, Broadcast Failures: 672
2026-05-27 10:39:15,865 - __main__ - ERROR - Broadcast failed: Circuit breaker is OPEN. Will recover at 1779853185.8097394
Traceback (most recent call last):
  File "C:\Users\LENOVO\OneDrive\Desktop\JARKOM\main.py", line 361, in safe_broadcast_update
    message = broadcast_circuit_breaker.call(
  File "C:\Users\LENOVO\OneDrive\Desktop\JARKOM\main.py", line 86, in call
    raise Exception(f"Circuit breaker is OPEN. Will recover at {self.last_failure_time + self.recovery_timeout}")
Exception: Circuit breaker is OPEN. Will recover at 1779853185.8097394

2026-05-27 10:39:19,203 - __main__ - ERROR - Broadcast failed: Circuit breaker is OPEN. Will recover at 1779853185.8097394
Traceback (most recent call last):
  File "C:\Users\LENOVO\OneDrive\Desktop\JARKOM\main.py", line 361, in safe_broadcast_update
    message = broadcast_circuit_breaker.call(
  File "C:\Users\LENOVO\OneDrive\Desktop\JARKOM\main.py", line 86, in call
    raise Exception(f"Circuit breaker is OPEN. Will recover at {self.last_failure_time + self.recovery_timeout}")
Exception: Circuit breaker is OPEN. Will recover at 1779853185.8097394

2026-05-27 10:39:22,354 - __main__ - ERROR - Broadcast failed: Circuit breaker is OPEN. Will recover at 1779853185.8097394
Traceback (most recent call last):
  File "C:\Users\LENOVO\OneDrive\Desktop\JARKOM\main.py", line 361, in safe_broadcast_update
    message = broadcast_circuit_breaker.call(
  File "C:\Users\LENOVO\OneDrive\Desktop\JARKOM\main.py", line 86, in call
    raise Exception(f"Circuit breaker is OPEN. Will recover at {self.last_failure_time + self.recovery_timeout}")
Exception: Circuit breaker is OPEN. Will recover at 1779853185.8097394

2026-05-27 10:39:25,824 - __main__ - ERROR - Broadcast failed: Circuit breaker is OPEN. Will recover at 1779853185.8097394
Traceback (most recent call last):
  File "C:\Users\LENOVO\OneDrive\Desktop\JARKOM\main.py", line 361, in safe_broadcast_update
    message = broadcast_circuit_breaker.call(
  File "C:\Users\LENOVO\OneDrive\Desktop\JARKOM\main.py", line 86, in call
    raise Exception(f"Circuit breaker is OPEN. Will recover at {self.last_failure_time + self.recovery_timeout}")
Exception: Circuit breaker is OPEN. Will recover at 1779853185.8097394

2026-05-27 10:39:29,074 - __main__ - ERROR - Broadcast failed: Circuit breaker is OPEN. Will recover at 1779853185.8097394
Traceback (most recent call last):
  File "C:\Users\LENOVO\OneDrive\Desktop\JARKOM\main.py", line 361, in safe_broadcast_update
    message = broadcast_circuit_breaker.call(
  File "C:\Users\LENOVO\OneDrive\Desktop\JARKOM\main.py", line 86, in call
    raise Exception(f"Circuit breaker is OPEN. Will recover at {self.last_failure_time + self.recovery_timeout}")
Exception: Circuit breaker is OPEN. Will recover at 1779853185.8097394

2026-05-27 10:39:32,333 - __main__ - ERROR - Broadcast failed: Circuit breaker is OPEN. Will recover at 1779853185.8097394
Traceback (most recent call last):
  File "C:\Users\LENOVO\OneDrive\Desktop\JARKOM\main.py", line 361, in safe_broadcast_update
    message = broadcast_circuit_breaker.call(
  File "C:\Users\LENOVO\OneDrive\Desktop\JARKOM\main.py", line 86, in call
    raise Exception(f"Circuit breaker is OPEN. Will recover at {self.last_failure_time + self.recovery_timeout}")
Exception: Circuit breaker is OPEN. Will recover at 1779853185.8097394

2026-05-27 10:39:35,564 - __main__ - ERROR - Broadcast failed: Circuit breaker is OPEN. Will recover at 1779853185.8097394
Traceback (most recent call last):
  File "C:\Users\LENOVO\OneDrive\Desktop\JARKOM\main.py", line 361, in safe_broadcast_update
    message = broadcast_circuit_breaker.call(
  File "C:\Users\LENOVO\OneDrive\Desktop\JARKOM\main.py", line 86, in call
    raise Exception(f"Circuit breaker is OPEN. Will recover at {self.last_failure_time + self.recovery_timeout}")
Exception: Circuit breaker is OPEN. Will recover at 1779853185.8097394

2026-05-27 10:39:39,063 - __main__ - ERROR - Broadcast failed: Circuit breaker is OPEN. Will recover at 1779853185.8097394
Traceback (most recent call last):
  File "C:\Users\LENOVO\OneDrive\Desktop\JARKOM\main.py", line 361, in safe_broadcast_update
    message = broadcast_circuit_breaker.call(
  File "C:\Users\LENOVO\OneDrive\Desktop\JARKOM\main.py", line 86, in call
    raise Exception(f"Circuit breaker is OPEN. Will recover at {self.last_failure_time + self.recovery_timeout}")
Exception: Circuit breaker is OPEN. Will recover at 1779853185.8097394

2026-05-27 10:39:42,339 - __main__ - ERROR - Broadcast failed: Circuit breaker is OPEN. Will recover at 1779853185.8097394
Traceback (most recent call last):
  File "C:\Users\LENOVO\OneDrive\Desktop\JARKOM\main.py", line 361, in safe_broadcast_update
    message = broadcast_circuit_breaker.call(
  File "C:\Users\LENOVO\OneDrive\Desktop\JARKOM\main.py", line 86, in call
    raise Exception(f"Circuit breaker is OPEN. Will recover at {self.last_failure_time + self.recovery_timeout}")
Exception: Circuit breaker is OPEN. Will recover at 1779853185.8097394

2026-05-27 10:39:45,913 - __main__ - WARNING - Circuit breaker entering HALF_OPEN state
2026-05-27 10:39:45,914 - __main__ - ERROR - Circuit breaker failure #47: Object of type datetime is not JSON serializable
2026-05-27 10:39:45,915 - __main__ - ERROR - Circuit breaker OPENED after 47 failures
2026-05-27 10:39:45,917 - __main__ - ERROR - Broadcast failed: Object of type datetime is not JSON serializable
Traceback (most recent call last):
  File "C:\Users\LENOVO\OneDrive\Desktop\JARKOM\main.py", line 361, in safe_broadcast_update
    message = broadcast_circuit_breaker.call(
  File "C:\Users\LENOVO\OneDrive\Desktop\JARKOM\main.py", line 89, in call
    result = func(*args, **kwargs)
  File "C:\Users\LENOVO\AppData\Local\Programs\Python\Python310\lib\json\__init__.py", line 231, in dumps
    return _default_encoder.encode(obj)
  File "C:\Users\LENOVO\AppData\Local\Programs\Python\Python310\lib\json\encoder.py", line 199, in encode
    chunks = self.iterencode(o, _one_shot=True)
  File "C:\Users\LENOVO\AppData\Local\Programs\Python\Python310\lib\json\encoder.py", line 257, in iterencode
    return _iterencode(o, 0)
  File "C:\Users\LENOVO\AppData\Local\Programs\Python\Python310\lib\json\encoder.py", line 179, in default
    raise TypeError(f'Object of type {o.__class__.__name__} '
TypeError: Object of type datetime is not JSON serializable

2026-05-27 10:39:49,256 - __main__ - ERROR - Broadcast failed: Circuit breaker is OPEN. Will recover at 1779853245.9147773
Traceback (most recent call last):
  File "C:\Users\LENOVO\OneDrive\Desktop\JARKOM\main.py", line 361, in safe_broadcast_update
    message = broadcast_circuit_breaker.call(
  File "C:\Users\LENOVO\OneDrive\Desktop\JARKOM\main.py", line 86, in call
    raise Exception(f"Circuit breaker is OPEN. Will recover at {self.last_failure_time + self.recovery_timeout}")
Exception: Circuit breaker is OPEN. Will recover at 1779853245.9147773

2026-05-27 10:39:52,651 - __main__ - ERROR - Broadcast failed: Circuit breaker is OPEN. Will recover at 1779853245.9147773
Traceback (most recent call last):
  File "C:\Users\LENOVO\OneDrive\Desktop\JARKOM\main.py", line 361, in safe_broadcast_update
    message = broadcast_circuit_breaker.call(
  File "C:\Users\LENOVO\OneDrive\Desktop\JARKOM\main.py", line 86, in call
    raise Exception(f"Circuit breaker is OPEN. Will recover at {self.last_failure_time + self.recovery_timeout}")
Exception: Circuit breaker is OPEN. Will recover at 1779853245.9147773

2026-05-27 10:39:55,998 - __main__ - ERROR - Broadcast failed: Circuit breaker is OPEN. Will recover at 1779853245.9147773
Traceback (most recent call last):
  File "C:\Users\LENOVO\OneDrive\Desktop\JARKOM\main.py", line 361, in safe_broadcast_update
    message = broadcast_circuit_breaker.call(
  File "C:\Users\LENOVO\OneDrive\Desktop\JARKOM\main.py", line 86, in call
    raise Exception(f"Circuit breaker is OPEN. Will recover at {self.last_failure_time + self.recovery_timeout}")
Exception: Circuit breaker is OPEN. Will recover at 1779853245.9147773

2026-05-27 10:39:59,310 - __main__ - ERROR - Broadcast failed: Circuit breaker is OPEN. Will recover at 1779853245.9147773
Traceback (most recent call last):
  File "C:\Users\LENOVO\OneDrive\Desktop\JARKOM\main.py", line 361, in safe_broadcast_update
    message = broadcast_circuit_breaker.call(
  File "C:\Users\LENOVO\OneDrive\Desktop\JARKOM\main.py", line 86, in call
    raise Exception(f"Circuit breaker is OPEN. Will recover at {self.last_failure_time + self.recovery_timeout}")
Exception: Circuit breaker is OPEN. Will recover at 1779853245.9147773

2026-05-27 10:40:02,789 - __main__ - ERROR - Broadcast failed: Circuit breaker is OPEN. Will recover at 1779853245.9147773
Traceback (most recent call last):
  File "C:\Users\LENOVO\OneDrive\Desktop\JARKOM\main.py", line 361, in safe_broadcast_update
    message = broadcast_circuit_breaker.call(
  File "C:\Users\LENOVO\OneDrive\Desktop\JARKOM\main.py", line 86, in call
    raise Exception(f"Circuit breaker is OPEN. Will recover at {self.last_failure_time + self.recovery_timeout}")
Exception: Circuit breaker is OPEN. Will recover at 1779853245.9147773

2026-05-27 10:40:06,189 - __main__ - ERROR - Broadcast failed: Circuit breaker is OPEN. Will recover at 1779853245.9147773
Traceback (most recent call last):
  File "C:\Users\LENOVO\OneDrive\Desktop\JARKOM\main.py", line 361, in safe_broadcast_update
    message = broadcast_circuit_breaker.call(
  File "C:\Users\LENOVO\OneDrive\Desktop\JARKOM\main.py", line 86, in call
    raise Exception(f"Circuit breaker is OPEN. Will recover at {self.last_failure_time + self.recovery_timeout}")
Exception: Circuit breaker is OPEN. Will recover at 1779853245.9147773

2026-05-27 10:40:09,649 - __main__ - ERROR - Broadcast failed: Circuit breaker is OPEN. Will recover at 1779853245.9147773
Traceback (most recent call last):
  File "C:\Users\LENOVO\OneDrive\Desktop\JARKOM\main.py", line 361, in safe_broadcast_update
    message = broadcast_circuit_breaker.call(
  File "C:\Users\LENOVO\OneDrive\Desktop\JARKOM\main.py", line 86, in call
    raise Exception(f"Circuit breaker is OPEN. Will recover at {self.last_failure_time + self.recovery_timeout}")
Exception: Circuit breaker is OPEN. Will recover at 1779853245.9147773

2026-05-27 10:40:12,932 - __main__ - ERROR - Broadcast failed: Circuit breaker is OPEN. Will recover at 1779853245.9147773
Traceback (most recent call last):
  File "C:\Users\LENOVO\OneDrive\Desktop\JARKOM\main.py", line 361, in safe_broadcast_update
    message = broadcast_circuit_breaker.call(
  File "C:\Users\LENOVO\OneDrive\Desktop\JARKOM\main.py", line 86, in call
    raise Exception(f"Circuit breaker is OPEN. Will recover at {self.last_failure_time + self.recovery_timeout}")
Exception: Circuit breaker is OPEN. Will recover at 1779853245.9147773

2026-05-27 10:40:14,375 - __main__ - INFO - 📊 Stats - Uptime: 0:40:00.250876, Messages: 726, Failed: 0, Clients: 1, WS Connections: 1, Broadcast Failures: 690
2026-05-27 10:40:16,389 - __main__ - ERROR - Broadcast failed: Circuit breaker is OPEN. Will recover at 1779853245.9147773
Traceback (most recent call last):
  File "C:\Users\LENOVO\OneDrive\Desktop\JARKOM\main.py", line 361, in safe_broadcast_update
    message = broadcast_circuit_breaker.call(
  File "C:\Users\LENOVO\OneDrive\Desktop\JARKOM\main.py", line 86, in call
    raise Exception(f"Circuit breaker is OPEN. Will recover at {self.last_failure_time + self.recovery_timeout}")
Exception: Circuit breaker is OPEN. Will recover at 1779853245.9147773

2026-05-27 10:40:19,641 - __main__ - ERROR - Broadcast failed: Circuit breaker is OPEN. Will recover at 1779853245.9147773
Traceback (most recent call last):
  File "C:\Users\LENOVO\OneDrive\Desktop\JARKOM\main.py", line 361, in safe_broadcast_update
    message = broadcast_circuit_breaker.call(
  File "C:\Users\LENOVO\OneDrive\Desktop\JARKOM\main.py", line 86, in call
    raise Exception(f"Circuit breaker is OPEN. Will recover at {self.last_failure_time + self.recovery_timeout}")
Exception: Circuit breaker is OPEN. Will recover at 1779853245.9147773

2026-05-27 10:40:22,896 - __main__ - ERROR - Broadcast failed: Circuit breaker is OPEN. Will recover at 1779853245.9147773
Traceback (most recent call last):
  File "C:\Users\LENOVO\OneDrive\Desktop\JARKOM\main.py", line 361, in safe_broadcast_update
    message = broadcast_circuit_breaker.call(
  File "C:\Users\LENOVO\OneDrive\Desktop\JARKOM\main.py", line 86, in call
    raise Exception(f"Circuit breaker is OPEN. Will recover at {self.last_failure_time + self.recovery_timeout}")
Exception: Circuit breaker is OPEN. Will recover at 1779853245.9147773

2026-05-27 10:40:26,257 - __main__ - ERROR - Broadcast failed: Circuit breaker is OPEN. Will recover at 1779853245.9147773
Traceback (most recent call last):
  File "C:\Users\LENOVO\OneDrive\Desktop\JARKOM\main.py", line 361, in safe_broadcast_update
    message = broadcast_circuit_breaker.call(
  File "C:\Users\LENOVO\OneDrive\Desktop\JARKOM\main.py", line 86, in call
    raise Exception(f"Circuit breaker is OPEN. Will recover at {self.last_failure_time + self.recovery_timeout}")
Exception: Circuit breaker is OPEN. Will recover at 1779853245.9147773

2026-05-27 10:40:29,475 - __main__ - ERROR - Broadcast failed: Circuit breaker is OPEN. Will recover at 1779853245.9147773
Traceback (most recent call last):
  File "C:\Users\LENOVO\OneDrive\Desktop\JARKOM\main.py", line 361, in safe_broadcast_update
    message = broadcast_circuit_breaker.call(
  File "C:\Users\LENOVO\OneDrive\Desktop\JARKOM\main.py", line 86, in call
    raise Exception(f"Circuit breaker is OPEN. Will recover at {self.last_failure_time + self.recovery_timeout}")
Exception: Circuit breaker is OPEN. Will recover at 1779853245.9147773

2026-05-27 10:40:32,730 - __main__ - ERROR - Broadcast failed: Circuit breaker is OPEN. Will recover at 1779853245.9147773
Traceback (most recent call last):
  File "C:\Users\LENOVO\OneDrive\Desktop\JARKOM\main.py", line 361, in safe_broadcast_update
    message = broadcast_circuit_breaker.call(
  File "C:\Users\LENOVO\OneDrive\Desktop\JARKOM\main.py", line 86, in call
    raise Exception(f"Circuit breaker is OPEN. Will recover at {self.last_failure_time + self.recovery_timeout}")
Exception: Circuit breaker is OPEN. Will recover at 1779853245.9147773

2026-05-27 10:40:36,207 - __main__ - ERROR - Broadcast failed: Circuit breaker is OPEN. Will recover at 1779853245.9147773
Traceback (most recent call last):
  File "C:\Users\LENOVO\OneDrive\Desktop\JARKOM\main.py", line 361, in safe_broadcast_update
    message = broadcast_circuit_breaker.call(
  File "C:\Users\LENOVO\OneDrive\Desktop\JARKOM\main.py", line 86, in call
    raise Exception(f"Circuit breaker is OPEN. Will recover at {self.last_failure_time + self.recovery_timeout}")
Exception: Circuit breaker is OPEN. Will recover at 1779853245.9147773

2026-05-27 10:40:39,817 - __main__ - ERROR - Broadcast failed: Circuit breaker is OPEN. Will recover at 1779853245.9147773
Traceback (most recent call last):
  File "C:\Users\LENOVO\OneDrive\Desktop\JARKOM\main.py", line 361, in safe_broadcast_update
    message = broadcast_circuit_breaker.call(
  File "C:\Users\LENOVO\OneDrive\Desktop\JARKOM\main.py", line 86, in call
    raise Exception(f"Circuit breaker is OPEN. Will recover at {self.last_failure_time + self.recovery_timeout}")
Exception: Circuit breaker is OPEN. Will recover at 1779853245.9147773

2026-05-27 10:40:43,029 - __main__ - ERROR - Broadcast failed: Circuit breaker is OPEN. Will recover at 1779853245.9147773
Traceback (most recent call last):
  File "C:\Users\LENOVO\OneDrive\Desktop\JARKOM\main.py", line 361, in safe_broadcast_update
    message = broadcast_circuit_breaker.call(
  File "C:\Users\LENOVO\OneDrive\Desktop\JARKOM\main.py", line 86, in call
    raise Exception(f"Circuit breaker is OPEN. Will recover at {self.last_failure_time + self.recovery_timeout}")
Exception: Circuit breaker is OPEN. Will recover at 1779853245.9147773

2026-05-27 10:40:46,279 - __main__ - WARNING - Circuit breaker entering HALF_OPEN state
2026-05-27 10:40:46,280 - __main__ - ERROR - Circuit breaker failure #48: Object of type datetime is not JSON serializable
2026-05-27 10:40:46,281 - __main__ - ERROR - Circuit breaker OPENED after 48 failures
2026-05-27 10:40:46,282 - __main__ - ERROR - Broadcast failed: Object of type datetime is not JSON serializable
Traceback (most recent call last):
  File "C:\Users\LENOVO\OneDrive\Desktop\JARKOM\main.py", line 361, in safe_broadcast_update
    message = broadcast_circuit_breaker.call(
  File "C:\Users\LENOVO\OneDrive\Desktop\JARKOM\main.py", line 89, in call
    result = func(*args, **kwargs)
  File "C:\Users\LENOVO\AppData\Local\Programs\Python\Python310\lib\json\__init__.py", line 231, in dumps
    return _default_encoder.encode(obj)
  File "C:\Users\LENOVO\AppData\Local\Programs\Python\Python310\lib\json\encoder.py", line 199, in encode
    chunks = self.iterencode(o, _one_shot=True)
  File "C:\Users\LENOVO\AppData\Local\Programs\Python\Python310\lib\json\encoder.py", line 257, in iterencode
    return _iterencode(o, 0)
  File "C:\Users\LENOVO\AppData\Local\Programs\Python\Python310\lib\json\encoder.py", line 179, in default
    raise TypeError(f'Object of type {o.__class__.__name__} '
TypeError: Object of type datetime is not JSON serializable

2026-05-27 10:40:49,434 - __main__ - ERROR - Broadcast failed: Circuit breaker is OPEN. Will recover at 1779853306.280417
Traceback (most recent call last):
  File "C:\Users\LENOVO\OneDrive\Desktop\JARKOM\main.py", line 361, in safe_broadcast_update
    message = broadcast_circuit_breaker.call(
  File "C:\Users\LENOVO\OneDrive\Desktop\JARKOM\main.py", line 86, in call
    raise Exception(f"Circuit breaker is OPEN. Will recover at {self.last_failure_time + self.recovery_timeout}")
Exception: Circuit breaker is OPEN. Will recover at 1779853306.280417

2026-05-27 10:40:52,772 - __main__ - ERROR - Broadcast failed: Circuit breaker is OPEN. Will recover at 1779853306.280417
Traceback (most recent call last):
  File "C:\Users\LENOVO\OneDrive\Desktop\JARKOM\main.py", line 361, in safe_broadcast_update
    message = broadcast_circuit_breaker.call(
  File "C:\Users\LENOVO\OneDrive\Desktop\JARKOM\main.py", line 86, in call
    raise Exception(f"Circuit breaker is OPEN. Will recover at {self.last_failure_time + self.recovery_timeout}")
Exception: Circuit breaker is OPEN. Will recover at 1779853306.280417

2026-05-27 10:40:55,965 - __main__ - ERROR - Broadcast failed: Circuit breaker is OPEN. Will recover at 1779853306.280417
Traceback (most recent call last):
  File "C:\Users\LENOVO\OneDrive\Desktop\JARKOM\main.py", line 361, in safe_broadcast_update
    message = broadcast_circuit_breaker.call(
  File "C:\Users\LENOVO\OneDrive\Desktop\JARKOM\main.py", line 86, in call
    raise Exception(f"Circuit breaker is OPEN. Will recover at {self.last_failure_time + self.recovery_timeout}")
Exception: Circuit breaker is OPEN. Will recover at 1779853306.280417

2026-05-27 10:40:59,361 - __main__ - ERROR - Broadcast failed: Circuit breaker is OPEN. Will recover at 1779853306.280417
Traceback (most recent call last):
  File "C:\Users\LENOVO\OneDrive\Desktop\JARKOM\main.py", line 361, in safe_broadcast_update
    message = broadcast_circuit_breaker.call(
  File "C:\Users\LENOVO\OneDrive\Desktop\JARKOM\main.py", line 86, in call
    raise Exception(f"Circuit breaker is OPEN. Will recover at {self.last_failure_time + self.recovery_timeout}")
Exception: Circuit breaker is OPEN. Will recover at 1779853306.280417

2026-05-27 10:41:02,821 - __main__ - ERROR - Broadcast failed: Circuit breaker is OPEN. Will recover at 1779853306.280417
Traceback (most recent call last):
  File "C:\Users\LENOVO\OneDrive\Desktop\JARKOM\main.py", line 361, in safe_broadcast_update
    message = broadcast_circuit_breaker.call(
  File "C:\Users\LENOVO\OneDrive\Desktop\JARKOM\main.py", line 86, in call
    raise Exception(f"Circuit breaker is OPEN. Will recover at {self.last_failure_time + self.recovery_timeout}")
Exception: Circuit breaker is OPEN. Will recover at 1779853306.280417

2026-05-27 10:41:06,205 - __main__ - ERROR - Broadcast failed: Circuit breaker is OPEN. Will recover at 1779853306.280417
Traceback (most recent call last):
  File "C:\Users\LENOVO\OneDrive\Desktop\JARKOM\main.py", line 361, in safe_broadcast_update
    message = broadcast_circuit_breaker.call(
  File "C:\Users\LENOVO\OneDrive\Desktop\JARKOM\main.py", line 86, in call
    raise Exception(f"Circuit breaker is OPEN. Will recover at {self.last_failure_time + self.recovery_timeout}")
Exception: Circuit breaker is OPEN. Will recover at 1779853306.280417

2026-05-27 10:41:09,559 - __main__ - ERROR - Broadcast failed: Circuit breaker is OPEN. Will recover at 1779853306.280417
Traceback (most recent call last):
  File "C:\Users\LENOVO\OneDrive\Desktop\JARKOM\main.py", line 361, in safe_broadcast_update
    message = broadcast_circuit_breaker.call(
  File "C:\Users\LENOVO\OneDrive\Desktop\JARKOM\main.py", line 86, in call
    raise Exception(f"Circuit breaker is OPEN. Will recover at {self.last_failure_time + self.recovery_timeout}")
Exception: Circuit breaker is OPEN. Will recover at 1779853306.280417

2026-05-27 10:41:13,053 - __main__ - ERROR - Broadcast failed: Circuit breaker is OPEN. Will recover at 1779853306.280417
Traceback (most recent call last):
  File "C:\Users\LENOVO\OneDrive\Desktop\JARKOM\main.py", line 361, in safe_broadcast_update
    message = broadcast_circuit_breaker.call(
  File "C:\Users\LENOVO\OneDrive\Desktop\JARKOM\main.py", line 86, in call
    raise Exception(f"Circuit breaker is OPEN. Will recover at {self.last_failure_time + self.recovery_timeout}")
Exception: Circuit breaker is OPEN. Will recover at 1779853306.280417

2026-05-27 10:41:14,395 - __main__ - INFO - 📊 Stats - Uptime: 0:41:00.271142, Messages: 744, Failed: 0, Clients: 1, WS Connections: 1, Broadcast Failures: 708
2026-05-27 10:41:16,509 - __main__ - ERROR - Broadcast failed: Circuit breaker is OPEN. Will recover at 1779853306.280417
Traceback (most recent call last):
  File "C:\Users\LENOVO\OneDrive\Desktop\JARKOM\main.py", line 361, in safe_broadcast_update
    message = broadcast_circuit_breaker.call(
  File "C:\Users\LENOVO\OneDrive\Desktop\JARKOM\main.py", line 86, in call
    raise Exception(f"Circuit breaker is OPEN. Will recover at {self.last_failure_time + self.recovery_timeout}")
Exception: Circuit breaker is OPEN. Will recover at 1779853306.280417

2026-05-27 10:41:19,788 - __main__ - ERROR - Broadcast failed: Circuit breaker is OPEN. Will recover at 1779853306.280417
Traceback (most recent call last):
  File "C:\Users\LENOVO\OneDrive\Desktop\JARKOM\main.py", line 361, in safe_broadcast_update
    message = broadcast_circuit_breaker.call(
  File "C:\Users\LENOVO\OneDrive\Desktop\JARKOM\main.py", line 86, in call
    raise Exception(f"Circuit breaker is OPEN. Will recover at {self.last_failure_time + self.recovery_timeout}")
Exception: Circuit breaker is OPEN. Will recover at 1779853306.280417

2026-05-27 10:41:23,192 - __main__ - ERROR - Broadcast failed: Circuit breaker is OPEN. Will recover at 1779853306.280417
Traceback (most recent call last):
  File "C:\Users\LENOVO\OneDrive\Desktop\JARKOM\main.py", line 361, in safe_broadcast_update
    message = broadcast_circuit_breaker.call(
  File "C:\Users\LENOVO\OneDrive\Desktop\JARKOM\main.py", line 86, in call
    raise Exception(f"Circuit breaker is OPEN. Will recover at {self.last_failure_time + self.recovery_timeout}")
Exception: Circuit breaker is OPEN. Will recover at 1779853306.280417

2026-05-27 10:41:26,538 - __main__ - ERROR - Broadcast failed: Circuit breaker is OPEN. Will recover at 1779853306.280417
Traceback (most recent call last):
  File "C:\Users\LENOVO\OneDrive\Desktop\JARKOM\main.py", line 361, in safe_broadcast_update
    message = broadcast_circuit_breaker.call(
  File "C:\Users\LENOVO\OneDrive\Desktop\JARKOM\main.py", line 86, in call
    raise Exception(f"Circuit breaker is OPEN. Will recover at {self.last_failure_time + self.recovery_timeout}")
Exception: Circuit breaker is OPEN. Will recover at 1779853306.280417

2026-05-27 10:41:30,029 - __main__ - ERROR - Broadcast failed: Circuit breaker is OPEN. Will recover at 1779853306.280417
Traceback (most recent call last):
  File "C:\Users\LENOVO\OneDrive\Desktop\JARKOM\main.py", line 361, in safe_broadcast_update
    message = broadcast_circuit_breaker.call(
  File "C:\Users\LENOVO\OneDrive\Desktop\JARKOM\main.py", line 86, in call
    raise Exception(f"Circuit breaker is OPEN. Will recover at {self.last_failure_time + self.recovery_timeout}")
Exception: Circuit breaker is OPEN. Will recover at 1779853306.280417

2026-05-27 10:41:33,400 - __main__ - ERROR - Broadcast failed: Circuit breaker is OPEN. Will recover at 1779853306.280417
Traceback (most recent call last):
  File "C:\Users\LENOVO\OneDrive\Desktop\JARKOM\main.py", line 361, in safe_broadcast_update
    message = broadcast_circuit_breaker.call(
  File "C:\Users\LENOVO\OneDrive\Desktop\JARKOM\main.py", line 86, in call
    raise Exception(f"Circuit breaker is OPEN. Will recover at {self.last_failure_time + self.recovery_timeout}")
Exception: Circuit breaker is OPEN. Will recover at 1779853306.280417

2026-05-27 10:41:36,681 - __main__ - ERROR - Broadcast failed: Circuit breaker is OPEN. Will recover at 1779853306.280417
Traceback (most recent call last):
  File "C:\Users\LENOVO\OneDrive\Desktop\JARKOM\main.py", line 361, in safe_broadcast_update
    message = broadcast_circuit_breaker.call(
  File "C:\Users\LENOVO\OneDrive\Desktop\JARKOM\main.py", line 86, in call
    raise Exception(f"Circuit breaker is OPEN. Will recover at {self.last_failure_time + self.recovery_timeout}")
Exception: Circuit breaker is OPEN. Will recover at 1779853306.280417

2026-05-27 10:41:40,062 - __main__ - ERROR - Broadcast failed: Circuit breaker is OPEN. Will recover at 1779853306.280417
Traceback (most recent call last):
  File "C:\Users\LENOVO\OneDrive\Desktop\JARKOM\main.py", line 361, in safe_broadcast_update
    message = broadcast_circuit_breaker.call(
  File "C:\Users\LENOVO\OneDrive\Desktop\JARKOM\main.py", line 86, in call
    raise Exception(f"Circuit breaker is OPEN. Will recover at {self.last_failure_time + self.recovery_timeout}")
Exception: Circuit breaker is OPEN. Will recover at 1779853306.280417

2026-05-27 10:41:43,544 - __main__ - ERROR - Broadcast failed: Circuit breaker is OPEN. Will recover at 1779853306.280417
Traceback (most recent call last):
  File "C:\Users\LENOVO\OneDrive\Desktop\JARKOM\main.py", line 361, in safe_broadcast_update
    message = broadcast_circuit_breaker.call(
  File "C:\Users\LENOVO\OneDrive\Desktop\JARKOM\main.py", line 86, in call
    raise Exception(f"Circuit breaker is OPEN. Will recover at {self.last_failure_time + self.recovery_timeout}")
Exception: Circuit breaker is OPEN. Will recover at 1779853306.280417

2026-05-27 10:41:46,797 - __main__ - WARNING - Circuit breaker entering HALF_OPEN state
2026-05-27 10:41:46,798 - __main__ - ERROR - Circuit breaker failure #49: Object of type datetime is not JSON serializable
2026-05-27 10:41:46,798 - __main__ - ERROR - Circuit breaker OPENED after 49 failures
2026-05-27 10:41:46,802 - __main__ - ERROR - Broadcast failed: Object of type datetime is not JSON serializable
Traceback (most recent call last):
  File "C:\Users\LENOVO\OneDrive\Desktop\JARKOM\main.py", line 361, in safe_broadcast_update
    message = broadcast_circuit_breaker.call(
  File "C:\Users\LENOVO\OneDrive\Desktop\JARKOM\main.py", line 89, in call
    result = func(*args, **kwargs)
  File "C:\Users\LENOVO\AppData\Local\Programs\Python\Python310\lib\json\__init__.py", line 231, in dumps
    return _default_encoder.encode(obj)
  File "C:\Users\LENOVO\AppData\Local\Programs\Python\Python310\lib\json\encoder.py", line 199, in encode
    chunks = self.iterencode(o, _one_shot=True)
  File "C:\Users\LENOVO\AppData\Local\Programs\Python\Python310\lib\json\encoder.py", line 257, in iterencode
    return _iterencode(o, 0)
  File "C:\Users\LENOVO\AppData\Local\Programs\Python\Python310\lib\json\encoder.py", line 179, in default
    raise TypeError(f'Object of type {o.__class__.__name__} '
TypeError: Object of type datetime is not JSON serializable

2026-05-27 10:41:50,129 - __main__ - ERROR - Broadcast failed: Circuit breaker is OPEN. Will recover at 1779853366.798816
Traceback (most recent call last):
  File "C:\Users\LENOVO\OneDrive\Desktop\JARKOM\main.py", line 361, in safe_broadcast_update
    message = broadcast_circuit_breaker.call(
  File "C:\Users\LENOVO\OneDrive\Desktop\JARKOM\main.py", line 86, in call
    raise Exception(f"Circuit breaker is OPEN. Will recover at {self.last_failure_time + self.recovery_timeout}")
Exception: Circuit breaker is OPEN. Will recover at 1779853366.798816

2026-05-27 10:41:53,504 - __main__ - ERROR - Broadcast failed: Circuit breaker is OPEN. Will recover at 1779853366.798816
Traceback (most recent call last):
  File "C:\Users\LENOVO\OneDrive\Desktop\JARKOM\main.py", line 361, in safe_broadcast_update
    message = broadcast_circuit_breaker.call(
  File "C:\Users\LENOVO\OneDrive\Desktop\JARKOM\main.py", line 86, in call
    raise Exception(f"Circuit breaker is OPEN. Will recover at {self.last_failure_time + self.recovery_timeout}")
Exception: Circuit breaker is OPEN. Will recover at 1779853366.798816

2026-05-27 10:41:56,685 - __main__ - ERROR - Broadcast failed: Circuit breaker is OPEN. Will recover at 1779853366.798816
Traceback (most recent call last):
  File "C:\Users\LENOVO\OneDrive\Desktop\JARKOM\main.py", line 361, in safe_broadcast_update
    message = broadcast_circuit_breaker.call(
  File "C:\Users\LENOVO\OneDrive\Desktop\JARKOM\main.py", line 86, in call
    raise Exception(f"Circuit breaker is OPEN. Will recover at {self.last_failure_time + self.recovery_timeout}")
Exception: Circuit breaker is OPEN. Will recover at 1779853366.798816

2026-05-27 10:42:00,063 - __main__ - ERROR - Broadcast failed: Circuit breaker is OPEN. Will recover at 1779853366.798816
Traceback (most recent call last):
  File "C:\Users\LENOVO\OneDrive\Desktop\JARKOM\main.py", line 361, in safe_broadcast_update
    message = broadcast_circuit_breaker.call(
  File "C:\Users\LENOVO\OneDrive\Desktop\JARKOM\main.py", line 86, in call
    raise Exception(f"Circuit breaker is OPEN. Will recover at {self.last_failure_time + self.recovery_timeout}")
Exception: Circuit breaker is OPEN. Will recover at 1779853366.798816

2026-05-27 10:42:03,403 - __main__ - ERROR - Broadcast failed: Circuit breaker is OPEN. Will recover at 1779853366.798816
Traceback (most recent call last):
  File "C:\Users\LENOVO\OneDrive\Desktop\JARKOM\main.py", line 361, in safe_broadcast_update
    message = broadcast_circuit_breaker.call(
  File "C:\Users\LENOVO\OneDrive\Desktop\JARKOM\main.py", line 86, in call
    raise Exception(f"Circuit breaker is OPEN. Will recover at {self.last_failure_time + self.recovery_timeout}")
Exception: Circuit breaker is OPEN. Will recover at 1779853366.798816

2026-05-27 10:42:06,795 - __main__ - ERROR - Broadcast failed: Circuit breaker is OPEN. Will recover at 1779853366.798816
Traceback (most recent call last):
  File "C:\Users\LENOVO\OneDrive\Desktop\JARKOM\main.py", line 361, in safe_broadcast_update
    message = broadcast_circuit_breaker.call(
  File "C:\Users\LENOVO\OneDrive\Desktop\JARKOM\main.py", line 86, in call
    raise Exception(f"Circuit breaker is OPEN. Will recover at {self.last_failure_time + self.recovery_timeout}")
Exception: Circuit breaker is OPEN. Will recover at 1779853366.798816

2026-05-27 10:42:10,368 - __main__ - ERROR - Broadcast failed: Circuit breaker is OPEN. Will recover at 1779853366.798816
Traceback (most recent call last):
  File "C:\Users\LENOVO\OneDrive\Desktop\JARKOM\main.py", line 361, in safe_broadcast_update
    message = broadcast_circuit_breaker.call(
  File "C:\Users\LENOVO\OneDrive\Desktop\JARKOM\main.py", line 86, in call
    raise Exception(f"Circuit breaker is OPEN. Will recover at {self.last_failure_time + self.recovery_timeout}")
Exception: Circuit breaker is OPEN. Will recover at 1779853366.798816

2026-05-27 10:42:14,091 - __main__ - ERROR - Broadcast failed: Circuit breaker is OPEN. Will recover at 1779853366.798816
Traceback (most recent call last):
  File "C:\Users\LENOVO\OneDrive\Desktop\JARKOM\main.py", line 361, in safe_broadcast_update
    message = broadcast_circuit_breaker.call(
  File "C:\Users\LENOVO\OneDrive\Desktop\JARKOM\main.py", line 86, in call
    raise Exception(f"Circuit breaker is OPEN. Will recover at {self.last_failure_time + self.recovery_timeout}")
Exception: Circuit breaker is OPEN. Will recover at 1779853366.798816

2026-05-27 10:42:14,384 - __main__ - INFO - 📊 Stats - Uptime: 0:42:00.259204, Messages: 762, Failed: 0, Clients: 1, WS Connections: 1, Broadcast Failures: 726
2026-05-27 10:42:17,360 - __main__ - ERROR - Broadcast failed: Circuit breaker is OPEN. Will recover at 1779853366.798816
Traceback (most recent call last):
  File "C:\Users\LENOVO\OneDrive\Desktop\JARKOM\main.py", line 361, in safe_broadcast_update
    message = broadcast_circuit_breaker.call(
  File "C:\Users\LENOVO\OneDrive\Desktop\JARKOM\main.py", line 86, in call
    raise Exception(f"Circuit breaker is OPEN. Will recover at {self.last_failure_time + self.recovery_timeout}")
Exception: Circuit breaker is OPEN. Will recover at 1779853366.798816

2026-05-27 10:42:20,500 - __main__ - ERROR - Broadcast failed: Circuit breaker is OPEN. Will recover at 1779853366.798816
Traceback (most recent call last):
  File "C:\Users\LENOVO\OneDrive\Desktop\JARKOM\main.py", line 361, in safe_broadcast_update
    message = broadcast_circuit_breaker.call(
  File "C:\Users\LENOVO\OneDrive\Desktop\JARKOM\main.py", line 86, in call
    raise Exception(f"Circuit breaker is OPEN. Will recover at {self.last_failure_time + self.recovery_timeout}")
Exception: Circuit breaker is OPEN. Will recover at 1779853366.798816

2026-05-27 10:42:24,007 - __main__ - ERROR - Broadcast failed: Circuit breaker is OPEN. Will recover at 1779853366.798816
Traceback (most recent call last):
  File "C:\Users\LENOVO\OneDrive\Desktop\JARKOM\main.py", line 361, in safe_broadcast_update
    # IMPORTANT: stats['start_time'] berisi datetime -> harus diubah ke string agar bisa di-JSON.
  File "C:\Users\LENOVO\OneDrive\Desktop\JARKOM\main.py", line 86, in call
    raise Exception(f"Circuit breaker is OPEN. Will recover at {self.last_failure_time + self.recovery_timeout}")
Exception: Circuit breaker is OPEN. Will recover at 1779853366.798816

2026-05-27 10:42:27,364 - __main__ - ERROR - Broadcast failed: Circuit breaker is OPEN. Will recover at 1779853366.798816
Traceback (most recent call last):
  File "C:\Users\LENOVO\OneDrive\Desktop\JARKOM\main.py", line 361, in safe_broadcast_update
    # IMPORTANT: stats['start_time'] berisi datetime -> harus diubah ke string agar bisa di-JSON.
  File "C:\Users\LENOVO\OneDrive\Desktop\JARKOM\main.py", line 86, in call
    raise Exception(f"Circuit breaker is OPEN. Will recover at {self.last_failure_time + self.recovery_timeout}")
Exception: Circuit breaker is OPEN. Will recover at 1779853366.798816

2026-05-27 10:42:30,822 - __main__ - ERROR - Broadcast failed: Circuit breaker is OPEN. Will recover at 1779853366.798816
Traceback (most recent call last):
  File "C:\Users\LENOVO\OneDrive\Desktop\JARKOM\main.py", line 361, in safe_broadcast_update
    # IMPORTANT: stats['start_time'] berisi datetime -> harus diubah ke string agar bisa di-JSON.
  File "C:\Users\LENOVO\OneDrive\Desktop\JARKOM\main.py", line 86, in call
    raise Exception(f"Circuit breaker is OPEN. Will recover at {self.last_failure_time + self.recovery_timeout}")
Exception: Circuit breaker is OPEN. Will recover at 1779853366.798816

2026-05-27 10:42:34,419 - __main__ - ERROR - Broadcast failed: Circuit breaker is OPEN. Will recover at 1779853366.798816
Traceback (most recent call last):
  File "C:\Users\LENOVO\OneDrive\Desktop\JARKOM\main.py", line 361, in safe_broadcast_update
    # IMPORTANT: stats['start_time'] berisi datetime -> harus diubah ke string agar bisa di-JSON.
  File "C:\Users\LENOVO\OneDrive\Desktop\JARKOM\main.py", line 86, in call
    raise Exception(f"Circuit breaker is OPEN. Will recover at {self.last_failure_time + self.recovery_timeout}")
Exception: Circuit breaker is OPEN. Will recover at 1779853366.798816

2026-05-27 10:42:37,842 - __main__ - ERROR - Broadcast failed: Circuit breaker is OPEN. Will recover at 1779853366.798816
Traceback (most recent call last):
  File "C:\Users\LENOVO\OneDrive\Desktop\JARKOM\main.py", line 361, in safe_broadcast_update
    # IMPORTANT: stats['start_time'] berisi datetime -> harus diubah ke string agar bisa di-JSON.
  File "C:\Users\LENOVO\OneDrive\Desktop\JARKOM\main.py", line 86, in call
    raise Exception(f"Circuit breaker is OPEN. Will recover at {self.last_failure_time + self.recovery_timeout}")
Exception: Circuit breaker is OPEN. Will recover at 1779853366.798816

2026-05-27 10:42:41,229 - __main__ - ERROR - Broadcast failed: Circuit breaker is OPEN. Will recover at 1779853366.798816
Traceback (most recent call last):
  File "C:\Users\LENOVO\OneDrive\Desktop\JARKOM\main.py", line 361, in safe_broadcast_update
    # IMPORTANT: stats['start_time'] berisi datetime -> harus diubah ke string agar bisa di-JSON.
  File "C:\Users\LENOVO\OneDrive\Desktop\JARKOM\main.py", line 86, in call
    raise Exception(f"Circuit breaker is OPEN. Will recover at {self.last_failure_time + self.recovery_timeout}")
Exception: Circuit breaker is OPEN. Will recover at 1779853366.798816

2026-05-27 10:42:44,623 - __main__ - ERROR - Broadcast failed: Circuit breaker is OPEN. Will recover at 1779853366.798816
Traceback (most recent call last):
  File "C:\Users\LENOVO\OneDrive\Desktop\JARKOM\main.py", line 361, in safe_broadcast_update
    # IMPORTANT: stats['start_time'] berisi datetime -> harus diubah ke string agar bisa di-JSON.
  File "C:\Users\LENOVO\OneDrive\Desktop\JARKOM\main.py", line 86, in call
    raise Exception(f"Circuit breaker is OPEN. Will recover at {self.last_failure_time + self.recovery_timeout}")
Exception: Circuit breaker is OPEN. Will recover at 1779853366.798816

2026-05-27 10:42:48,082 - __main__ - WARNING - Circuit breaker entering HALF_OPEN state
2026-05-27 10:42:48,082 - __main__ - ERROR - Circuit breaker failure #50: Object of type datetime is not JSON serializable
2026-05-27 10:42:48,083 - __main__ - ERROR - Circuit breaker OPENED after 50 failures
2026-05-27 10:42:48,084 - __main__ - ERROR - Broadcast failed: Object of type datetime is not JSON serializable
Traceback (most recent call last):
  File "C:\Users\LENOVO\OneDrive\Desktop\JARKOM\main.py", line 361, in safe_broadcast_update
    # IMPORTANT: stats['start_time'] berisi datetime -> harus diubah ke string agar bisa di-JSON.
  File "C:\Users\LENOVO\OneDrive\Desktop\JARKOM\main.py", line 89, in call
    result = func(*args, **kwargs)
  File "C:\Users\LENOVO\AppData\Local\Programs\Python\Python310\lib\json\__init__.py", line 231, in dumps
    return _default_encoder.encode(obj)
  File "C:\Users\LENOVO\AppData\Local\Programs\Python\Python310\lib\json\encoder.py", line 199, in encode
    chunks = self.iterencode(o, _one_shot=True)
  File "C:\Users\LENOVO\AppData\Local\Programs\Python\Python310\lib\json\encoder.py", line 257, in iterencode
    return _iterencode(o, 0)
  File "C:\Users\LENOVO\AppData\Local\Programs\Python\Python310\lib\json\encoder.py", line 179, in default
    raise TypeError(f'Object of type {o.__class__.__name__} '
TypeError: Object of type datetime is not JSON serializable

2026-05-27 10:42:51,697 - __main__ - ERROR - Broadcast failed: Circuit breaker is OPEN. Will recover at 1779853428.082004
Traceback (most recent call last):
  File "C:\Users\LENOVO\OneDrive\Desktop\JARKOM\main.py", line 361, in safe_broadcast_update
    # IMPORTANT: stats['start_time'] berisi datetime -> harus diubah ke string agar bisa di-JSON.
  File "C:\Users\LENOVO\OneDrive\Desktop\JARKOM\main.py", line 86, in call
    raise Exception(f"Circuit breaker is OPEN. Will recover at {self.last_failure_time + self.recovery_timeout}")
Exception: Circuit breaker is OPEN. Will recover at 1779853428.082004

2026-05-27 10:42:55,289 - __main__ - ERROR - Broadcast failed: Circuit breaker is OPEN. Will recover at 1779853428.082004
Traceback (most recent call last):
  File "C:\Users\LENOVO\OneDrive\Desktop\JARKOM\main.py", line 361, in safe_broadcast_update
    # IMPORTANT: stats['start_time'] berisi datetime -> harus diubah ke string agar bisa di-JSON.
  File "C:\Users\LENOVO\OneDrive\Desktop\JARKOM\main.py", line 86, in call
    raise Exception(f"Circuit breaker is OPEN. Will recover at {self.last_failure_time + self.recovery_timeout}")
Exception: Circuit breaker is OPEN. Will recover at 1779853428.082004

2026-05-27 10:42:58,830 - __main__ - ERROR - Broadcast failed: Circuit breaker is OPEN. Will recover at 1779853428.082004
Traceback (most recent call last):
  File "C:\Users\LENOVO\OneDrive\Desktop\JARKOM\main.py", line 361, in safe_broadcast_update
    # IMPORTANT: stats['start_time'] berisi datetime -> harus diubah ke string agar bisa di-JSON.
  File "C:\Users\LENOVO\OneDrive\Desktop\JARKOM\main.py", line 86, in call
    raise Exception(f"Circuit breaker is OPEN. Will recover at {self.last_failure_time + self.recovery_timeout}")
Exception: Circuit breaker is OPEN. Will recover at 1779853428.082004

2026-05-27 10:43:02,218 - __main__ - ERROR - Broadcast failed: Circuit breaker is OPEN. Will recover at 1779853428.082004
Traceback (most recent call last):
  File "C:\Users\LENOVO\OneDrive\Desktop\JARKOM\main.py", line 361, in safe_broadcast_update
    # IMPORTANT: stats['start_time'] berisi datetime -> harus diubah ke string agar bisa di-JSON.
  File "C:\Users\LENOVO\OneDrive\Desktop\JARKOM\main.py", line 86, in call
    raise Exception(f"Circuit breaker is OPEN. Will recover at {self.last_failure_time + self.recovery_timeout}")
Exception: Circuit breaker is OPEN. Will recover at 1779853428.082004

2026-05-27 10:43:05,690 - __main__ - ERROR - Broadcast failed: Circuit breaker is OPEN. Will recover at 1779853428.082004
Traceback (most recent call last):
  File "C:\Users\LENOVO\OneDrive\Desktop\JARKOM\main.py", line 361, in safe_broadcast_update
    # IMPORTANT: stats['start_time'] berisi datetime -> harus diubah ke string agar bisa di-JSON.
  File "C:\Users\LENOVO\OneDrive\Desktop\JARKOM\main.py", line 86, in call
    raise Exception(f"Circuit breaker is OPEN. Will recover at {self.last_failure_time + self.recovery_timeout}")
Exception: Circuit breaker is OPEN. Will recover at 1779853428.082004

2026-05-27 10:43:09,190 - __main__ - ERROR - Broadcast failed: Circuit breaker is OPEN. Will recover at 1779853428.082004
Traceback (most recent call last):
  File "C:\Users\LENOVO\OneDrive\Desktop\JARKOM\main.py", line 361, in safe_broadcast_update
    # IMPORTANT: stats['start_time'] berisi datetime -> harus diubah ke string agar bisa di-JSON.
  File "C:\Users\LENOVO\OneDrive\Desktop\JARKOM\main.py", line 86, in call
    raise Exception(f"Circuit breaker is OPEN. Will recover at {self.last_failure_time + self.recovery_timeout}")
Exception: Circuit breaker is OPEN. Will recover at 1779853428.082004

2026-05-27 10:43:12,574 - __main__ - ERROR - Broadcast failed: Circuit breaker is OPEN. Will recover at 1779853428.082004
Traceback (most recent call last):
  File "C:\Users\LENOVO\OneDrive\Desktop\JARKOM\main.py", line 361, in safe_broadcast_update
    # IMPORTANT: stats['start_time'] berisi datetime -> harus diubah ke string agar bisa di-JSON.
  File "C:\Users\LENOVO\OneDrive\Desktop\JARKOM\main.py", line 86, in call
    raise Exception(f"Circuit breaker is OPEN. Will recover at {self.last_failure_time + self.recovery_timeout}")
Exception: Circuit breaker is OPEN. Will recover at 1779853428.082004

2026-05-27 10:43:14,397 - __main__ - INFO - 📊 Stats - Uptime: 0:43:00.272835, Messages: 779, Failed: 0, Clients: 1, WS Connections: 1, Broadcast Failures: 743
2026-05-27 10:43:16,032 - __main__ - ERROR - Broadcast failed: Circuit breaker is OPEN. Will recover at 1779853428.082004
Traceback (most recent call last):
  File "C:\Users\LENOVO\OneDrive\Desktop\JARKOM\main.py", line 361, in safe_broadcast_update
    # IMPORTANT: stats['start_time'] berisi datetime -> harus diubah ke string agar bisa di-JSON.
  File "C:\Users\LENOVO\OneDrive\Desktop\JARKOM\main.py", line 86, in call
    raise Exception(f"Circuit breaker is OPEN. Will recover at {self.last_failure_time + self.recovery_timeout}")
Exception: Circuit breaker is OPEN. Will recover at 1779853428.082004

2026-05-27 10:43:19,371 - __main__ - ERROR - Broadcast failed: Circuit breaker is OPEN. Will recover at 1779853428.082004
Traceback (most recent call last):
  File "C:\Users\LENOVO\OneDrive\Desktop\JARKOM\main.py", line 361, in safe_broadcast_update
    # IMPORTANT: stats['start_time'] berisi datetime -> harus diubah ke string agar bisa di-JSON.
  File "C:\Users\LENOVO\OneDrive\Desktop\JARKOM\main.py", line 86, in call
    raise Exception(f"Circuit breaker is OPEN. Will recover at {self.last_failure_time + self.recovery_timeout}")
Exception: Circuit breaker is OPEN. Will recover at 1779853428.082004

2026-05-27 10:43:22,942 - __main__ - ERROR - Broadcast failed: Circuit breaker is OPEN. Will recover at 1779853428.082004
Traceback (most recent call last):
  File "C:\Users\LENOVO\OneDrive\Desktop\JARKOM\main.py", line 361, in safe_broadcast_update
    # IMPORTANT: stats['start_time'] berisi datetime -> harus diubah ke string agar bisa di-JSON.
  File "C:\Users\LENOVO\OneDrive\Desktop\JARKOM\main.py", line 86, in call
    raise Exception(f"Circuit breaker is OPEN. Will recover at {self.last_failure_time + self.recovery_timeout}")
Exception: Circuit breaker is OPEN. Will recover at 1779853428.082004

2026-05-27 10:43:26,226 - __main__ - ERROR - Broadcast failed: Circuit breaker is OPEN. Will recover at 1779853428.082004
Traceback (most recent call last):
  File "C:\Users\LENOVO\OneDrive\Desktop\JARKOM\main.py", line 361, in safe_broadcast_update
    # IMPORTANT: stats['start_time'] berisi datetime -> harus diubah ke string agar bisa di-JSON.
  File "C:\Users\LENOVO\OneDrive\Desktop\JARKOM\main.py", line 86, in call
    raise Exception(f"Circuit breaker is OPEN. Will recover at {self.last_failure_time + self.recovery_timeout}")
Exception: Circuit breaker is OPEN. Will recover at 1779853428.082004

2026-05-27 10:43:29,750 - __main__ - ERROR - Broadcast failed: Circuit breaker is OPEN. Will recover at 1779853428.082004
Traceback (most recent call last):
  File "C:\Users\LENOVO\OneDrive\Desktop\JARKOM\main.py", line 361, in safe_broadcast_update
    # IMPORTANT: stats['start_time'] berisi datetime -> harus diubah ke string agar bisa di-JSON.
  File "C:\Users\LENOVO\OneDrive\Desktop\JARKOM\main.py", line 86, in call
    raise Exception(f"Circuit breaker is OPEN. Will recover at {self.last_failure_time + self.recovery_timeout}")
Exception: Circuit breaker is OPEN. Will recover at 1779853428.082004

2026-05-27 10:43:33,249 - __main__ - ERROR - Broadcast failed: Circuit breaker is OPEN. Will recover at 1779853428.082004
Traceback (most recent call last):
  File "C:\Users\LENOVO\OneDrive\Desktop\JARKOM\main.py", line 361, in safe_broadcast_update
    # IMPORTANT: stats['start_time'] berisi datetime -> harus diubah ke string agar bisa di-JSON.
  File "C:\Users\LENOVO\OneDrive\Desktop\JARKOM\main.py", line 86, in call
    raise Exception(f"Circuit breaker is OPEN. Will recover at {self.last_failure_time + self.recovery_timeout}")
Exception: Circuit breaker is OPEN. Will recover at 1779853428.082004

2026-05-27 10:43:37,152 - __main__ - ERROR - Broadcast failed: Circuit breaker is OPEN. Will recover at 1779853428.082004
Traceback (most recent call last):
  File "C:\Users\LENOVO\OneDrive\Desktop\JARKOM\main.py", line 361, in safe_broadcast_update
    # IMPORTANT: stats['start_time'] berisi datetime -> harus diubah ke string agar bisa di-JSON.
  File "C:\Users\LENOVO\OneDrive\Desktop\JARKOM\main.py", line 86, in call
    raise Exception(f"Circuit breaker is OPEN. Will recover at {self.last_failure_time + self.recovery_timeout}")
Exception: Circuit breaker is OPEN. Will recover at 1779853428.082004

2026-05-27 10:43:40,506 - __main__ - ERROR - Broadcast failed: Circuit breaker is OPEN. Will recover at 1779853428.082004
Traceback (most recent call last):
  File "C:\Users\LENOVO\OneDrive\Desktop\JARKOM\main.py", line 361, in safe_broadcast_update
    # IMPORTANT: stats['start_time'] berisi datetime -> harus diubah ke string agar bisa di-JSON.
  File "C:\Users\LENOVO\OneDrive\Desktop\JARKOM\main.py", line 86, in call
    raise Exception(f"Circuit breaker is OPEN. Will recover at {self.last_failure_time + self.recovery_timeout}")
Exception: Circuit breaker is OPEN. Will recover at 1779853428.082004

2026-05-27 10:43:43,761 - __main__ - ERROR - Broadcast failed: Circuit breaker is OPEN. Will recover at 1779853428.082004
Traceback (most recent call last):
  File "C:\Users\LENOVO\OneDrive\Desktop\JARKOM\main.py", line 361, in safe_broadcast_update
    # IMPORTANT: stats['start_time'] berisi datetime -> harus diubah ke string agar bisa di-JSON.
  File "C:\Users\LENOVO\OneDrive\Desktop\JARKOM\main.py", line 86, in call
    raise Exception(f"Circuit breaker is OPEN. Will recover at {self.last_failure_time + self.recovery_timeout}")
Exception: Circuit breaker is OPEN. Will recover at 1779853428.082004

2026-05-27 10:43:47,265 - __main__ - ERROR - Broadcast failed: Circuit breaker is OPEN. Will recover at 1779853428.082004
Traceback (most recent call last):
  File "C:\Users\LENOVO\OneDrive\Desktop\JARKOM\main.py", line 361, in safe_broadcast_update
    # IMPORTANT: stats['start_time'] berisi datetime -> harus diubah ke string agar bisa di-JSON.
  File "C:\Users\LENOVO\OneDrive\Desktop\JARKOM\main.py", line 86, in call
    raise Exception(f"Circuit breaker is OPEN. Will recover at {self.last_failure_time + self.recovery_timeout}")
Exception: Circuit breaker is OPEN. Will recover at 1779853428.082004

2026-05-27 10:43:50,503 - __main__ - WARNING - Circuit breaker entering HALF_OPEN state
2026-05-27 10:43:50,504 - __main__ - ERROR - Circuit breaker failure #51: Object of type datetime is not JSON serializable
2026-05-27 10:43:50,504 - __main__ - ERROR - Circuit breaker OPENED after 51 failures
2026-05-27 10:43:50,505 - __main__ - ERROR - Broadcast failed: Object of type datetime is not JSON serializable
Traceback (most recent call last):
  File "C:\Users\LENOVO\OneDrive\Desktop\JARKOM\main.py", line 361, in safe_broadcast_update
    # IMPORTANT: stats['start_time'] berisi datetime -> harus diubah ke string agar bisa di-JSON.
  File "C:\Users\LENOVO\OneDrive\Desktop\JARKOM\main.py", line 89, in call
    result = func(*args, **kwargs)
  File "C:\Users\LENOVO\AppData\Local\Programs\Python\Python310\lib\json\__init__.py", line 231, in dumps
    return _default_encoder.encode(obj)
  File "C:\Users\LENOVO\AppData\Local\Programs\Python\Python310\lib\json\encoder.py", line 199, in encode
    chunks = self.iterencode(o, _one_shot=True)
  File "C:\Users\LENOVO\AppData\Local\Programs\Python\Python310\lib\json\encoder.py", line 257, in iterencode
    return _iterencode(o, 0)
  File "C:\Users\LENOVO\AppData\Local\Programs\Python\Python310\lib\json\encoder.py", line 179, in default
    raise TypeError(f'Object of type {o.__class__.__name__} '
TypeError: Object of type datetime is not JSON serializable

2026-05-27 10:43:53,865 - __main__ - ERROR - Broadcast failed: Circuit breaker is OPEN. Will recover at 1779853490.50457
Traceback (most recent call last):
  File "C:\Users\LENOVO\OneDrive\Desktop\JARKOM\main.py", line 361, in safe_broadcast_update
    # IMPORTANT: stats['start_time'] berisi datetime -> harus diubah ke string agar bisa di-JSON.
  File "C:\Users\LENOVO\OneDrive\Desktop\JARKOM\main.py", line 86, in call
    raise Exception(f"Circuit breaker is OPEN. Will recover at {self.last_failure_time + self.recovery_timeout}")
Exception: Circuit breaker is OPEN. Will recover at 1779853490.50457

2026-05-27 10:43:57,235 - __main__ - ERROR - Broadcast failed: Circuit breaker is OPEN. Will recover at 1779853490.50457
Traceback (most recent call last):
  File "C:\Users\LENOVO\OneDrive\Desktop\JARKOM\main.py", line 361, in safe_broadcast_update
    # IMPORTANT: stats['start_time'] berisi datetime -> harus diubah ke string agar bisa di-JSON.
  File "C:\Users\LENOVO\OneDrive\Desktop\JARKOM\main.py", line 86, in call
    raise Exception(f"Circuit breaker is OPEN. Will recover at {self.last_failure_time + self.recovery_timeout}")
Exception: Circuit breaker is OPEN. Will recover at 1779853490.50457

2026-05-27 10:44:00,732 - __main__ - ERROR - Broadcast failed: Circuit breaker is OPEN. Will recover at 1779853490.50457
Traceback (most recent call last):
  File "C:\Users\LENOVO\OneDrive\Desktop\JARKOM\main.py", line 361, in safe_broadcast_update
    # IMPORTANT: stats['start_time'] berisi datetime -> harus diubah ke string agar bisa di-JSON.
  File "C:\Users\LENOVO\OneDrive\Desktop\JARKOM\main.py", line 86, in call
    raise Exception(f"Circuit breaker is OPEN. Will recover at {self.last_failure_time + self.recovery_timeout}")
Exception: Circuit breaker is OPEN. Will recover at 1779853490.50457

2026-05-27 10:44:04,204 - __main__ - ERROR - Broadcast failed: Circuit breaker is OPEN. Will recover at 1779853490.50457
Traceback (most recent call last):
  File "C:\Users\LENOVO\OneDrive\Desktop\JARKOM\main.py", line 361, in safe_broadcast_update
    # IMPORTANT: stats['start_time'] berisi datetime -> harus diubah ke string agar bisa di-JSON.
  File "C:\Users\LENOVO\OneDrive\Desktop\JARKOM\main.py", line 86, in call
    raise Exception(f"Circuit breaker is OPEN. Will recover at {self.last_failure_time + self.recovery_timeout}")
Exception: Circuit breaker is OPEN. Will recover at 1779853490.50457

2026-05-27 10:44:07,653 - __main__ - ERROR - Broadcast failed: Circuit breaker is OPEN. Will recover at 1779853490.50457
Traceback (most recent call last):
  File "C:\Users\LENOVO\OneDrive\Desktop\JARKOM\main.py", line 361, in safe_broadcast_update
    # IMPORTANT: stats['start_time'] berisi datetime -> harus diubah ke string agar bisa di-JSON.
  File "C:\Users\LENOVO\OneDrive\Desktop\JARKOM\main.py", line 86, in call
    raise Exception(f"Circuit breaker is OPEN. Will recover at {self.last_failure_time + self.recovery_timeout}")
Exception: Circuit breaker is OPEN. Will recover at 1779853490.50457

2026-05-27 10:44:10,908 - __main__ - ERROR - Broadcast failed: Circuit breaker is OPEN. Will recover at 1779853490.50457
Traceback (most recent call last):
  File "C:\Users\LENOVO\OneDrive\Desktop\JARKOM\main.py", line 361, in safe_broadcast_update
    # IMPORTANT: stats['start_time'] berisi datetime -> harus diubah ke string agar bisa di-JSON.
  File "C:\Users\LENOVO\OneDrive\Desktop\JARKOM\main.py", line 86, in call
    raise Exception(f"Circuit breaker is OPEN. Will recover at {self.last_failure_time + self.recovery_timeout}")
Exception: Circuit breaker is OPEN. Will recover at 1779853490.50457

2026-05-27 10:44:14,373 - __main__ - ERROR - Broadcast failed: Circuit breaker is OPEN. Will recover at 1779853490.50457
Traceback (most recent call last):
  File "C:\Users\LENOVO\OneDrive\Desktop\JARKOM\main.py", line 361, in safe_broadcast_update
    # IMPORTANT: stats['start_time'] berisi datetime -> harus diubah ke string agar bisa di-JSON.
  File "C:\Users\LENOVO\OneDrive\Desktop\JARKOM\main.py", line 86, in call
    raise Exception(f"Circuit breaker is OPEN. Will recover at {self.last_failure_time + self.recovery_timeout}")
Exception: Circuit breaker is OPEN. Will recover at 1779853490.50457

2026-05-27 10:44:14,419 - __main__ - INFO - 📊 Stats - Uptime: 0:44:00.294844, Messages: 797, Failed: 0, Clients: 1, WS Connections: 1, Broadcast Failures: 761
2026-05-27 10:44:17,759 - __main__ - ERROR - Broadcast failed: Circuit breaker is OPEN. Will recover at 1779853490.50457
Traceback (most recent call last):
  File "C:\Users\LENOVO\OneDrive\Desktop\JARKOM\main.py", line 361, in safe_broadcast_update
    # IMPORTANT: stats['start_time'] berisi datetime -> harus diubah ke string agar bisa di-JSON.
  File "C:\Users\LENOVO\OneDrive\Desktop\JARKOM\main.py", line 86, in call
    raise Exception(f"Circuit breaker is OPEN. Will recover at {self.last_failure_time + self.recovery_timeout}")
Exception: Circuit breaker is OPEN. Will recover at 1779853490.50457

2026-05-27 10:44:21,001 - __main__ - ERROR - Broadcast failed: Circuit breaker is OPEN. Will recover at 1779853490.50457
Traceback (most recent call last):
  File "C:\Users\LENOVO\OneDrive\Desktop\JARKOM\main.py", line 361, in safe_broadcast_update
    # IMPORTANT: stats['start_time'] berisi datetime -> harus diubah ke string agar bisa di-JSON.
  File "C:\Users\LENOVO\OneDrive\Desktop\JARKOM\main.py", line 86, in call
    raise Exception(f"Circuit breaker is OPEN. Will recover at {self.last_failure_time + self.recovery_timeout}")
Exception: Circuit breaker is OPEN. Will recover at 1779853490.50457

2026-05-27 10:44:24,570 - __main__ - ERROR - Broadcast failed: Circuit breaker is OPEN. Will recover at 1779853490.50457
Traceback (most recent call last):
  File "C:\Users\LENOVO\OneDrive\Desktop\JARKOM\main.py", line 361, in safe_broadcast_update
    # IMPORTANT: stats['start_time'] berisi datetime -> harus diubah ke string agar bisa di-JSON.
  File "C:\Users\LENOVO\OneDrive\Desktop\JARKOM\main.py", line 86, in call
    raise Exception(f"Circuit breaker is OPEN. Will recover at {self.last_failure_time + self.recovery_timeout}")
Exception: Circuit breaker is OPEN. Will recover at 1779853490.50457

2026-05-27 10:44:28,148 - __main__ - ERROR - Broadcast failed: Circuit breaker is OPEN. Will recover at 1779853490.50457
Traceback (most recent call last):
  File "C:\Users\LENOVO\OneDrive\Desktop\JARKOM\main.py", line 361, in safe_broadcast_update
    # IMPORTANT: stats['start_time'] berisi datetime -> harus diubah ke string agar bisa di-JSON.
  File "C:\Users\LENOVO\OneDrive\Desktop\JARKOM\main.py", line 86, in call
    raise Exception(f"Circuit breaker is OPEN. Will recover at {self.last_failure_time + self.recovery_timeout}")
Exception: Circuit breaker is OPEN. Will recover at 1779853490.50457

2026-05-27 10:44:31,655 - __main__ - ERROR - Broadcast failed: Circuit breaker is OPEN. Will recover at 1779853490.50457
Traceback (most recent call last):
  File "C:\Users\LENOVO\OneDrive\Desktop\JARKOM\main.py", line 361, in safe_broadcast_update
    # IMPORTANT: stats['start_time'] berisi datetime -> harus diubah ke string agar bisa di-JSON.
  File "C:\Users\LENOVO\OneDrive\Desktop\JARKOM\main.py", line 86, in call
    raise Exception(f"Circuit breaker is OPEN. Will recover at {self.last_failure_time + self.recovery_timeout}")
Exception: Circuit breaker is OPEN. Will recover at 1779853490.50457

2026-05-27 10:44:35,133 - __main__ - ERROR - Broadcast failed: Circuit breaker is OPEN. Will recover at 1779853490.50457
Traceback (most recent call last):
  File "C:\Users\LENOVO\OneDrive\Desktop\JARKOM\main.py", line 361, in safe_broadcast_update
    # IMPORTANT: stats['start_time'] berisi datetime -> harus diubah ke string agar bisa di-JSON.
  File "C:\Users\LENOVO\OneDrive\Desktop\JARKOM\main.py", line 86, in call
    raise Exception(f"Circuit breaker is OPEN. Will recover at {self.last_failure_time + self.recovery_timeout}")
Exception: Circuit breaker is OPEN. Will recover at 1779853490.50457

2026-05-27 10:44:38,620 - __main__ - ERROR - Broadcast failed: Circuit breaker is OPEN. Will recover at 1779853490.50457
Traceback (most recent call last):
  File "C:\Users\LENOVO\OneDrive\Desktop\JARKOM\main.py", line 361, in safe_broadcast_update
    # IMPORTANT: stats['start_time'] berisi datetime -> harus diubah ke string agar bisa di-JSON.
  File "C:\Users\LENOVO\OneDrive\Desktop\JARKOM\main.py", line 86, in call
    raise Exception(f"Circuit breaker is OPEN. Will recover at {self.last_failure_time + self.recovery_timeout}")
Exception: Circuit breaker is OPEN. Will recover at 1779853490.50457

2026-05-27 10:44:42,105 - __main__ - ERROR - Broadcast failed: Circuit breaker is OPEN. Will recover at 1779853490.50457
Traceback (most recent call last):
  File "C:\Users\LENOVO\OneDrive\Desktop\JARKOM\main.py", line 361, in safe_broadcast_update
    # IMPORTANT: stats['start_time'] berisi datetime -> harus diubah ke string agar bisa di-JSON.
  File "C:\Users\LENOVO\OneDrive\Desktop\JARKOM\main.py", line 86, in call
    raise Exception(f"Circuit breaker is OPEN. Will recover at {self.last_failure_time + self.recovery_timeout}")
Exception: Circuit breaker is OPEN. Will recover at 1779853490.50457

2026-05-27 10:44:45,638 - __main__ - ERROR - Broadcast failed: Circuit breaker is OPEN. Will recover at 1779853490.50457
Traceback (most recent call last):
  File "C:\Users\LENOVO\OneDrive\Desktop\JARKOM\main.py", line 361, in safe_broadcast_update
    # IMPORTANT: stats['start_time'] berisi datetime -> harus diubah ke string agar bisa di-JSON.
  File "C:\Users\LENOVO\OneDrive\Desktop\JARKOM\main.py", line 86, in call
    raise Exception(f"Circuit breaker is OPEN. Will recover at {self.last_failure_time + self.recovery_timeout}")
Exception: Circuit breaker is OPEN. Will recover at 1779853490.50457

2026-05-27 10:44:49,322 - __main__ - ERROR - Broadcast failed: Circuit breaker is OPEN. Will recover at 1779853490.50457
Traceback (most recent call last):
  File "C:\Users\LENOVO\OneDrive\Desktop\JARKOM\main.py", line 361, in safe_broadcast_update
    # IMPORTANT: stats['start_time'] berisi datetime -> harus diubah ke string agar bisa di-JSON.
  File "C:\Users\LENOVO\OneDrive\Desktop\JARKOM\main.py", line 86, in call
    raise Exception(f"Circuit breaker is OPEN. Will recover at {self.last_failure_time + self.recovery_timeout}")
Exception: Circuit breaker is OPEN. Will recover at 1779853490.50457

2026-05-27 10:44:52,805 - __main__ - WARNING - Circuit breaker entering HALF_OPEN state
2026-05-27 10:44:52,806 - __main__ - ERROR - Circuit breaker failure #52: Object of type datetime is not JSON serializable
2026-05-27 10:44:52,807 - __main__ - ERROR - Circuit breaker OPENED after 52 failures
2026-05-27 10:44:52,807 - __main__ - ERROR - Broadcast failed: Object of type datetime is not JSON serializable
Traceback (most recent call last):
  File "C:\Users\LENOVO\OneDrive\Desktop\JARKOM\main.py", line 361, in safe_broadcast_update
    # IMPORTANT: stats['start_time'] berisi datetime -> harus diubah ke string agar bisa di-JSON.
  File "C:\Users\LENOVO\OneDrive\Desktop\JARKOM\main.py", line 89, in call
    result = func(*args, **kwargs)
  File "C:\Users\LENOVO\AppData\Local\Programs\Python\Python310\lib\json\__init__.py", line 231, in dumps
    return _default_encoder.encode(obj)
  File "C:\Users\LENOVO\AppData\Local\Programs\Python\Python310\lib\json\encoder.py", line 199, in encode
    chunks = self.iterencode(o, _one_shot=True)
  File "C:\Users\LENOVO\AppData\Local\Programs\Python\Python310\lib\json\encoder.py", line 257, in iterencode
    return _iterencode(o, 0)
  File "C:\Users\LENOVO\AppData\Local\Programs\Python\Python310\lib\json\encoder.py", line 179, in default
    raise TypeError(f'Object of type {o.__class__.__name__} '
TypeError: Object of type datetime is not JSON serializable

2026-05-27 10:44:56,140 - __main__ - ERROR - Broadcast failed: Circuit breaker is OPEN. Will recover at 1779853552.8063562
Traceback (most recent call last):
  File "C:\Users\LENOVO\OneDrive\Desktop\JARKOM\main.py", line 361, in safe_broadcast_update
    # IMPORTANT: stats['start_time'] berisi datetime -> harus diubah ke string agar bisa di-JSON.
  File "C:\Users\LENOVO\OneDrive\Desktop\JARKOM\main.py", line 86, in call
    raise Exception(f"Circuit breaker is OPEN. Will recover at {self.last_failure_time + self.recovery_timeout}")
Exception: Circuit breaker is OPEN. Will recover at 1779853552.8063562

2026-05-27 10:44:59,705 - __main__ - ERROR - Broadcast failed: Circuit breaker is OPEN. Will recover at 1779853552.8063562
Traceback (most recent call last):
  File "C:\Users\LENOVO\OneDrive\Desktop\JARKOM\main.py", line 361, in safe_broadcast_update
    # IMPORTANT: stats['start_time'] berisi datetime -> harus diubah ke string agar bisa di-JSON.
  File "C:\Users\LENOVO\OneDrive\Desktop\JARKOM\main.py", line 86, in call
    raise Exception(f"Circuit breaker is OPEN. Will recover at {self.last_failure_time + self.recovery_timeout}")
Exception: Circuit breaker is OPEN. Will recover at 1779853552.8063562

2026-05-27 10:45:03,207 - __main__ - ERROR - Broadcast failed: Circuit breaker is OPEN. Will recover at 1779853552.8063562
Traceback (most recent call last):
  File "C:\Users\LENOVO\OneDrive\Desktop\JARKOM\main.py", line 361, in safe_broadcast_update
    # IMPORTANT: stats['start_time'] berisi datetime -> harus diubah ke string agar bisa di-JSON.
  File "C:\Users\LENOVO\OneDrive\Desktop\JARKOM\main.py", line 86, in call
    raise Exception(f"Circuit breaker is OPEN. Will recover at {self.last_failure_time + self.recovery_timeout}")
Exception: Circuit breaker is OPEN. Will recover at 1779853552.8063562

2026-05-27 10:45:06,775 - __main__ - ERROR - Broadcast failed: Circuit breaker is OPEN. Will recover at 1779853552.8063562
Traceback (most recent call last):
  File "C:\Users\LENOVO\OneDrive\Desktop\JARKOM\main.py", line 361, in safe_broadcast_update
    # IMPORTANT: stats['start_time'] berisi datetime -> harus diubah ke string agar bisa di-JSON.
  File "C:\Users\LENOVO\OneDrive\Desktop\JARKOM\main.py", line 86, in call
    raise Exception(f"Circuit breaker is OPEN. Will recover at {self.last_failure_time + self.recovery_timeout}")
Exception: Circuit breaker is OPEN. Will recover at 1779853552.8063562

2026-05-27 10:45:10,146 - __main__ - ERROR - Broadcast failed: Circuit breaker is OPEN. Will recover at 1779853552.8063562
Traceback (most recent call last):
  File "C:\Users\LENOVO\OneDrive\Desktop\JARKOM\main.py", line 361, in safe_broadcast_update
    # IMPORTANT: stats['start_time'] berisi datetime -> harus diubah ke string agar bisa di-JSON.
  File "C:\Users\LENOVO\OneDrive\Desktop\JARKOM\main.py", line 86, in call
    raise Exception(f"Circuit breaker is OPEN. Will recover at {self.last_failure_time + self.recovery_timeout}")
Exception: Circuit breaker is OPEN. Will recover at 1779853552.8063562

2026-05-27 10:45:13,549 - __main__ - ERROR - Broadcast failed: Circuit breaker is OPEN. Will recover at 1779853552.8063562
Traceback (most recent call last):
  File "C:\Users\LENOVO\OneDrive\Desktop\JARKOM\main.py", line 361, in safe_broadcast_update
    # IMPORTANT: stats['start_time'] berisi datetime -> harus diubah ke string agar bisa di-JSON.
  File "C:\Users\LENOVO\OneDrive\Desktop\JARKOM\main.py", line 86, in call
    raise Exception(f"Circuit breaker is OPEN. Will recover at {self.last_failure_time + self.recovery_timeout}")
Exception: Circuit breaker is OPEN. Will recover at 1779853552.8063562

2026-05-27 10:45:14,433 - __main__ - INFO - 📊 Stats - Uptime: 0:45:00.309357, Messages: 814, Failed: 0, Clients: 1, WS Connections: 1, Broadcast Failures: 778
2026-05-27 10:45:16,903 - __main__ - ERROR - Broadcast failed: Circuit breaker is OPEN. Will recover at 1779853552.8063562
Traceback (most recent call last):
  File "C:\Users\LENOVO\OneDrive\Desktop\JARKOM\main.py", line 361, in safe_broadcast_update
    # IMPORTANT: stats['start_time'] berisi datetime -> harus diubah ke string agar bisa di-JSON.
  File "C:\Users\LENOVO\OneDrive\Desktop\JARKOM\main.py", line 86, in call
    raise Exception(f"Circuit breaker is OPEN. Will recover at {self.last_failure_time + self.recovery_timeout}")
Exception: Circuit breaker is OPEN. Will recover at 1779853552.8063562

2026-05-27 10:45:20,509 - __main__ - ERROR - Broadcast failed: Circuit breaker is OPEN. Will recover at 1779853552.8063562
Traceback (most recent call last):
  File "C:\Users\LENOVO\OneDrive\Desktop\JARKOM\main.py", line 361, in safe_broadcast_update
    # IMPORTANT: stats['start_time'] berisi datetime -> harus diubah ke string agar bisa di-JSON.
  File "C:\Users\LENOVO\OneDrive\Desktop\JARKOM\main.py", line 86, in call
    raise Exception(f"Circuit breaker is OPEN. Will recover at {self.last_failure_time + self.recovery_timeout}")
Exception: Circuit breaker is OPEN. Will recover at 1779853552.8063562

2026-05-27 10:45:23,953 - __main__ - ERROR - Broadcast failed: Circuit breaker is OPEN. Will recover at 1779853552.8063562
Traceback (most recent call last):
  File "C:\Users\LENOVO\OneDrive\Desktop\JARKOM\main.py", line 361, in safe_broadcast_update
    # IMPORTANT: stats['start_time'] berisi datetime -> harus diubah ke string agar bisa di-JSON.
  File "C:\Users\LENOVO\OneDrive\Desktop\JARKOM\main.py", line 86, in call
    raise Exception(f"Circuit breaker is OPEN. Will recover at {self.last_failure_time + self.recovery_timeout}")
Exception: Circuit breaker is OPEN. Will recover at 1779853552.8063562

2026-05-27 10:45:27,292 - __main__ - ERROR - Broadcast failed: Circuit breaker is OPEN. Will recover at 1779853552.8063562
Traceback (most recent call last):
  File "C:\Users\LENOVO\OneDrive\Desktop\JARKOM\main.py", line 361, in safe_broadcast_update
    # IMPORTANT: stats['start_time'] berisi datetime -> harus diubah ke string agar bisa di-JSON.
  File "C:\Users\LENOVO\OneDrive\Desktop\JARKOM\main.py", line 86, in call
    raise Exception(f"Circuit breaker is OPEN. Will recover at {self.last_failure_time + self.recovery_timeout}")
Exception: Circuit breaker is OPEN. Will recover at 1779853552.8063562

2026-05-27 10:45:30,721 - __main__ - ERROR - Broadcast failed: Circuit breaker is OPEN. Will recover at 1779853552.8063562
Traceback (most recent call last):
  File "C:\Users\LENOVO\OneDrive\Desktop\JARKOM\main.py", line 361, in safe_broadcast_update
    # IMPORTANT: stats['start_time'] berisi datetime -> harus diubah ke string agar bisa di-JSON.
  File "C:\Users\LENOVO\OneDrive\Desktop\JARKOM\main.py", line 86, in call
    raise Exception(f"Circuit breaker is OPEN. Will recover at {self.last_failure_time + self.recovery_timeout}")
Exception: Circuit breaker is OPEN. Will recover at 1779853552.8063562

2026-05-27 10:45:34,150 - __main__ - ERROR - Broadcast failed: Circuit breaker is OPEN. Will recover at 1779853552.8063562
Traceback (most recent call last):
  File "C:\Users\LENOVO\OneDrive\Desktop\JARKOM\main.py", line 361, in safe_broadcast_update
    # IMPORTANT: stats['start_time'] berisi datetime -> harus diubah ke string agar bisa di-JSON.
  File "C:\Users\LENOVO\OneDrive\Desktop\JARKOM\main.py", line 86, in call
    raise Exception(f"Circuit breaker is OPEN. Will recover at {self.last_failure_time + self.recovery_timeout}")
Exception: Circuit breaker is OPEN. Will recover at 1779853552.8063562

2026-05-27 10:45:36,912 - main - INFO - 🚀 Starting Lab Monitoring System v2.1.0
2026-05-27 10:45:36,912 - main - INFO - Configuration: USE_MQTT=True, SERVER_PORT=8800
2026-05-27 10:45:36,942 - main - INFO - 🚀 MQTT client started
2026-05-27 10:45:36,942 - main - INFO - ✅ Connected to MQTT Broker at localhost:1883
2026-05-27 10:45:36,961 - main - INFO - 📡 Subscribed to: lab/monitoring/+
2026-05-27 10:45:36,961 - main - INFO - 🛑 Shutting down Lab Monitoring System
2026-05-27 10:45:37,337 - main - WARNING - ⚠️ Disconnected from MQTT Broker (rc=0)
2026-05-27 10:45:37,339 - main - INFO - Will attempt to reconnect in 5 seconds...
2026-05-27 10:45:37,344 - __main__ - ERROR - Broadcast failed: Circuit breaker is OPEN. Will recover at 1779853552.8063562
Traceback (most recent call last):
  File "C:\Users\LENOVO\OneDrive\Desktop\JARKOM\main.py", line 361, in safe_broadcast_update
    # IMPORTANT: stats['start_time'] berisi datetime -> harus diubah ke string agar bisa di-JSON.
  File "C:\Users\LENOVO\OneDrive\Desktop\JARKOM\main.py", line 86, in call
    raise Exception(f"Circuit breaker is OPEN. Will recover at {self.last_failure_time + self.recovery_timeout}")
Exception: Circuit breaker is OPEN. Will recover at 1779853552.8063562

2026-05-27 10:45:40,897 - __main__ - ERROR - Broadcast failed: Circuit breaker is OPEN. Will recover at 1779853552.8063562
Traceback (most recent call last):
  File "C:\Users\LENOVO\OneDrive\Desktop\JARKOM\main.py", line 361, in safe_broadcast_update
    # IMPORTANT: stats['start_time'] berisi datetime -> harus diubah ke string agar bisa di-JSON.
  File "C:\Users\LENOVO\OneDrive\Desktop\JARKOM\main.py", line 86, in call
    raise Exception(f"Circuit breaker is OPEN. Will recover at {self.last_failure_time + self.recovery_timeout}")
Exception: Circuit breaker is OPEN. Will recover at 1779853552.8063562

2026-05-27 10:45:44,519 - __main__ - ERROR - Broadcast failed: Circuit breaker is OPEN. Will recover at 1779853552.8063562
Traceback (most recent call last):
  File "C:\Users\LENOVO\OneDrive\Desktop\JARKOM\main.py", line 361, in safe_broadcast_update
    # IMPORTANT: stats['start_time'] berisi datetime -> harus diubah ke string agar bisa di-JSON.
  File "C:\Users\LENOVO\OneDrive\Desktop\JARKOM\main.py", line 86, in call
    raise Exception(f"Circuit breaker is OPEN. Will recover at {self.last_failure_time + self.recovery_timeout}")
Exception: Circuit breaker is OPEN. Will recover at 1779853552.8063562

2026-05-27 10:45:47,812 - __main__ - ERROR - Broadcast failed: Circuit breaker is OPEN. Will recover at 1779853552.8063562
Traceback (most recent call last):
  File "C:\Users\LENOVO\OneDrive\Desktop\JARKOM\main.py", line 361, in safe_broadcast_update
    # IMPORTANT: stats['start_time'] berisi datetime -> harus diubah ke string agar bisa di-JSON.
  File "C:\Users\LENOVO\OneDrive\Desktop\JARKOM\main.py", line 86, in call
    raise Exception(f"Circuit breaker is OPEN. Will recover at {self.last_failure_time + self.recovery_timeout}")
Exception: Circuit breaker is OPEN. Will recover at 1779853552.8063562

2026-05-27 10:45:51,320 - __main__ - ERROR - Broadcast failed: Circuit breaker is OPEN. Will recover at 1779853552.8063562
Traceback (most recent call last):
  File "C:\Users\LENOVO\OneDrive\Desktop\JARKOM\main.py", line 361, in safe_broadcast_update
    # IMPORTANT: stats['start_time'] berisi datetime -> harus diubah ke string agar bisa di-JSON.
  File "C:\Users\LENOVO\OneDrive\Desktop\JARKOM\main.py", line 86, in call
    raise Exception(f"Circuit breaker is OPEN. Will recover at {self.last_failure_time + self.recovery_timeout}")
Exception: Circuit breaker is OPEN. Will recover at 1779853552.8063562

2026-05-27 10:45:55,006 - __main__ - WARNING - Circuit breaker entering HALF_OPEN state
2026-05-27 10:45:55,006 - __main__ - ERROR - Circuit breaker failure #53: Object of type datetime is not JSON serializable
2026-05-27 10:45:55,008 - __main__ - ERROR - Circuit breaker OPENED after 53 failures
2026-05-27 10:45:55,009 - __main__ - ERROR - Broadcast failed: Object of type datetime is not JSON serializable
Traceback (most recent call last):
  File "C:\Users\LENOVO\OneDrive\Desktop\JARKOM\main.py", line 361, in safe_broadcast_update
    # IMPORTANT: stats['start_time'] berisi datetime -> harus diubah ke string agar bisa di-JSON.
  File "C:\Users\LENOVO\OneDrive\Desktop\JARKOM\main.py", line 89, in call
    result = func(*args, **kwargs)
  File "C:\Users\LENOVO\AppData\Local\Programs\Python\Python310\lib\json\__init__.py", line 231, in dumps
    return _default_encoder.encode(obj)
  File "C:\Users\LENOVO\AppData\Local\Programs\Python\Python310\lib\json\encoder.py", line 199, in encode
    chunks = self.iterencode(o, _one_shot=True)
  File "C:\Users\LENOVO\AppData\Local\Programs\Python\Python310\lib\json\encoder.py", line 257, in iterencode
    return _iterencode(o, 0)
  File "C:\Users\LENOVO\AppData\Local\Programs\Python\Python310\lib\json\encoder.py", line 179, in default
    raise TypeError(f'Object of type {o.__class__.__name__} '
TypeError: Object of type datetime is not JSON serializable

2026-05-27 10:45:58,363 - __main__ - ERROR - Broadcast failed: Circuit breaker is OPEN. Will recover at 1779853615.0069342
Traceback (most recent call last):
  File "C:\Users\LENOVO\OneDrive\Desktop\JARKOM\main.py", line 361, in safe_broadcast_update
    # IMPORTANT: stats['start_time'] berisi datetime -> harus diubah ke string agar bisa di-JSON.
  File "C:\Users\LENOVO\OneDrive\Desktop\JARKOM\main.py", line 86, in call
    raise Exception(f"Circuit breaker is OPEN. Will recover at {self.last_failure_time + self.recovery_timeout}")
Exception: Circuit breaker is OPEN. Will recover at 1779853615.0069342

2026-05-27 10:46:02,062 - __main__ - ERROR - Broadcast failed: Circuit breaker is OPEN. Will recover at 1779853615.0069342
Traceback (most recent call last):
  File "C:\Users\LENOVO\OneDrive\Desktop\JARKOM\main.py", line 361, in safe_broadcast_update
    # IMPORTANT: stats['start_time'] berisi datetime -> harus diubah ke string agar bisa di-JSON.
  File "C:\Users\LENOVO\OneDrive\Desktop\JARKOM\main.py", line 86, in call
    raise Exception(f"Circuit breaker is OPEN. Will recover at {self.last_failure_time + self.recovery_timeout}")
Exception: Circuit breaker is OPEN. Will recover at 1779853615.0069342

2026-05-27 10:46:05,471 - __main__ - ERROR - Broadcast failed: Circuit breaker is OPEN. Will recover at 1779853615.0069342
Traceback (most recent call last):
  File "C:\Users\LENOVO\OneDrive\Desktop\JARKOM\main.py", line 361, in safe_broadcast_update
    # IMPORTANT: stats['start_time'] berisi datetime -> harus diubah ke string agar bisa di-JSON.
  File "C:\Users\LENOVO\OneDrive\Desktop\JARKOM\main.py", line 86, in call
    raise Exception(f"Circuit breaker is OPEN. Will recover at {self.last_failure_time + self.recovery_timeout}")
Exception: Circuit breaker is OPEN. Will recover at 1779853615.0069342

2026-05-27 10:46:09,171 - __main__ - ERROR - Broadcast failed: Circuit breaker is OPEN. Will recover at 1779853615.0069342
Traceback (most recent call last):
  File "C:\Users\LENOVO\OneDrive\Desktop\JARKOM\main.py", line 361, in safe_broadcast_update
    # IMPORTANT: stats['start_time'] berisi datetime -> harus diubah ke string agar bisa di-JSON.
  File "C:\Users\LENOVO\OneDrive\Desktop\JARKOM\main.py", line 86, in call
    raise Exception(f"Circuit breaker is OPEN. Will recover at {self.last_failure_time + self.recovery_timeout}")
Exception: Circuit breaker is OPEN. Will recover at 1779853615.0069342

2026-05-27 10:46:12,796 - __main__ - ERROR - Broadcast failed: Circuit breaker is OPEN. Will recover at 1779853615.0069342
Traceback (most recent call last):
  File "C:\Users\LENOVO\OneDrive\Desktop\JARKOM\main.py", line 361, in safe_broadcast_update
    # IMPORTANT: stats['start_time'] berisi datetime -> harus diubah ke string agar bisa di-JSON.
  File "C:\Users\LENOVO\OneDrive\Desktop\JARKOM\main.py", line 86, in call
    raise Exception(f"Circuit breaker is OPEN. Will recover at {self.last_failure_time + self.recovery_timeout}")
Exception: Circuit breaker is OPEN. Will recover at 1779853615.0069342

2026-05-27 10:46:14,434 - __main__ - INFO - 📊 Stats - Uptime: 0:46:00.309467, Messages: 831, Failed: 0, Clients: 1, WS Connections: 1, Broadcast Failures: 795
2026-05-27 10:46:16,069 - __main__ - ERROR - Broadcast failed: Circuit breaker is OPEN. Will recover at 1779853615.0069342
Traceback (most recent call last):
  File "C:\Users\LENOVO\OneDrive\Desktop\JARKOM\main.py", line 361, in safe_broadcast_update
    # IMPORTANT: stats['start_time'] berisi datetime -> harus diubah ke string agar bisa di-JSON.
  File "C:\Users\LENOVO\OneDrive\Desktop\JARKOM\main.py", line 86, in call
    raise Exception(f"Circuit breaker is OPEN. Will recover at {self.last_failure_time + self.recovery_timeout}")
Exception: Circuit breaker is OPEN. Will recover at 1779853615.0069342

2026-05-27 10:46:19,623 - __main__ - ERROR - Broadcast failed: Circuit breaker is OPEN. Will recover at 1779853615.0069342
Traceback (most recent call last):
  File "C:\Users\LENOVO\OneDrive\Desktop\JARKOM\main.py", line 361, in safe_broadcast_update
    # IMPORTANT: stats['start_time'] berisi datetime -> harus diubah ke string agar bisa di-JSON.
  File "C:\Users\LENOVO\OneDrive\Desktop\JARKOM\main.py", line 86, in call
    raise Exception(f"Circuit breaker is OPEN. Will recover at {self.last_failure_time + self.recovery_timeout}")
Exception: Circuit breaker is OPEN. Will recover at 1779853615.0069342

2026-05-27 10:46:23,134 - __main__ - ERROR - Broadcast failed: Circuit breaker is OPEN. Will recover at 1779853615.0069342
Traceback (most recent call last):
  File "C:\Users\LENOVO\OneDrive\Desktop\JARKOM\main.py", line 361, in safe_broadcast_update
    # IMPORTANT: stats['start_time'] berisi datetime -> harus diubah ke string agar bisa di-JSON.
  File "C:\Users\LENOVO\OneDrive\Desktop\JARKOM\main.py", line 86, in call
    raise Exception(f"Circuit breaker is OPEN. Will recover at {self.last_failure_time + self.recovery_timeout}")
Exception: Circuit breaker is OPEN. Will recover at 1779853615.0069342

2026-05-27 10:46:26,540 - __main__ - ERROR - Broadcast failed: Circuit breaker is OPEN. Will recover at 1779853615.0069342
Traceback (most recent call last):
  File "C:\Users\LENOVO\OneDrive\Desktop\JARKOM\main.py", line 361, in safe_broadcast_update
    # IMPORTANT: stats['start_time'] berisi datetime -> harus diubah ke string agar bisa di-JSON.
  File "C:\Users\LENOVO\OneDrive\Desktop\JARKOM\main.py", line 86, in call
    raise Exception(f"Circuit breaker is OPEN. Will recover at {self.last_failure_time + self.recovery_timeout}")
Exception: Circuit breaker is OPEN. Will recover at 1779853615.0069342

2026-05-27 10:46:29,888 - __main__ - ERROR - Broadcast failed: Circuit breaker is OPEN. Will recover at 1779853615.0069342
Traceback (most recent call last):
  File "C:\Users\LENOVO\OneDrive\Desktop\JARKOM\main.py", line 361, in safe_broadcast_update
    # IMPORTANT: stats['start_time'] berisi datetime -> harus diubah ke string agar bisa di-JSON.
  File "C:\Users\LENOVO\OneDrive\Desktop\JARKOM\main.py", line 86, in call
    raise Exception(f"Circuit breaker is OPEN. Will recover at {self.last_failure_time + self.recovery_timeout}")
Exception: Circuit breaker is OPEN. Will recover at 1779853615.0069342

2026-05-27 10:46:33,492 - __main__ - ERROR - Broadcast failed: Circuit breaker is OPEN. Will recover at 1779853615.0069342
Traceback (most recent call last):
  File "C:\Users\LENOVO\OneDrive\Desktop\JARKOM\main.py", line 361, in safe_broadcast_update
    # IMPORTANT: stats['start_time'] berisi datetime -> harus diubah ke string agar bisa di-JSON.
  File "C:\Users\LENOVO\OneDrive\Desktop\JARKOM\main.py", line 86, in call
    raise Exception(f"Circuit breaker is OPEN. Will recover at {self.last_failure_time + self.recovery_timeout}")
Exception: Circuit breaker is OPEN. Will recover at 1779853615.0069342

2026-05-27 10:46:37,029 - __main__ - ERROR - Broadcast failed: Circuit breaker is OPEN. Will recover at 1779853615.0069342
Traceback (most recent call last):
  File "C:\Users\LENOVO\OneDrive\Desktop\JARKOM\main.py", line 361, in safe_broadcast_update
    # IMPORTANT: stats['start_time'] berisi datetime -> harus diubah ke string agar bisa di-JSON.
  File "C:\Users\LENOVO\OneDrive\Desktop\JARKOM\main.py", line 86, in call
    raise Exception(f"Circuit breaker is OPEN. Will recover at {self.last_failure_time + self.recovery_timeout}")
Exception: Circuit breaker is OPEN. Will recover at 1779853615.0069342

2026-05-27 10:46:40,607 - __main__ - ERROR - Broadcast failed: Circuit breaker is OPEN. Will recover at 1779853615.0069342
Traceback (most recent call last):
  File "C:\Users\LENOVO\OneDrive\Desktop\JARKOM\main.py", line 361, in safe_broadcast_update
    # IMPORTANT: stats['start_time'] berisi datetime -> harus diubah ke string agar bisa di-JSON.
  File "C:\Users\LENOVO\OneDrive\Desktop\JARKOM\main.py", line 86, in call
    raise Exception(f"Circuit breaker is OPEN. Will recover at {self.last_failure_time + self.recovery_timeout}")
Exception: Circuit breaker is OPEN. Will recover at 1779853615.0069342

2026-05-27 10:46:44,196 - __main__ - ERROR - Broadcast failed: Circuit breaker is OPEN. Will recover at 1779853615.0069342
Traceback (most recent call last):
  File "C:\Users\LENOVO\OneDrive\Desktop\JARKOM\main.py", line 361, in safe_broadcast_update
    # IMPORTANT: stats['start_time'] berisi datetime -> harus diubah ke string agar bisa di-JSON.
  File "C:\Users\LENOVO\OneDrive\Desktop\JARKOM\main.py", line 86, in call
    raise Exception(f"Circuit breaker is OPEN. Will recover at {self.last_failure_time + self.recovery_timeout}")
Exception: Circuit breaker is OPEN. Will recover at 1779853615.0069342

2026-05-27 10:46:47,805 - __main__ - ERROR - Broadcast failed: Circuit breaker is OPEN. Will recover at 1779853615.0069342
Traceback (most recent call last):
  File "C:\Users\LENOVO\OneDrive\Desktop\JARKOM\main.py", line 361, in safe_broadcast_update
    # IMPORTANT: stats['start_time'] berisi datetime -> harus diubah ke string agar bisa di-JSON.
  File "C:\Users\LENOVO\OneDrive\Desktop\JARKOM\main.py", line 86, in call
    raise Exception(f"Circuit breaker is OPEN. Will recover at {self.last_failure_time + self.recovery_timeout}")
Exception: Circuit breaker is OPEN. Will recover at 1779853615.0069342

2026-05-27 10:46:51,514 - __main__ - ERROR - Broadcast failed: Circuit breaker is OPEN. Will recover at 1779853615.0069342
Traceback (most recent call last):
  File "C:\Users\LENOVO\OneDrive\Desktop\JARKOM\main.py", line 361, in safe_broadcast_update
    # IMPORTANT: stats['start_time'] berisi datetime -> harus diubah ke string agar bisa di-JSON.
  File "C:\Users\LENOVO\OneDrive\Desktop\JARKOM\main.py", line 86, in call
    raise Exception(f"Circuit breaker is OPEN. Will recover at {self.last_failure_time + self.recovery_timeout}")
Exception: Circuit breaker is OPEN. Will recover at 1779853615.0069342

2026-05-27 10:46:54,985 - __main__ - ERROR - Broadcast failed: Circuit breaker is OPEN. Will recover at 1779853615.0069342
Traceback (most recent call last):
  File "C:\Users\LENOVO\OneDrive\Desktop\JARKOM\main.py", line 361, in safe_broadcast_update
    # IMPORTANT: stats['start_time'] berisi datetime -> harus diubah ke string agar bisa di-JSON.
  File "C:\Users\LENOVO\OneDrive\Desktop\JARKOM\main.py", line 86, in call
    raise Exception(f"Circuit breaker is OPEN. Will recover at {self.last_failure_time + self.recovery_timeout}")
Exception: Circuit breaker is OPEN. Will recover at 1779853615.0069342

2026-05-27 10:46:58,600 - __main__ - WARNING - Circuit breaker entering HALF_OPEN state
2026-05-27 10:46:58,603 - __main__ - ERROR - Circuit breaker failure #54: Object of type datetime is not JSON serializable
2026-05-27 10:46:58,604 - __main__ - ERROR - Circuit breaker OPENED after 54 failures
2026-05-27 10:46:58,605 - __main__ - ERROR - Broadcast failed: Object of type datetime is not JSON serializable
Traceback (most recent call last):
  File "C:\Users\LENOVO\OneDrive\Desktop\JARKOM\main.py", line 361, in safe_broadcast_update
    # IMPORTANT: stats['start_time'] berisi datetime -> harus diubah ke string agar bisa di-JSON.
  File "C:\Users\LENOVO\OneDrive\Desktop\JARKOM\main.py", line 89, in call
    result = func(*args, **kwargs)
  File "C:\Users\LENOVO\AppData\Local\Programs\Python\Python310\lib\json\__init__.py", line 231, in dumps
    return _default_encoder.encode(obj)
  File "C:\Users\LENOVO\AppData\Local\Programs\Python\Python310\lib\json\encoder.py", line 199, in encode
    chunks = self.iterencode(o, _one_shot=True)
  File "C:\Users\LENOVO\AppData\Local\Programs\Python\Python310\lib\json\encoder.py", line 257, in iterencode
    return _iterencode(o, 0)
  File "C:\Users\LENOVO\AppData\Local\Programs\Python\Python310\lib\json\encoder.py", line 179, in default
    raise TypeError(f'Object of type {o.__class__.__name__} '
TypeError: Object of type datetime is not JSON serializable

2026-05-27 10:47:02,283 - __main__ - ERROR - Broadcast failed: Circuit breaker is OPEN. Will recover at 1779853678.603543
Traceback (most recent call last):
  File "C:\Users\LENOVO\OneDrive\Desktop\JARKOM\main.py", line 361, in safe_broadcast_update
    # IMPORTANT: stats['start_time'] berisi datetime -> harus diubah ke string agar bisa di-JSON.
  File "C:\Users\LENOVO\OneDrive\Desktop\JARKOM\main.py", line 86, in call
    raise Exception(f"Circuit breaker is OPEN. Will recover at {self.last_failure_time + self.recovery_timeout}")
Exception: Circuit breaker is OPEN. Will recover at 1779853678.603543

2026-05-27 10:47:05,654 - __main__ - ERROR - Broadcast failed: Circuit breaker is OPEN. Will recover at 1779853678.603543
Traceback (most recent call last):
  File "C:\Users\LENOVO\OneDrive\Desktop\JARKOM\main.py", line 361, in safe_broadcast_update
    # IMPORTANT: stats['start_time'] berisi datetime -> harus diubah ke string agar bisa di-JSON.
  File "C:\Users\LENOVO\OneDrive\Desktop\JARKOM\main.py", line 86, in call
    raise Exception(f"Circuit breaker is OPEN. Will recover at {self.last_failure_time + self.recovery_timeout}")
Exception: Circuit breaker is OPEN. Will recover at 1779853678.603543

2026-05-27 10:47:09,041 - __main__ - ERROR - Broadcast failed: Circuit breaker is OPEN. Will recover at 1779853678.603543
Traceback (most recent call last):
  File "C:\Users\LENOVO\OneDrive\Desktop\JARKOM\main.py", line 361, in safe_broadcast_update
    # IMPORTANT: stats['start_time'] berisi datetime -> harus diubah ke string agar bisa di-JSON.
  File "C:\Users\LENOVO\OneDrive\Desktop\JARKOM\main.py", line 86, in call
    raise Exception(f"Circuit breaker is OPEN. Will recover at {self.last_failure_time + self.recovery_timeout}")
Exception: Circuit breaker is OPEN. Will recover at 1779853678.603543

2026-05-27 10:47:12,298 - __main__ - ERROR - Broadcast failed: Circuit breaker is OPEN. Will recover at 1779853678.603543
Traceback (most recent call last):
  File "C:\Users\LENOVO\OneDrive\Desktop\JARKOM\main.py", line 361, in safe_broadcast_update
    # IMPORTANT: stats['start_time'] berisi datetime -> harus diubah ke string agar bisa di-JSON.
  File "C:\Users\LENOVO\OneDrive\Desktop\JARKOM\main.py", line 86, in call
    raise Exception(f"Circuit breaker is OPEN. Will recover at {self.last_failure_time + self.recovery_timeout}")
Exception: Circuit breaker is OPEN. Will recover at 1779853678.603543

2026-05-27 10:47:14,448 - __main__ - INFO - 📊 Stats - Uptime: 0:47:00.324352, Messages: 848, Failed: 0, Clients: 1, WS Connections: 1, Broadcast Failures: 812
2026-05-27 10:47:15,862 - __main__ - ERROR - Broadcast failed: Circuit breaker is OPEN. Will recover at 1779853678.603543
Traceback (most recent call last):
  File "C:\Users\LENOVO\OneDrive\Desktop\JARKOM\main.py", line 361, in safe_broadcast_update
    # IMPORTANT: stats['start_time'] berisi datetime -> harus diubah ke string agar bisa di-JSON.
  File "C:\Users\LENOVO\OneDrive\Desktop\JARKOM\main.py", line 86, in call
    raise Exception(f"Circuit breaker is OPEN. Will recover at {self.last_failure_time + self.recovery_timeout}")
Exception: Circuit breaker is OPEN. Will recover at 1779853678.603543

2026-05-27 10:47:19,360 - __main__ - ERROR - Broadcast failed: Circuit breaker is OPEN. Will recover at 1779853678.603543
Traceback (most recent call last):
  File "C:\Users\LENOVO\OneDrive\Desktop\JARKOM\main.py", line 361, in safe_broadcast_update
    # IMPORTANT: stats['start_time'] berisi datetime -> harus diubah ke string agar bisa di-JSON.
  File "C:\Users\LENOVO\OneDrive\Desktop\JARKOM\main.py", line 86, in call
    raise Exception(f"Circuit breaker is OPEN. Will recover at {self.last_failure_time + self.recovery_timeout}")
Exception: Circuit breaker is OPEN. Will recover at 1779853678.603543

2026-05-27 10:47:23,064 - __main__ - ERROR - Broadcast failed: Circuit breaker is OPEN. Will recover at 1779853678.603543
Traceback (most recent call last):
  File "C:\Users\LENOVO\OneDrive\Desktop\JARKOM\main.py", line 361, in safe_broadcast_update
    # IMPORTANT: stats['start_time'] berisi datetime -> harus diubah ke string agar bisa di-JSON.
  File "C:\Users\LENOVO\OneDrive\Desktop\JARKOM\main.py", line 86, in call
    raise Exception(f"Circuit breaker is OPEN. Will recover at {self.last_failure_time + self.recovery_timeout}")
Exception: Circuit breaker is OPEN. Will recover at 1779853678.603543

2026-05-27 10:47:26,446 - __main__ - ERROR - Broadcast failed: Circuit breaker is OPEN. Will recover at 1779853678.603543
Traceback (most recent call last):
  File "C:\Users\LENOVO\OneDrive\Desktop\JARKOM\main.py", line 361, in safe_broadcast_update
    # IMPORTANT: stats['start_time'] berisi datetime -> harus diubah ke string agar bisa di-JSON.
  File "C:\Users\LENOVO\OneDrive\Desktop\JARKOM\main.py", line 86, in call
    raise Exception(f"Circuit breaker is OPEN. Will recover at {self.last_failure_time + self.recovery_timeout}")
Exception: Circuit breaker is OPEN. Will recover at 1779853678.603543

2026-05-27 10:47:30,001 - __main__ - ERROR - Broadcast failed: Circuit breaker is OPEN. Will recover at 1779853678.603543
Traceback (most recent call last):
  File "C:\Users\LENOVO\OneDrive\Desktop\JARKOM\main.py", line 361, in safe_broadcast_update
    # IMPORTANT: stats['start_time'] berisi datetime -> harus diubah ke string agar bisa di-JSON.
  File "C:\Users\LENOVO\OneDrive\Desktop\JARKOM\main.py", line 86, in call
    raise Exception(f"Circuit breaker is OPEN. Will recover at {self.last_failure_time + self.recovery_timeout}")
Exception: Circuit breaker is OPEN. Will recover at 1779853678.603543

2026-05-27 10:47:33,334 - __main__ - ERROR - Broadcast failed: Circuit breaker is OPEN. Will recover at 1779853678.603543
Traceback (most recent call last):
  File "C:\Users\LENOVO\OneDrive\Desktop\JARKOM\main.py", line 361, in safe_broadcast_update
    # IMPORTANT: stats['start_time'] berisi datetime -> harus diubah ke string agar bisa di-JSON.
  File "C:\Users\LENOVO\OneDrive\Desktop\JARKOM\main.py", line 86, in call
    raise Exception(f"Circuit breaker is OPEN. Will recover at {self.last_failure_time + self.recovery_timeout}")
Exception: Circuit breaker is OPEN. Will recover at 1779853678.603543

2026-05-27 10:47:37,017 - __main__ - ERROR - Broadcast failed: Circuit breaker is OPEN. Will recover at 1779853678.603543
Traceback (most recent call last):
  File "C:\Users\LENOVO\OneDrive\Desktop\JARKOM\main.py", line 361, in safe_broadcast_update
    # IMPORTANT: stats['start_time'] berisi datetime -> harus diubah ke string agar bisa di-JSON.
  File "C:\Users\LENOVO\OneDrive\Desktop\JARKOM\main.py", line 86, in call
    raise Exception(f"Circuit breaker is OPEN. Will recover at {self.last_failure_time + self.recovery_timeout}")
Exception: Circuit breaker is OPEN. Will recover at 1779853678.603543

2026-05-27 10:47:40,595 - __main__ - ERROR - Broadcast failed: Circuit breaker is OPEN. Will recover at 1779853678.603543
Traceback (most recent call last):
  File "C:\Users\LENOVO\OneDrive\Desktop\JARKOM\main.py", line 361, in safe_broadcast_update
    # IMPORTANT: stats['start_time'] berisi datetime -> harus diubah ke string agar bisa di-JSON.
  File "C:\Users\LENOVO\OneDrive\Desktop\JARKOM\main.py", line 86, in call
    raise Exception(f"Circuit breaker is OPEN. Will recover at {self.last_failure_time + self.recovery_timeout}")
Exception: Circuit breaker is OPEN. Will recover at 1779853678.603543

2026-05-27 10:47:44,011 - __main__ - ERROR - Broadcast failed: Circuit breaker is OPEN. Will recover at 1779853678.603543
Traceback (most recent call last):
  File "C:\Users\LENOVO\OneDrive\Desktop\JARKOM\main.py", line 361, in safe_broadcast_update
    # IMPORTANT: stats['start_time'] berisi datetime -> harus diubah ke string agar bisa di-JSON.
  File "C:\Users\LENOVO\OneDrive\Desktop\JARKOM\main.py", line 86, in call
    raise Exception(f"Circuit breaker is OPEN. Will recover at {self.last_failure_time + self.recovery_timeout}")
Exception: Circuit breaker is OPEN. Will recover at 1779853678.603543

2026-05-27 10:47:47,538 - __main__ - ERROR - Broadcast failed: Circuit breaker is OPEN. Will recover at 1779853678.603543
Traceback (most recent call last):
  File "C:\Users\LENOVO\OneDrive\Desktop\JARKOM\main.py", line 361, in safe_broadcast_update
    # IMPORTANT: stats['start_time'] berisi datetime -> harus diubah ke string agar bisa di-JSON.
  File "C:\Users\LENOVO\OneDrive\Desktop\JARKOM\main.py", line 86, in call
    raise Exception(f"Circuit breaker is OPEN. Will recover at {self.last_failure_time + self.recovery_timeout}")
Exception: Circuit breaker is OPEN. Will recover at 1779853678.603543

2026-05-27 10:47:50,879 - __main__ - ERROR - Broadcast failed: Circuit breaker is OPEN. Will recover at 1779853678.603543
Traceback (most recent call last):
  File "C:\Users\LENOVO\OneDrive\Desktop\JARKOM\main.py", line 361, in safe_broadcast_update
    # IMPORTANT: stats['start_time'] berisi datetime -> harus diubah ke string agar bisa di-JSON.
  File "C:\Users\LENOVO\OneDrive\Desktop\JARKOM\main.py", line 86, in call
    raise Exception(f"Circuit breaker is OPEN. Will recover at {self.last_failure_time + self.recovery_timeout}")
Exception: Circuit breaker is OPEN. Will recover at 1779853678.603543

2026-05-27 10:47:54,348 - __main__ - ERROR - Broadcast failed: Circuit breaker is OPEN. Will recover at 1779853678.603543
Traceback (most recent call last):
  File "C:\Users\LENOVO\OneDrive\Desktop\JARKOM\main.py", line 361, in safe_broadcast_update
    # IMPORTANT: stats['start_time'] berisi datetime -> harus diubah ke string agar bisa di-JSON.
  File "C:\Users\LENOVO\OneDrive\Desktop\JARKOM\main.py", line 86, in call
    raise Exception(f"Circuit breaker is OPEN. Will recover at {self.last_failure_time + self.recovery_timeout}")
Exception: Circuit breaker is OPEN. Will recover at 1779853678.603543

2026-05-27 10:47:57,727 - __main__ - ERROR - Broadcast failed: Circuit breaker is OPEN. Will recover at 1779853678.603543
Traceback (most recent call last):
  File "C:\Users\LENOVO\OneDrive\Desktop\JARKOM\main.py", line 361, in safe_broadcast_update
    # IMPORTANT: stats['start_time'] berisi datetime -> harus diubah ke string agar bisa di-JSON.
  File "C:\Users\LENOVO\OneDrive\Desktop\JARKOM\main.py", line 86, in call
    raise Exception(f"Circuit breaker is OPEN. Will recover at {self.last_failure_time + self.recovery_timeout}")
Exception: Circuit breaker is OPEN. Will recover at 1779853678.603543

2026-05-27 10:48:01,090 - __main__ - WARNING - Circuit breaker entering HALF_OPEN state
2026-05-27 10:48:01,092 - __main__ - ERROR - Circuit breaker failure #55: Object of type datetime is not JSON serializable
2026-05-27 10:48:01,093 - __main__ - ERROR - Circuit breaker OPENED after 55 failures
2026-05-27 10:48:01,095 - __main__ - ERROR - Broadcast failed: Object of type datetime is not JSON serializable
Traceback (most recent call last):
  File "C:\Users\LENOVO\OneDrive\Desktop\JARKOM\main.py", line 361, in safe_broadcast_update
    # IMPORTANT: stats['start_time'] berisi datetime -> harus diubah ke string agar bisa di-JSON.
  File "C:\Users\LENOVO\OneDrive\Desktop\JARKOM\main.py", line 89, in call
    result = func(*args, **kwargs)
  File "C:\Users\LENOVO\AppData\Local\Programs\Python\Python310\lib\json\__init__.py", line 231, in dumps
    return _default_encoder.encode(obj)
  File "C:\Users\LENOVO\AppData\Local\Programs\Python\Python310\lib\json\encoder.py", line 199, in encode
    chunks = self.iterencode(o, _one_shot=True)
  File "C:\Users\LENOVO\AppData\Local\Programs\Python\Python310\lib\json\encoder.py", line 257, in iterencode
    return _iterencode(o, 0)
  File "C:\Users\LENOVO\AppData\Local\Programs\Python\Python310\lib\json\encoder.py", line 179, in default
    raise TypeError(f'Object of type {o.__class__.__name__} '
TypeError: Object of type datetime is not JSON serializable

2026-05-27 10:48:04,368 - __main__ - ERROR - Broadcast failed: Circuit breaker is OPEN. Will recover at 1779853741.0926757
Traceback (most recent call last):
  File "C:\Users\LENOVO\OneDrive\Desktop\JARKOM\main.py", line 361, in safe_broadcast_update
    # IMPORTANT: stats['start_time'] berisi datetime -> harus diubah ke string agar bisa di-JSON.
  File "C:\Users\LENOVO\OneDrive\Desktop\JARKOM\main.py", line 86, in call
    raise Exception(f"Circuit breaker is OPEN. Will recover at {self.last_failure_time + self.recovery_timeout}")
Exception: Circuit breaker is OPEN. Will recover at 1779853741.0926757

2026-05-27 10:48:07,538 - __main__ - ERROR - Broadcast failed: Circuit breaker is OPEN. Will recover at 1779853741.0926757
Traceback (most recent call last):
  File "C:\Users\LENOVO\OneDrive\Desktop\JARKOM\main.py", line 361, in safe_broadcast_update
    # IMPORTANT: stats['start_time'] berisi datetime -> harus diubah ke string agar bisa di-JSON.
  File "C:\Users\LENOVO\OneDrive\Desktop\JARKOM\main.py", line 86, in call
    raise Exception(f"Circuit breaker is OPEN. Will recover at {self.last_failure_time + self.recovery_timeout}")
Exception: Circuit breaker is OPEN. Will recover at 1779853741.0926757

2026-05-27 10:48:10,904 - __main__ - ERROR - Broadcast failed: Circuit breaker is OPEN. Will recover at 1779853741.0926757
Traceback (most recent call last):
  File "C:\Users\LENOVO\OneDrive\Desktop\JARKOM\main.py", line 361, in safe_broadcast_update
    # IMPORTANT: stats['start_time'] berisi datetime -> harus diubah ke string agar bisa di-JSON.
  File "C:\Users\LENOVO\OneDrive\Desktop\JARKOM\main.py", line 86, in call
    raise Exception(f"Circuit breaker is OPEN. Will recover at {self.last_failure_time + self.recovery_timeout}")
Exception: Circuit breaker is OPEN. Will recover at 1779853741.0926757

2026-05-27 10:48:14,396 - __main__ - ERROR - Broadcast failed: Circuit breaker is OPEN. Will recover at 1779853741.0926757
Traceback (most recent call last):
  File "C:\Users\LENOVO\OneDrive\Desktop\JARKOM\main.py", line 361, in safe_broadcast_update
    # IMPORTANT: stats['start_time'] berisi datetime -> harus diubah ke string agar bisa di-JSON.
  File "C:\Users\LENOVO\OneDrive\Desktop\JARKOM\main.py", line 86, in call
    raise Exception(f"Circuit breaker is OPEN. Will recover at {self.last_failure_time + self.recovery_timeout}")
Exception: Circuit breaker is OPEN. Will recover at 1779853741.0926757

2026-05-27 10:48:14,460 - __main__ - INFO - 📊 Stats - Uptime: 0:48:00.335897, Messages: 866, Failed: 0, Clients: 1, WS Connections: 1, Broadcast Failures: 830
2026-05-27 10:48:17,784 - __main__ - ERROR - Broadcast failed: Circuit breaker is OPEN. Will recover at 1779853741.0926757
Traceback (most recent call last):
  File "C:\Users\LENOVO\OneDrive\Desktop\JARKOM\main.py", line 361, in safe_broadcast_update
    # IMPORTANT: stats['start_time'] berisi datetime -> harus diubah ke string agar bisa di-JSON.
  File "C:\Users\LENOVO\OneDrive\Desktop\JARKOM\main.py", line 86, in call
    raise Exception(f"Circuit breaker is OPEN. Will recover at {self.last_failure_time + self.recovery_timeout}")
Exception: Circuit breaker is OPEN. Will recover at 1779853741.0926757

2026-05-27 10:48:20,946 - __main__ - ERROR - Broadcast failed: Circuit breaker is OPEN. Will recover at 1779853741.0926757
Traceback (most recent call last):
  File "C:\Users\LENOVO\OneDrive\Desktop\JARKOM\main.py", line 361, in safe_broadcast_update
    # IMPORTANT: stats['start_time'] berisi datetime -> harus diubah ke string agar bisa di-JSON.
  File "C:\Users\LENOVO\OneDrive\Desktop\JARKOM\main.py", line 86, in call
    raise Exception(f"Circuit breaker is OPEN. Will recover at {self.last_failure_time + self.recovery_timeout}")
Exception: Circuit breaker is OPEN. Will recover at 1779853741.0926757

2026-05-27 10:48:24,245 - __main__ - ERROR - Broadcast failed: Circuit breaker is OPEN. Will recover at 1779853741.0926757
Traceback (most recent call last):
  File "C:\Users\LENOVO\OneDrive\Desktop\JARKOM\main.py", line 361, in safe_broadcast_update
    # IMPORTANT: stats['start_time'] berisi datetime -> harus diubah ke string agar bisa di-JSON.
  File "C:\Users\LENOVO\OneDrive\Desktop\JARKOM\main.py", line 86, in call
    raise Exception(f"Circuit breaker is OPEN. Will recover at {self.last_failure_time + self.recovery_timeout}")
Exception: Circuit breaker is OPEN. Will recover at 1779853741.0926757

2026-05-27 10:48:27,495 - __main__ - ERROR - Broadcast failed: Circuit breaker is OPEN. Will recover at 1779853741.0926757
Traceback (most recent call last):
  File "C:\Users\LENOVO\OneDrive\Desktop\JARKOM\main.py", line 361, in safe_broadcast_update
    # IMPORTANT: stats['start_time'] berisi datetime -> harus diubah ke string agar bisa di-JSON.
  File "C:\Users\LENOVO\OneDrive\Desktop\JARKOM\main.py", line 86, in call
    raise Exception(f"Circuit breaker is OPEN. Will recover at {self.last_failure_time + self.recovery_timeout}")
Exception: Circuit breaker is OPEN. Will recover at 1779853741.0926757

2026-05-27 10:48:30,892 - __main__ - ERROR - Broadcast failed: Circuit breaker is OPEN. Will recover at 1779853741.0926757
Traceback (most recent call last):
  File "C:\Users\LENOVO\OneDrive\Desktop\JARKOM\main.py", line 361, in safe_broadcast_update
    # IMPORTANT: stats['start_time'] berisi datetime -> harus diubah ke string agar bisa di-JSON.
  File "C:\Users\LENOVO\OneDrive\Desktop\JARKOM\main.py", line 86, in call
    raise Exception(f"Circuit breaker is OPEN. Will recover at {self.last_failure_time + self.recovery_timeout}")
Exception: Circuit breaker is OPEN. Will recover at 1779853741.0926757

2026-05-27 10:48:34,040 - __main__ - ERROR - Broadcast failed: Circuit breaker is OPEN. Will recover at 1779853741.0926757
Traceback (most recent call last):
  File "C:\Users\LENOVO\OneDrive\Desktop\JARKOM\main.py", line 361, in safe_broadcast_update
    # IMPORTANT: stats['start_time'] berisi datetime -> harus diubah ke string agar bisa di-JSON.
  File "C:\Users\LENOVO\OneDrive\Desktop\JARKOM\main.py", line 86, in call
    raise Exception(f"Circuit breaker is OPEN. Will recover at {self.last_failure_time + self.recovery_timeout}")
Exception: Circuit breaker is OPEN. Will recover at 1779853741.0926757

2026-05-27 10:48:37,229 - __main__ - ERROR - Broadcast failed: Circuit breaker is OPEN. Will recover at 1779853741.0926757
Traceback (most recent call last):
  File "C:\Users\LENOVO\OneDrive\Desktop\JARKOM\main.py", line 361, in safe_broadcast_update
    # IMPORTANT: stats['start_time'] berisi datetime -> harus diubah ke string agar bisa di-JSON.
  File "C:\Users\LENOVO\OneDrive\Desktop\JARKOM\main.py", line 86, in call
    raise Exception(f"Circuit breaker is OPEN. Will recover at {self.last_failure_time + self.recovery_timeout}")
Exception: Circuit breaker is OPEN. Will recover at 1779853741.0926757

2026-05-27 10:48:37,977 - __main__ - INFO - 🔌 WebSocket connection removed. Remaining: 0
2026-05-27 10:48:38,077 - __main__ - INFO - 🛑 Shutting down Lab Monitoring System
2026-05-27 10:48:38,207 - __main__ - WARNING - ⚠️ Disconnected from MQTT Broker (rc=0)
2026-05-27 10:48:38,210 - __main__ - INFO - Will attempt to reconnect in 5 seconds...
2026-05-27 10:48:51,082 - __main__ - INFO - 🚀 Starting Lab Monitoring System v2.1.0
2026-05-27 10:48:51,082 - __main__ - INFO - Configuration: USE_MQTT=True, SERVER_PORT=8800
2026-05-27 10:48:51,109 - __main__ - INFO - 🚀 MQTT client started
2026-05-27 10:48:51,109 - __main__ - INFO - ✅ Connected to MQTT Broker at localhost:1883
2026-05-27 10:48:51,110 - __main__ - INFO - 📡 Subscribed to: lab/monitoring/+
2026-05-27 10:48:51,588 - __main__ - INFO - 🔌 WebSocket connected. Total: 1
2026-05-27 10:49:21,089 - __main__ - INFO - 🔌 WebSocket connection removed. Remaining: 0
2026-05-27 10:49:21,536 - __main__ - INFO - 🔌 WebSocket connected. Total: 1
2026-05-27 10:49:51,117 - __main__ - INFO - 📊 Stats - Uptime: 0:01:00.068777, Messages: 18, Failed: 0, Clients: 1, WS Connections: 1, Broadcast Failures: 0
2026-05-27 10:50:51,120 - __main__ - INFO - 📊 Stats - Uptime: 0:02:00.071439, Messages: 36, Failed: 0, Clients: 1, WS Connections: 1, Broadcast Failures: 0
2026-05-27 10:51:51,143 - __main__ - INFO - 📊 Stats - Uptime: 0:03:00.094701, Messages: 53, Failed: 0, Clients: 1, WS Connections: 1, Broadcast Failures: 0
2026-05-27 10:52:51,141 - __main__ - INFO - 📊 Stats - Uptime: 0:04:00.092844, Messages: 71, Failed: 0, Clients: 1, WS Connections: 1, Broadcast Failures: 0
2026-05-27 10:53:09,338 - __main__ - INFO - 🔌 WebSocket connection removed. Remaining: 0
2026-05-27 10:53:09,784 - __main__ - INFO - 🔌 WebSocket connected. Total: 1
2026-05-27 10:53:51,164 - __main__ - INFO - 📊 Stats - Uptime: 0:05:00.115845, Messages: 88, Failed: 0, Clients: 1, WS Connections: 1, Broadcast Failures: 0
2026-05-27 10:54:51,162 - __main__ - INFO - 📊 Stats - Uptime: 0:06:00.113807, Messages: 105, Failed: 0, Clients: 1, WS Connections: 1, Broadcast Failures: 0
2026-05-27 10:55:51,148 - __main__ - INFO - 📊 Stats - Uptime: 0:07:00.099473, Messages: 123, Failed: 0, Clients: 1, WS Connections: 1, Broadcast Failures: 0
2026-05-27 10:56:33,135 - __main__ - INFO - 🔌 WebSocket connection removed. Remaining: 0
2026-05-27 10:56:33,244 - __main__ - INFO - 🛑 Shutting down Lab Monitoring System
2026-05-27 10:56:33,687 - __main__ - WARNING - ⚠️ Disconnected from MQTT Broker (rc=0)
2026-05-27 10:56:33,688 - __main__ - INFO - Will attempt to reconnect in 5 seconds...
2026-05-27 10:58:09,663 - __main__ - INFO - 🚀 Starting Lab Monitoring System v2.1.0
2026-05-27 10:58:09,664 - __main__ - INFO - Configuration: USE_MQTT=True, SERVER_PORT=8800
2026-05-27 10:58:14,675 - __main__ - ERROR - Failed to connect MQTT: timed out
2026-05-27 10:58:14,675 - __main__ - WARNING - ⚠️ Running in offline mode - no MQTT data
2026-05-27 10:58:14,676 - __main__ - INFO - 💡 Set USE_MQTT=False in config to run in demo mode
2026-05-27 10:58:48,959 - __main__ - INFO - 🔌 WebSocket connected. Total: 1
2026-05-27 10:59:02,799 - __main__ - INFO - 🔌 WebSocket connection removed. Remaining: 0
2026-05-27 10:59:03,237 - __main__ - INFO - 🔌 WebSocket connected. Total: 1
2026-05-27 10:59:14,676 - __main__ - INFO - 📊 Stats - Uptime: 0:01:05.054357, Messages: 0, Failed: 0, Clients: 0, WS Connections: 1, Broadcast Failures: 0
2026-05-27 11:00:10,181 - __main__ - INFO - 🔌 WebSocket connection removed. Remaining: 0
2026-05-27 11:00:10,621 - __main__ - INFO - 🔌 WebSocket connected. Total: 1
2026-05-27 11:00:14,705 - __main__ - INFO - 📊 Stats - Uptime: 0:02:05.083331, Messages: 0, Failed: 0, Clients: 0, WS Connections: 1, Broadcast Failures: 0
2026-05-27 11:00:22,791 - __main__ - INFO - 🔌 WebSocket connection removed. Remaining: 0
2026-05-27 11:00:22,905 - __main__ - INFO - 🛑 Shutting down Lab Monitoring System
2026-05-27 11:00:26,995 - __main__ - INFO - 🚀 Starting Lab Monitoring System v2.1.0
2026-05-27 11:00:26,995 - __main__ - INFO - Configuration: USE_MQTT=True, SERVER_PORT=8800
2026-05-27 11:00:27,001 - __main__ - ERROR - Failed to connect MQTT: [Errno 11001] getaddrinfo failed
2026-05-27 11:00:27,001 - __main__ - WARNING - ⚠️ Running in offline mode - no MQTT data
2026-05-27 11:00:27,002 - __main__ - INFO - 💡 Set USE_MQTT=False in config to run in demo mode
2026-05-27 11:00:29,052 - __main__ - INFO - 🔌 WebSocket connected. Total: 1
2026-05-27 11:01:03,546 - __main__ - INFO - 🔌 WebSocket connection removed. Remaining: 0
2026-05-27 11:01:03,962 - __main__ - INFO - 🔌 WebSocket connected. Total: 1
2026-05-27 11:01:26,979 - __main__ - INFO - 📊 Stats - Uptime: 0:01:00.027270, Messages: 0, Failed: 0, Clients: 0, WS Connections: 1, Broadcast Failures: 0
2026-05-27 11:01:45,509 - __main__ - INFO - 🔌 WebSocket connection removed. Remaining: 0
2026-05-27 11:01:45,973 - __main__ - INFO - 🔌 WebSocket connected. Total: 1
2026-05-27 11:01:51,328 - __main__ - INFO - 🔌 WebSocket connection removed. Remaining: 0
2026-05-27 11:01:51,438 - __main__ - INFO - 🛑 Shutting down Lab Monitoring System
2026-05-27 11:02:10,835 - __main__ - INFO - 🚀 Starting Lab Monitoring System v2.1.0
2026-05-27 11:02:10,836 - __main__ - INFO - Configuration: USE_MQTT=True, SERVER_PORT=8800
2026-05-27 11:02:10,843 - __main__ - INFO - 🚀 MQTT client started
2026-05-27 11:02:10,843 - __main__ - INFO - ✅ Connected to MQTT Broker at localhost:1883
2026-05-27 11:02:10,843 - __main__ - INFO - 📡 Subscribed to: lab/monitoring/+
2026-05-27 11:02:13,927 - __main__ - INFO - 🔌 WebSocket connected. Total: 1
2026-05-27 11:02:36,065 - __main__ - INFO - 🔌 WebSocket connection removed. Remaining: 0
2026-05-27 11:02:36,511 - __main__ - INFO - 🔌 WebSocket connected. Total: 1
2026-05-27 11:03:10,853 - __main__ - INFO - 📊 Stats - Uptime: 0:01:00.053830, Messages: 11, Failed: 0, Clients: 1, WS Connections: 1, Broadcast Failures: 0
2026-05-27 11:03:36,533 - __main__ - INFO - 🔌 WebSocket connection removed. Remaining: 0
2026-05-27 11:03:36,956 - __main__ - INFO - 🔌 WebSocket connected. Total: 1
2026-05-27 11:04:10,856 - __main__ - INFO - 📊 Stats - Uptime: 0:02:00.057048, Messages: 24, Failed: 0, Clients: 1, WS Connections: 1, Broadcast Failures: 0
2026-05-27 11:05:10,861 - __main__ - INFO - 📊 Stats - Uptime: 0:03:00.061950, Messages: 38, Failed: 0, Clients: 1, WS Connections: 1, Broadcast Failures: 0
2026-05-27 11:06:10,878 - __main__ - INFO - 📊 Stats - Uptime: 0:04:00.079031, Messages: 51, Failed: 0, Clients: 1, WS Connections: 1, Broadcast Failures: 0
2026-05-27 11:07:10,898 - __main__ - INFO - 📊 Stats - Uptime: 0:05:00.098590, Messages: 63, Failed: 0, Clients: 1, WS Connections: 1, Broadcast Failures: 0
2026-05-27 11:08:10,925 - __main__ - INFO - 📊 Stats - Uptime: 0:06:00.125767, Messages: 77, Failed: 0, Clients: 1, WS Connections: 1, Broadcast Failures: 0
2026-05-27 11:09:10,919 - __main__ - INFO - 📊 Stats - Uptime: 0:07:00.120191, Messages: 90, Failed: 0, Clients: 1, WS Connections: 1, Broadcast Failures: 0
2026-05-27 11:10:10,923 - __main__ - INFO - 📊 Stats - Uptime: 0:08:00.124403, Messages: 103, Failed: 0, Clients: 1, WS Connections: 1, Broadcast Failures: 0
2026-05-27 11:11:10,942 - __main__ - INFO - 📊 Stats - Uptime: 0:09:00.142865, Messages: 115, Failed: 0, Clients: 1, WS Connections: 1, Broadcast Failures: 0
2026-05-27 11:12:10,933 - __main__ - INFO - 📊 Stats - Uptime: 0:10:00.133772, Messages: 128, Failed: 0, Clients: 1, WS Connections: 1, Broadcast Failures: 0
2026-05-27 11:12:59,282 - __main__ - INFO - 🔌 WebSocket connection removed. Remaining: 0
2026-05-27 11:12:59,734 - __main__ - INFO - 🔌 WebSocket connected. Total: 1
2026-05-27 11:13:10,960 - __main__ - INFO - 📊 Stats - Uptime: 0:11:00.160944, Messages: 138, Failed: 0, Clients: 1, WS Connections: 1, Broadcast Failures: 0
2026-05-27 11:14:10,980 - __main__ - INFO - 📊 Stats - Uptime: 0:12:00.181033, Messages: 149, Failed: 0, Clients: 1, WS Connections: 1, Broadcast Failures: 0
2026-05-27 11:15:10,994 - __main__ - INFO - 📊 Stats - Uptime: 0:13:00.194711, Messages: 161, Failed: 0, Clients: 1, WS Connections: 1, Broadcast Failures: 0
2026-05-27 11:16:10,988 - __main__ - INFO - 📊 Stats - Uptime: 0:14:00.189420, Messages: 174, Failed: 0, Clients: 1, WS Connections: 1, Broadcast Failures: 0
2026-05-27 11:17:10,992 - __main__ - INFO - 📊 Stats - Uptime: 0:15:00.193032, Messages: 187, Failed: 0, Clients: 1, WS Connections: 1, Broadcast Failures: 0
2026-05-27 11:18:11,010 - __main__ - INFO - 📊 Stats - Uptime: 0:16:00.210781, Messages: 200, Failed: 0, Clients: 1, WS Connections: 1, Broadcast Failures: 0
2026-05-27 11:19:11,012 - __main__ - INFO - 📊 Stats - Uptime: 0:17:00.212552, Messages: 212, Failed: 0, Clients: 1, WS Connections: 1, Broadcast Failures: 0
2026-05-27 11:20:11,033 - __main__ - INFO - 📊 Stats - Uptime: 0:18:00.233570, Messages: 225, Failed: 0, Clients: 1, WS Connections: 1, Broadcast Failures: 0
2026-05-27 11:20:27,176 - __main__ - INFO - 🔌 WebSocket connection removed. Remaining: 0
2026-05-27 11:20:27,715 - __main__ - INFO - 🔌 WebSocket connected. Total: 1
2026-05-27 11:21:11,051 - __main__ - INFO - 📊 Stats - Uptime: 0:19:00.252415, Messages: 238, Failed: 0, Clients: 1, WS Connections: 1, Broadcast Failures: 0
2026-05-27 11:21:28,688 - __main__ - INFO - 🔌 WebSocket connection removed. Remaining: 0
2026-05-27 11:21:29,111 - __main__ - INFO - 🔌 WebSocket connected. Total: 1
2026-05-27 11:22:11,030 - __main__ - INFO - 📊 Stats - Uptime: 0:20:00.230795, Messages: 251, Failed: 0, Clients: 1, WS Connections: 1, Broadcast Failures: 0
2026-05-27 11:23:11,052 - __main__ - INFO - 📊 Stats - Uptime: 0:21:00.252832, Messages: 263, Failed: 0, Clients: 1, WS Connections: 1, Broadcast Failures: 0
2026-05-27 11:23:35,427 - __main__ - INFO - 🔌 WebSocket connection removed. Remaining: 0
2026-05-27 11:23:35,880 - __main__ - INFO - 🔌 WebSocket connected. Total: 1
2026-05-27 11:24:11,085 - __main__ - INFO - 📊 Stats - Uptime: 0:22:00.285920, Messages: 276, Failed: 0, Clients: 1, WS Connections: 1, Broadcast Failures: 0
2026-05-27 11:25:11,104 - __main__ - INFO - 📊 Stats - Uptime: 0:23:00.305453, Messages: 288, Failed: 0, Clients: 1, WS Connections: 1, Broadcast Failures: 0
2026-05-27 11:26:11,124 - __main__ - INFO - 📊 Stats - Uptime: 0:24:00.324951, Messages: 301, Failed: 0, Clients: 1, WS Connections: 1, Broadcast Failures: 0
2026-05-27 11:26:30,341 - __main__ - INFO - 🚀 Starting Lab Monitoring System v2.1.0
2026-05-27 11:26:30,344 - __main__ - INFO - Configuration: USE_MQTT=True, SERVER_PORT=8800
2026-05-27 11:26:35,354 - __main__ - ERROR - Failed to connect MQTT: timed out
2026-05-27 11:26:35,355 - __main__ - WARNING - ⚠️ Running in offline mode - no MQTT data
2026-05-27 11:26:35,356 - __main__ - INFO - 💡 Set USE_MQTT=False in config to run in demo mode
2026-05-27 11:26:36,583 - __main__ - INFO - 🔌 WebSocket connected. Total: 1
2026-05-27 11:27:34,837 - __main__ - INFO - 🚀 Starting Lab Monitoring System v2.1.0
2026-05-27 11:27:34,837 - __main__ - INFO - Configuration: USE_MQTT=True, SERVER_PORT=8800
2026-05-27 11:27:35,367 - __main__ - INFO - 📊 Stats - Uptime: 0:01:05.141967, Messages: 0, Failed: 0, Clients: 0, WS Connections: 1, Broadcast Failures: 0
2026-05-27 11:27:39,844 - __main__ - ERROR - Failed to connect MQTT: timed out
2026-05-27 11:27:39,844 - __main__ - WARNING - ⚠️ Running in offline mode - no MQTT data
2026-05-27 11:27:39,847 - __main__ - INFO - 💡 Set USE_MQTT=False in config to run in demo mode
2026-05-27 11:27:39,849 - __main__ - INFO - 🛑 Shutting down Lab Monitoring System
2026-05-27 11:27:52,948 - __main__ - INFO - 🚀 Starting Lab Monitoring System v2.1.0
2026-05-27 11:27:52,948 - __main__ - INFO - Configuration: USE_MQTT=True, SERVER_PORT=8800
2026-05-27 11:27:57,954 - __main__ - ERROR - Failed to connect MQTT: timed out
2026-05-27 11:27:57,955 - __main__ - WARNING - ⚠️ Running in offline mode - no MQTT data
2026-05-27 11:27:57,955 - __main__ - INFO - 💡 Set USE_MQTT=False in config to run in demo mode
2026-05-27 11:27:57,957 - __main__ - INFO - 🛑 Shutting down Lab Monitoring System
2026-05-27 11:28:35,353 - __main__ - INFO - 📊 Stats - Uptime: 0:02:05.127681, Messages: 0, Failed: 0, Clients: 0, WS Connections: 1, Broadcast Failures: 0
2026-05-27 11:29:10,143 - __main__ - INFO - 🚀 Starting Lab Monitoring System v2.1.0
2026-05-27 11:29:10,143 - __main__ - INFO - Configuration: USE_MQTT=True, SERVER_PORT=8800
2026-05-27 11:29:15,158 - __main__ - ERROR - Failed to connect MQTT: timed out
2026-05-27 11:29:15,160 - __main__ - WARNING - ⚠️ Running in offline mode - no MQTT data
2026-05-27 11:29:15,160 - __main__ - INFO - 💡 Set USE_MQTT=False in config to run in demo mode
2026-05-27 11:29:15,162 - __main__ - INFO - 🛑 Shutting down Lab Monitoring System
2026-05-27 11:29:21,366 - __main__ - INFO - 🔌 WebSocket connection removed. Remaining: 0
2026-05-27 11:29:21,819 - __main__ - INFO - 🔌 WebSocket connected. Total: 1
2026-05-27 11:29:35,362 - __main__ - INFO - 📊 Stats - Uptime: 0:03:05.136672, Messages: 0, Failed: 0, Clients: 0, WS Connections: 1, Broadcast Failures: 0
2026-05-27 11:30:35,369 - __main__ - INFO - 📊 Stats - Uptime: 0:04:05.143436, Messages: 0, Failed: 0, Clients: 0, WS Connections: 1, Broadcast Failures: 0
2026-05-27 11:31:35,396 - __main__ - INFO - 📊 Stats - Uptime: 0:05:05.171342, Messages: 0, Failed: 0, Clients: 0, WS Connections: 1, Broadcast Failures: 0
2026-05-27 11:32:36,182 - __main__ - INFO - 🚀 Starting Lab Monitoring System v2.1.0
2026-05-27 11:32:36,182 - __main__ - INFO - Configuration: USE_MQTT=True, SERVER_PORT=8800
2026-05-27 11:32:41,190 - __main__ - ERROR - Failed to connect MQTT: timed out
2026-05-27 11:32:41,190 - __main__ - WARNING - ⚠️ Running in offline mode - no MQTT data
2026-05-27 11:32:41,190 - __main__ - INFO - 💡 Set USE_MQTT=False in config to run in demo mode
2026-05-27 11:32:41,596 - __main__ - INFO - 🔌 WebSocket connected. Total: 1
2026-05-27 11:32:57,095 - __main__ - INFO - 🔌 WebSocket connection removed. Remaining: 0
2026-05-27 11:32:57,527 - __main__ - INFO - 🔌 WebSocket connected. Total: 1
2026-05-27 11:33:37,290 - __main__ - INFO - 🔌 WebSocket connection removed. Remaining: 0
2026-05-27 11:33:37,743 - __main__ - INFO - 🔌 WebSocket connected. Total: 1
2026-05-27 11:33:41,191 - __main__ - INFO - 📊 Stats - Uptime: 0:01:05.050074, Messages: 0, Failed: 0, Clients: 0, WS Connections: 1, Broadcast Failures: 0
2026-05-27 11:34:31,558 - __main__ - INFO - 🔌 WebSocket connection removed. Remaining: 0
2026-05-27 11:34:31,670 - __main__ - INFO - 🛑 Shutting down Lab Monitoring System
2026-05-27 11:35:16,106 - __main__ - INFO - 🚀 Starting Lab Monitoring System v2.1.0
2026-05-27 11:35:16,106 - __main__ - INFO - Configuration: USE_MQTT=True, SERVER_PORT=8800
2026-05-27 11:35:21,125 - __main__ - ERROR - Failed to connect MQTT: timed out
2026-05-27 11:35:21,125 - __main__ - WARNING - ⚠️ Running in offline mode - no MQTT data
2026-05-27 11:35:21,125 - __main__ - INFO - 💡 Set USE_MQTT=False in config to run in demo mode
2026-05-27 11:35:28,183 - __main__ - INFO - 🔌 WebSocket connected. Total: 1
2026-05-27 11:36:21,113 - __main__ - INFO - 📊 Stats - Uptime: 0:01:05.038356, Messages: 0, Failed: 0, Clients: 0, WS Connections: 1, Broadcast Failures: 0
2026-05-27 11:36:26,419 - __main__ - INFO - 🔌 WebSocket connection removed. Remaining: 0
2026-05-27 11:36:26,864 - __main__ - INFO - 🔌 WebSocket connected. Total: 1
2026-05-27 11:36:35,654 - __main__ - INFO - 🔌 WebSocket connection removed. Remaining: 0
2026-05-27 11:36:35,758 - __main__ - INFO - 🛑 Shutting down Lab Monitoring System
2026-05-27 11:37:07,398 - __main__ - INFO - 🚀 Starting Lab Monitoring System v2.1.0
2026-05-27 11:37:07,400 - __main__ - INFO - Configuration: USE_MQTT=True, SERVER_PORT=8800
2026-05-27 11:37:07,405 - __main__ - INFO - 🚀 MQTT client started
2026-05-27 11:37:07,405 - __main__ - INFO - ✅ Connected to MQTT Broker at localhost:1883
2026-05-27 11:37:07,405 - __main__ - INFO - 📡 Subscribed to: lab/monitoring/+
2026-05-27 11:37:18,252 - __main__ - INFO - 🔌 WebSocket connected. Total: 1
2026-05-27 11:37:40,450 - __main__ - INFO - 🔌 WebSocket connection removed. Remaining: 0
2026-05-27 11:37:40,888 - __main__ - INFO - 🔌 WebSocket connected. Total: 1
2026-05-27 11:38:00,167 - __main__ - INFO - 🔌 WebSocket connection removed. Remaining: 0
2026-05-27 11:38:00,583 - __main__ - INFO - 🔌 WebSocket connected. Total: 1
2026-05-27 11:38:07,411 - __main__ - INFO - 📊 Stats - Uptime: 0:01:00.051696, Messages: 1, Failed: 0, Clients: 1, WS Connections: 1, Broadcast Failures: 0
2026-05-27 11:39:07,414 - __main__ - INFO - 📊 Stats - Uptime: 0:02:00.054864, Messages: 1, Failed: 0, Clients: 1, WS Connections: 1, Broadcast Failures: 0
2026-05-27 11:39:32,341 - __main__ - INFO - 🔌 WebSocket connection removed. Remaining: 0
2026-05-27 11:39:32,779 - __main__ - INFO - 🔌 WebSocket connected. Total: 1
2026-05-27 11:40:07,423 - __main__ - INFO - 📊 Stats - Uptime: 0:03:00.063810, Messages: 1, Failed: 0, Clients: 1, WS Connections: 1, Broadcast Failures: 0
2026-05-27 11:40:15,772 - __main__ - INFO - 🔌 WebSocket connection removed. Remaining: 0
2026-05-27 11:40:16,201 - __main__ - INFO - 🔌 WebSocket connected. Total: 1
2026-05-27 11:41:07,425 - __main__ - INFO - 📊 Stats - Uptime: 0:04:00.065858, Messages: 1, Failed: 0, Clients: 1, WS Connections: 1, Broadcast Failures: 0
2026-05-27 11:41:08,508 - __main__ - INFO - 🔌 WebSocket connection removed. Remaining: 0
2026-05-27 11:41:08,923 - __main__ - INFO - 🔌 WebSocket connected. Total: 1
2026-05-27 11:41:19,360 - __main__ - INFO - 🔌 WebSocket connection removed. Remaining: 0
2026-05-27 11:41:19,471 - __main__ - INFO - 🛑 Shutting down Lab Monitoring System
2026-05-27 11:41:19,784 - __main__ - WARNING - ⚠️ Disconnected from MQTT Broker (rc=0)
2026-05-27 11:41:19,784 - __main__ - INFO - Will attempt to reconnect in 5 seconds...
2026-05-27 11:41:48,581 - __main__ - INFO - 🚀 Starting Lab Monitoring System v2.1.0
2026-05-27 11:41:48,581 - __main__ - INFO - Configuration: USE_MQTT=True, SERVER_PORT=8800
2026-05-27 11:41:48,590 - __main__ - INFO - 🚀 MQTT client started
2026-05-27 11:41:48,590 - __main__ - INFO - ✅ Connected to MQTT Broker at localhost:1883
2026-05-27 11:41:48,590 - __main__ - INFO - 📡 Subscribed to: lab/monitoring/+
2026-05-27 11:41:51,942 - __main__ - INFO - 🔌 WebSocket connected. Total: 1
2026-05-27 11:42:48,602 - __main__ - INFO - 📊 Stats - Uptime: 0:01:00.052151, Messages: 1, Failed: 0, Clients: 1, WS Connections: 1, Broadcast Failures: 0
2026-05-27 11:43:33,012 - __main__ - INFO - 🔌 WebSocket connection removed. Remaining: 0
2026-05-27 11:43:33,449 - __main__ - INFO - 🔌 WebSocket connected. Total: 1
2026-05-27 11:43:40,137 - __main__ - INFO - 🔌 WebSocket connection removed. Remaining: 0
2026-05-27 11:43:40,246 - __main__ - INFO - 🛑 Shutting down Lab Monitoring System
2026-05-27 11:43:40,291 - __main__ - WARNING - ⚠️ Disconnected from MQTT Broker (rc=0)
2026-05-27 11:43:40,291 - __main__ - INFO - Will attempt to reconnect in 5 seconds...
2026-05-27 11:43:55,540 - __main__ - INFO - 🚀 Starting Lab Monitoring System v2.1.0
2026-05-27 11:43:55,540 - __main__ - INFO - Configuration: USE_MQTT=True, SERVER_PORT=8800
2026-05-27 11:43:55,556 - __main__ - INFO - 🚀 MQTT client started
2026-05-27 11:43:55,556 - __main__ - INFO - ✅ Connected to MQTT Broker at localhost:1883
2026-05-27 11:43:55,558 - __main__ - INFO - 📡 Subscribed to: lab/monitoring/+
2026-05-27 11:44:00,100 - __main__ - INFO - 🔌 WebSocket connected. Total: 1
2026-05-27 11:44:37,090 - __main__ - INFO - 🔌 WebSocket connection removed. Remaining: 0
2026-05-27 11:44:37,202 - __main__ - INFO - 🛑 Shutting down Lab Monitoring System
2026-05-27 11:44:37,429 - __main__ - WARNING - ⚠️ Disconnected from MQTT Broker (rc=0)
2026-05-27 11:44:37,429 - __main__ - INFO - Will attempt to reconnect in 5 seconds...
2026-05-27 11:45:37,799 - __main__ - INFO - 🚀 Starting Lab Monitoring System v2.1.0
2026-05-27 11:45:37,799 - __main__ - INFO - Configuration: USE_MQTT=True, SERVER_PORT=8800
2026-05-27 11:45:37,820 - __main__ - INFO - ✅ Connected to MQTT Broker at localhost:1883
2026-05-27 11:45:37,820 - __main__ - INFO - 🚀 MQTT client started
2026-05-27 11:45:37,821 - __main__ - INFO - 📡 Subscribed to: lab/monitoring/+
2026-05-27 11:45:58,813 - __main__ - INFO - 🛑 Shutting down Lab Monitoring System
2026-05-27 11:45:58,985 - __main__ - WARNING - ⚠️ Disconnected from MQTT Broker (rc=0)
2026-05-27 11:45:58,986 - __main__ - INFO - Will attempt to reconnect in 5 seconds...
2026-05-27 11:46:24,987 - __main__ - INFO - 🚀 Starting Lab Monitoring System v2.1.0
2026-05-27 11:46:24,987 - __main__ - INFO - Configuration: USE_MQTT=True, SERVER_PORT=8800
2026-05-27 11:46:25,023 - __main__ - INFO - 🚀 MQTT client started
2026-05-27 11:46:25,023 - __main__ - INFO - ✅ Connected to MQTT Broker at localhost:1883
2026-05-27 11:46:25,024 - __main__ - INFO - 📡 Subscribed to: lab/monitoring/+
2026-05-27 11:46:39,586 - __main__ - INFO - 🔌 WebSocket connected. Total: 1
2026-05-27 11:47:25,040 - __main__ - INFO - 📊 Stats - Uptime: 0:01:00.089082, Messages: 6, Failed: 0, Clients: 1, WS Connections: 1, Broadcast Failures: 0
2026-05-27 11:48:25,037 - __main__ - INFO - 📊 Stats - Uptime: 0:02:00.086222, Messages: 18, Failed: 0, Clients: 1, WS Connections: 1, Broadcast Failures: 0
2026-05-27 11:49:25,054 - __main__ - INFO - 📊 Stats - Uptime: 0:03:00.103680, Messages: 30, Failed: 0, Clients: 1, WS Connections: 1, Broadcast Failures: 0
2026-05-27 11:50:25,074 - __main__ - INFO - 📊 Stats - Uptime: 0:04:00.122982, Messages: 42, Failed: 0, Clients: 1, WS Connections: 1, Broadcast Failures: 0
2026-05-27 11:51:25,083 - __main__ - INFO - 📊 Stats - Uptime: 0:05:00.131992, Messages: 54, Failed: 0, Clients: 1, WS Connections: 1, Broadcast Failures: 0
2026-05-27 11:52:25,091 - __main__ - INFO - 📊 Stats - Uptime: 0:06:00.140063, Messages: 66, Failed: 0, Clients: 1, WS Connections: 1, Broadcast Failures: 0
2026-05-27 11:53:25,097 - __main__ - INFO - 📊 Stats - Uptime: 0:07:00.146455, Messages: 79, Failed: 0, Clients: 1, WS Connections: 1, Broadcast Failures: 0
2026-05-27 11:54:25,101 - __main__ - INFO - 📊 Stats - Uptime: 0:08:00.149989, Messages: 91, Failed: 0, Clients: 1, WS Connections: 1, Broadcast Failures: 0
2026-05-27 11:55:25,117 - __main__ - INFO - 📊 Stats - Uptime: 0:09:00.166221, Messages: 103, Failed: 0, Clients: 1, WS Connections: 1, Broadcast Failures: 0
2026-05-27 11:56:25,114 - __main__ - INFO - 📊 Stats - Uptime: 0:10:00.162445, Messages: 115, Failed: 0, Clients: 1, WS Connections: 1, Broadcast Failures: 0
2026-05-27 11:57:25,104 - __main__ - INFO - 📊 Stats - Uptime: 0:11:00.153353, Messages: 127, Failed: 0, Clients: 1, WS Connections: 1, Broadcast Failures: 0
2026-05-27 11:58:25,121 - __main__ - INFO - 📊 Stats - Uptime: 0:12:00.170674, Messages: 139, Failed: 0, Clients: 1, WS Connections: 1, Broadcast Failures: 0
2026-05-27 11:58:49,349 - __main__ - INFO - 🔌 WebSocket connection removed. Remaining: 0
2026-05-27 11:58:49,459 - __main__ - INFO - 🛑 Shutting down Lab Monitoring System
2026-05-27 11:58:50,413 - __main__ - WARNING - ⚠️ Disconnected from MQTT Broker (rc=0)
2026-05-27 11:58:50,419 - __main__ - INFO - Will attempt to reconnect in 5 seconds...
2026-05-27 18:19:44,545 - __main__ - INFO - 🚀 Starting Lab Monitoring System v2.1.0
2026-05-27 18:19:44,546 - __main__ - INFO - Configuration: USE_MQTT=True, SERVER_PORT=8800
2026-05-27 18:19:44,557 - __main__ - INFO - 🚀 MQTT client started
2026-05-27 18:19:44,558 - __main__ - INFO - ✅ Connected to MQTT Broker at localhost:1883
2026-05-27 18:19:44,558 - __main__ - INFO - 📡 Subscribed to: lab/monitoring/+
2026-05-27 18:20:28,239 - __main__ - INFO - 🔌 WebSocket connected. Total: 1
2026-05-27 18:20:44,565 - __main__ - INFO - 📊 Stats - Uptime: 0:01:00.212467, Messages: 1, Failed: 0, Clients: 1, WS Connections: 1, Broadcast Failures: 0
2026-05-27 18:21:44,558 - __main__ - INFO - 📊 Stats - Uptime: 0:02:00.205716, Messages: 4, Failed: 0, Clients: 1, WS Connections: 1, Broadcast Failures: 0
2026-05-27 18:22:44,579 - __main__ - INFO - 📊 Stats - Uptime: 0:03:00.225920, Messages: 16, Failed: 0, Clients: 1, WS Connections: 1, Broadcast Failures: 0
2026-05-27 18:23:44,555 - __main__ - INFO - 📊 Stats - Uptime: 0:04:00.202679, Messages: 27, Failed: 0, Clients: 1, WS Connections: 1, Broadcast Failures: 0
2026-05-27 18:24:44,559 - __main__ - INFO - 📊 Stats - Uptime: 0:05:00.206472, Messages: 38, Failed: 0, Clients: 1, WS Connections: 1, Broadcast Failures: 0
2026-05-27 18:25:44,578 - __main__ - INFO - 📊 Stats - Uptime: 0:06:00.224868, Messages: 50, Failed: 0, Clients: 1, WS Connections: 1, Broadcast Failures: 0
2026-05-27 18:26:44,580 - __main__ - INFO - 📊 Stats - Uptime: 0:07:00.227033, Messages: 62, Failed: 0, Clients: 1, WS Connections: 1, Broadcast Failures: 0
2026-05-27 18:27:44,593 - __main__ - INFO - 📊 Stats - Uptime: 0:08:00.240168, Messages: 74, Failed: 0, Clients: 1, WS Connections: 1, Broadcast Failures: 0
2026-05-27 18:28:44,592 - __main__ - INFO - 📊 Stats - Uptime: 0:09:00.238916, Messages: 86, Failed: 0, Clients: 1, WS Connections: 1, Broadcast Failures: 0
2026-05-27 18:29:44,614 - __main__ - INFO - 📊 Stats - Uptime: 0:10:00.261250, Messages: 98, Failed: 0, Clients: 1, WS Connections: 1, Broadcast Failures: 0
2026-05-27 18:30:44,622 - __main__ - INFO - 📊 Stats - Uptime: 0:11:00.269204, Messages: 110, Failed: 0, Clients: 1, WS Connections: 1, Broadcast Failures: 0
2026-05-27 18:31:44,614 - __main__ - INFO - 📊 Stats - Uptime: 0:12:00.261670, Messages: 122, Failed: 0, Clients: 1, WS Connections: 1, Broadcast Failures: 0
2026-05-27 18:32:44,627 - __main__ - INFO - 📊 Stats - Uptime: 0:13:00.273043, Messages: 134, Failed: 0, Clients: 1, WS Connections: 1, Broadcast Failures: 0
2026-05-27 18:33:44,607 - __main__ - INFO - 📊 Stats - Uptime: 0:14:00.253814, Messages: 146, Failed: 0, Clients: 1, WS Connections: 1, Broadcast Failures: 0
2026-05-27 18:34:44,617 - __main__ - INFO - 📊 Stats - Uptime: 0:15:00.264736, Messages: 158, Failed: 0, Clients: 1, WS Connections: 1, Broadcast Failures: 0
2026-05-27 18:35:44,631 - __main__ - INFO - 📊 Stats - Uptime: 0:16:00.278524, Messages: 169, Failed: 0, Clients: 1, WS Connections: 1, Broadcast Failures: 0
2026-05-27 18:36:44,618 - __main__ - INFO - 📊 Stats - Uptime: 0:17:00.264808, Messages: 181, Failed: 0, Clients: 1, WS Connections: 1, Broadcast Failures: 0
2026-05-27 18:37:44,642 - __main__ - INFO - 📊 Stats - Uptime: 0:18:00.289157, Messages: 193, Failed: 0, Clients: 1, WS Connections: 1, Broadcast Failures: 0
2026-05-27 18:38:44,642 - __main__ - INFO - 📊 Stats - Uptime: 0:19:00.288953, Messages: 205, Failed: 0, Clients: 1, WS Connections: 1, Broadcast Failures: 0
2026-05-27 18:39:44,645 - __main__ - INFO - 📊 Stats - Uptime: 0:20:00.292113, Messages: 217, Failed: 0, Clients: 1, WS Connections: 1, Broadcast Failures: 0
2026-05-27 18:40:44,645 - __main__ - INFO - 📊 Stats - Uptime: 0:21:00.292091, Messages: 229, Failed: 0, Clients: 1, WS Connections: 1, Broadcast Failures: 0
2026-05-27 18:41:44,635 - __main__ - INFO - 📊 Stats - Uptime: 0:22:00.282621, Messages: 241, Failed: 0, Clients: 1, WS Connections: 1, Broadcast Failures: 0
2026-05-27 18:42:44,640 - __main__ - INFO - 📊 Stats - Uptime: 0:23:00.287097, Messages: 253, Failed: 0, Clients: 1, WS Connections: 1, Broadcast Failures: 0
2026-05-27 18:43:44,641 - __main__ - INFO - 📊 Stats - Uptime: 0:24:00.288492, Messages: 265, Failed: 0, Clients: 1, WS Connections: 1, Broadcast Failures: 0
2026-05-27 18:44:44,638 - __main__ - INFO - 📊 Stats - Uptime: 0:25:00.285335, Messages: 277, Failed: 0, Clients: 1, WS Connections: 1, Broadcast Failures: 0
2026-05-27 18:45:44,639 - __main__ - INFO - 📊 Stats - Uptime: 0:26:00.286567, Messages: 289, Failed: 0, Clients: 1, WS Connections: 1, Broadcast Failures: 0
2026-05-27 18:46:44,639 - __main__ - INFO - 📊 Stats - Uptime: 0:27:00.286720, Messages: 301, Failed: 0, Clients: 1, WS Connections: 1, Broadcast Failures: 0
2026-05-27 18:47:44,644 - __main__ - INFO - 📊 Stats - Uptime: 0:28:00.290953, Messages: 313, Failed: 0, Clients: 1, WS Connections: 1, Broadcast Failures: 0
2026-05-27 18:47:57,659 - __main__ - INFO - 🔌 WebSocket connection removed. Remaining: 0
2026-05-27 18:47:58,096 - __main__ - INFO - 🔌 WebSocket connected. Total: 1
2026-05-27 18:48:07,964 - __main__ - INFO - 🔌 WebSocket connection removed. Remaining: 0
2026-05-27 18:48:08,342 - __main__ - INFO - 🔌 WebSocket connected. Total: 1
2026-05-27 18:48:14,130 - __main__ - INFO - 🔌 WebSocket connection removed. Remaining: 0
2026-05-27 18:48:14,248 - __main__ - INFO - 🛑 Shutting down Lab Monitoring System
2026-05-27 18:48:14,789 - __main__ - WARNING - ⚠️ Disconnected from MQTT Broker (rc=0)
2026-05-27 18:48:14,789 - __main__ - INFO - Will attempt to reconnect in 5 seconds...
2026-05-27 18:48:27,300 - __main__ - INFO - 🚀 Starting Lab Monitoring System v2.1.0
2026-05-27 18:48:27,301 - __main__ - INFO - Configuration: USE_MQTT=True, SERVER_PORT=8800
2026-05-27 18:48:29,365 - __main__ - ERROR - Failed to connect MQTT: [WinError 10061] No connection could be made because the target machine actively refused it
2026-05-27 18:48:29,365 - __main__ - WARNING - ⚠️ Running in offline mode - no MQTT data
2026-05-27 18:48:29,366 - __main__ - INFO - 💡 Set USE_MQTT=False in config to run in demo mode
2026-05-27 18:48:37,278 - __main__ - INFO - 🔌 WebSocket connected. Total: 1
2026-05-27 18:48:37,499 - __main__ - ERROR - WebSocket error: 
Traceback (most recent call last):
  File "C:\Users\LENOVO\AppData\Local\Programs\Python\Python310\lib\site-packages\websockets\legacy\protocol.py", line 963, in transfer_data
    message = await self.read_message()
  File "C:\Users\LENOVO\AppData\Local\Programs\Python\Python310\lib\site-packages\websockets\legacy\protocol.py", line 1033, in read_message
    frame = await self.read_data_frame(max_size=self.max_size)
  File "C:\Users\LENOVO\AppData\Local\Programs\Python\Python310\lib\site-packages\websockets\legacy\protocol.py", line 1108, in read_data_frame
    frame = await self.read_frame(max_size)
  File "C:\Users\LENOVO\AppData\Local\Programs\Python\Python310\lib\site-packages\websockets\legacy\protocol.py", line 1165, in read_frame
    frame = await Frame.read(
  File "C:\Users\LENOVO\AppData\Local\Programs\Python\Python310\lib\site-packages\websockets\legacy\framing.py", line 68, in read
    data = await reader(2)
  File "C:\Users\LENOVO\AppData\Local\Programs\Python\Python310\lib\asyncio\streams.py", line 706, in readexactly
    raise exceptions.IncompleteReadError(incomplete, n)
asyncio.exceptions.IncompleteReadError: 0 bytes read on a total of 2 expected bytes

The above exception was the direct cause of the following exception:

Traceback (most recent call last):
  File "C:\Users\LENOVO\AppData\Local\Programs\Python\Python310\lib\site-packages\uvicorn\protocols\websockets\websockets_impl.py", line 349, in asgi_send
    await self.send(data)  # type: ignore[arg-type]
  File "C:\Users\LENOVO\AppData\Local\Programs\Python\Python310\lib\site-packages\websockets\legacy\protocol.py", line 635, in send
    await self.ensure_open()
  File "C:\Users\LENOVO\AppData\Local\Programs\Python\Python310\lib\site-packages\websockets\legacy\protocol.py", line 939, in ensure_open
    raise self.connection_closed_exc()
websockets.exceptions.ConnectionClosedError: no close frame received or sent

The above exception was the direct cause of the following exception:

Traceback (most recent call last):
  File "C:\Users\LENOVO\OneDrive\Desktop\JARKOM\main.py", line 670, in websocket_endpoint
    await websocket.send_text(initial)
  File "C:\Users\LENOVO\AppData\Local\Programs\Python\Python310\lib\site-packages\starlette\websockets.py", line 163, in send_text
    await self.send({"type": "websocket.send", "text": data})
  File "C:\Users\LENOVO\AppData\Local\Programs\Python\Python310\lib\site-packages\starlette\websockets.py", line 85, in send
    await self._send(message)
  File "C:\Users\LENOVO\AppData\Local\Programs\Python\Python310\lib\site-packages\starlette\_exception_handler.py", line 50, in sender
    await send(message)
  File "C:\Users\LENOVO\AppData\Local\Programs\Python\Python310\lib\site-packages\uvicorn\protocols\websockets\websockets_impl.py", line 365, in asgi_send
    raise ClientDisconnected from exc
uvicorn.protocols.utils.ClientDisconnected

2026-05-27 18:48:37,501 - __main__ - INFO - 🔌 WebSocket connection removed. Remaining: 0
2026-05-27 18:48:37,627 - __main__ - INFO - 🔌 WebSocket connected. Total: 1
2026-05-27 18:49:29,350 - __main__ - INFO - 🔌 WebSocket connection removed. Remaining: 0
2026-05-27 18:49:29,352 - __main__ - INFO - 📊 Stats - Uptime: 0:01:02.098331, Messages: 0, Failed: 0, Clients: 0, WS Connections: 0, Broadcast Failures: 0
2026-05-27 18:49:29,437 - __main__ - INFO - 🛑 Shutting down Lab Monitoring System
2026-05-27 18:49:35,997 - __main__ - INFO - 🚀 Starting Lab Monitoring System v2.1.0
2026-05-27 18:49:35,998 - __main__ - INFO - Configuration: USE_MQTT=True, SERVER_PORT=8800
2026-05-27 18:49:38,048 - __main__ - ERROR - Failed to connect MQTT: [WinError 10061] No connection could be made because the target machine actively refused it
2026-05-27 18:49:38,048 - __main__ - WARNING - ⚠️ Running in offline mode - no MQTT data
2026-05-27 18:49:38,050 - __main__ - INFO - 💡 Set USE_MQTT=False in config to run in demo mode
2026-05-27 18:49:42,018 - __main__ - INFO - 🔌 WebSocket connected. Total: 1
2026-05-27 18:49:59,352 - __main__ - INFO - 🔌 WebSocket connection removed. Remaining: 0
2026-05-27 18:49:59,717 - __main__ - INFO - 🔌 WebSocket connected. Total: 1
2026-05-27 18:50:38,058 - __main__ - INFO - 📊 Stats - Uptime: 0:01:02.104665, Messages: 0, Failed: 0, Clients: 0, WS Connections: 1, Broadcast Failures: 0
2026-05-27 18:51:38,082 - __main__ - INFO - 📊 Stats - Uptime: 0:02:02.129671, Messages: 0, Failed: 0, Clients: 0, WS Connections: 1, Broadcast Failures: 0
2026-05-27 18:52:38,066 - __main__ - INFO - 📊 Stats - Uptime: 0:03:02.114117, Messages: 0, Failed: 0, Clients: 0, WS Connections: 1, Broadcast Failures: 0
2026-05-27 18:53:38,079 - __main__ - INFO - 📊 Stats - Uptime: 0:04:02.126642, Messages: 0, Failed: 0, Clients: 0, WS Connections: 1, Broadcast Failures: 0
2026-05-27 18:54:38,083 - __main__ - INFO - 📊 Stats - Uptime: 0:05:02.130800, Messages: 0, Failed: 0, Clients: 0, WS Connections: 1, Broadcast Failures: 0
2026-05-27 18:55:05,625 - __main__ - INFO - 🔌 WebSocket connection removed. Remaining: 0
2026-05-27 18:55:06,003 - __main__ - INFO - 🔌 WebSocket connected. Total: 1
2026-05-27 18:55:38,084 - __main__ - INFO - 📊 Stats - Uptime: 0:06:02.131982, Messages: 0, Failed: 0, Clients: 0, WS Connections: 1, Broadcast Failures: 0
2026-05-27 18:56:38,066 - __main__ - INFO - 📊 Stats - Uptime: 0:07:02.114354, Messages: 0, Failed: 0, Clients: 0, WS Connections: 1, Broadcast Failures: 0
2026-05-27 18:57:38,067 - __main__ - INFO - 📊 Stats - Uptime: 0:08:02.115262, Messages: 0, Failed: 0, Clients: 0, WS Connections: 1, Broadcast Failures: 0
2026-05-27 18:58:38,067 - __main__ - INFO - 📊 Stats - Uptime: 0:09:02.114648, Messages: 0, Failed: 0, Clients: 0, WS Connections: 1, Broadcast Failures: 0
2026-05-27 18:59:38,064 - __main__ - INFO - 📊 Stats - Uptime: 0:10:02.111941, Messages: 0, Failed: 0, Clients: 0, WS Connections: 1, Broadcast Failures: 0
2026-05-27 19:00:38,069 - __main__ - INFO - 📊 Stats - Uptime: 0:11:02.117096, Messages: 0, Failed: 0, Clients: 0, WS Connections: 1, Broadcast Failures: 0
2026-05-27 19:01:38,064 - __main__ - INFO - 📊 Stats - Uptime: 0:12:02.111546, Messages: 0, Failed: 0, Clients: 0, WS Connections: 1, Broadcast Failures: 0
2026-05-27 19:02:38,081 - __main__ - INFO - 📊 Stats - Uptime: 0:13:02.128862, Messages: 0, Failed: 0, Clients: 0, WS Connections: 1, Broadcast Failures: 0
2026-05-27 19:03:38,085 - __main__ - INFO - 📊 Stats - Uptime: 0:14:02.133316, Messages: 0, Failed: 0, Clients: 0, WS Connections: 1, Broadcast Failures: 0
2026-05-27 19:04:38,104 - __main__ - INFO - 📊 Stats - Uptime: 0:15:02.151428, Messages: 0, Failed: 0, Clients: 0, WS Connections: 1, Broadcast Failures: 0
2026-05-27 19:05:38,127 - __main__ - INFO - 📊 Stats - Uptime: 0:16:02.174378, Messages: 0, Failed: 0, Clients: 0, WS Connections: 1, Broadcast Failures: 0
2026-05-27 19:06:38,139 - __main__ - INFO - 📊 Stats - Uptime: 0:17:02.186744, Messages: 0, Failed: 0, Clients: 0, WS Connections: 1, Broadcast Failures: 0
2026-05-27 19:07:38,147 - __main__ - INFO - 📊 Stats - Uptime: 0:18:02.194705, Messages: 0, Failed: 0, Clients: 0, WS Connections: 1, Broadcast Failures: 0
2026-05-27 19:08:13,031 - __main__ - INFO - 🔌 WebSocket connection removed. Remaining: 0
2026-05-27 19:08:13,413 - __main__ - INFO - 🔌 WebSocket connected. Total: 1
2026-05-27 19:08:38,144 - __main__ - INFO - 📊 Stats - Uptime: 0:19:02.191683, Messages: 0, Failed: 0, Clients: 0, WS Connections: 1, Broadcast Failures: 0
2026-05-27 19:09:38,136 - __main__ - INFO - 📊 Stats - Uptime: 0:20:02.183604, Messages: 0, Failed: 0, Clients: 0, WS Connections: 1, Broadcast Failures: 0
2026-05-27 19:10:38,146 - __main__ - INFO - 📊 Stats - Uptime: 0:21:02.194365, Messages: 0, Failed: 0, Clients: 0, WS Connections: 1, Broadcast Failures: 0
2026-05-27 19:10:39,785 - __main__ - INFO - 🔌 WebSocket connection removed. Remaining: 0
2026-05-27 19:10:40,155 - __main__ - INFO - 🔌 WebSocket connected. Total: 1
2026-05-27 19:11:38,153 - __main__ - INFO - 📊 Stats - Uptime: 0:22:02.201069, Messages: 0, Failed: 0, Clients: 0, WS Connections: 1, Broadcast Failures: 0
2026-05-27 19:12:38,159 - __main__ - INFO - 📊 Stats - Uptime: 0:23:02.206599, Messages: 0, Failed: 0, Clients: 0, WS Connections: 1, Broadcast Failures: 0
2026-05-27 19:13:38,157 - __main__ - INFO - 📊 Stats - Uptime: 0:24:02.204550, Messages: 0, Failed: 0, Clients: 0, WS Connections: 1, Broadcast Failures: 0
2026-05-27 19:14:38,170 - __main__ - INFO - 📊 Stats - Uptime: 0:25:02.218161, Messages: 0, Failed: 0, Clients: 0, WS Connections: 1, Broadcast Failures: 0
2026-05-27 19:15:38,174 - __main__ - INFO - 📊 Stats - Uptime: 0:26:02.222045, Messages: 0, Failed: 0, Clients: 0, WS Connections: 1, Broadcast Failures: 0
2026-05-27 19:16:31,697 - __main__ - INFO - 🔌 WebSocket connection removed. Remaining: 0
2026-05-27 19:16:31,802 - __main__ - INFO - 🛑 Shutting down Lab Monitoring System
2026-05-27 19:16:39,976 - __main__ - INFO - 🚀 Starting Lab Monitoring System v2.1.0
2026-05-27 19:16:39,983 - __main__ - INFO - Configuration: USE_MQTT=True, SERVER_PORT=8800
2026-05-27 19:16:42,021 - __main__ - ERROR - Failed to connect MQTT: [WinError 10061] No connection could be made because the target machine actively refused it
2026-05-27 19:16:42,021 - __main__ - WARNING - ⚠️ Running in offline mode - no MQTT data
2026-05-27 19:16:42,022 - __main__ - INFO - 💡 Set USE_MQTT=False in config to run in demo mode
2026-05-27 19:16:44,377 - __main__ - INFO - 🔌 WebSocket connected. Total: 1
2026-05-27 19:17:05,775 - __main__ - INFO - 🔌 WebSocket connection removed. Remaining: 0
2026-05-27 19:17:06,156 - __main__ - INFO - 🔌 WebSocket connected. Total: 1
2026-05-27 19:17:42,017 - __main__ - INFO - 📊 Stats - Uptime: 0:01:02.080722, Messages: 0, Failed: 0, Clients: 0, WS Connections: 1, Broadcast Failures: 0
2026-05-27 19:18:42,033 - __main__ - INFO - 📊 Stats - Uptime: 0:02:02.096767, Messages: 0, Failed: 0, Clients: 0, WS Connections: 1, Broadcast Failures: 0
2026-05-27 19:19:42,053 - __main__ - INFO - 📊 Stats - Uptime: 0:03:02.116487, Messages: 0, Failed: 0, Clients: 0, WS Connections: 1, Broadcast Failures: 0
2026-05-27 19:20:42,046 - __main__ - INFO - 📊 Stats - Uptime: 0:04:02.109898, Messages: 0, Failed: 0, Clients: 0, WS Connections: 1, Broadcast Failures: 0
2026-05-27 19:21:42,048 - __main__ - INFO - 📊 Stats - Uptime: 0:05:02.112005, Messages: 0, Failed: 0, Clients: 0, WS Connections: 1, Broadcast Failures: 0
2026-05-27 19:22:42,050 - __main__ - INFO - 📊 Stats - Uptime: 0:06:02.114300, Messages: 0, Failed: 0, Clients: 0, WS Connections: 1, Broadcast Failures: 0
2026-05-27 19:23:13,568 - __main__ - INFO - 🔌 WebSocket connection removed. Remaining: 0
2026-05-27 19:23:13,659 - __main__ - INFO - 🛑 Shutting down Lab Monitoring System
2026-05-27 19:23:16,640 - __main__ - INFO - 🚀 Starting Lab Monitoring System v2.1.0
2026-05-27 19:23:16,640 - __main__ - INFO - Configuration: USE_MQTT=True, SERVER_PORT=8800
2026-05-27 19:23:18,689 - __main__ - ERROR - Failed to connect MQTT: [WinError 10061] No connection could be made because the target machine actively refused it
2026-05-27 19:23:18,690 - __main__ - WARNING - ⚠️ Running in offline mode - no MQTT data
2026-05-27 19:23:18,690 - __main__ - INFO - 💡 Set USE_MQTT=False in config to run in demo mode
2026-05-27 19:23:20,581 - __main__ - INFO - 🔌 WebSocket connected. Total: 1
2026-05-27 19:24:18,698 - __main__ - INFO - 📊 Stats - Uptime: 0:01:02.095399, Messages: 0, Failed: 0, Clients: 0, WS Connections: 1, Broadcast Failures: 0
2026-05-27 19:25:18,704 - __main__ - INFO - 📊 Stats - Uptime: 0:02:02.101978, Messages: 0, Failed: 0, Clients: 0, WS Connections: 1, Broadcast Failures: 0
2026-05-27 19:26:18,712 - __main__ - INFO - 📊 Stats - Uptime: 0:03:02.109868, Messages: 0, Failed: 0, Clients: 0, WS Connections: 1, Broadcast Failures: 0
2026-05-27 19:26:38,869 - __main__ - INFO - 🔌 WebSocket connection removed. Remaining: 0
2026-05-27 19:26:38,980 - __main__ - INFO - 🛑 Shutting down Lab Monitoring System
2026-05-27 19:26:42,285 - __main__ - INFO - 🚀 Starting Lab Monitoring System v2.1.0
2026-05-27 19:26:42,285 - __main__ - INFO - Configuration: USE_MQTT=True, SERVER_PORT=8800
2026-05-27 19:26:42,300 - __main__ - INFO - 🚀 MQTT client started
2026-05-27 19:26:42,300 - __main__ - INFO - ✅ Connected to MQTT Broker at localhost:1883
2026-05-27 19:26:42,300 - __main__ - INFO - 📡 Subscribed to: lab/monitoring/+
2026-05-27 19:26:42,625 - __main__ - INFO - 🔌 WebSocket connected. Total: 1
2026-05-27 19:27:42,319 - __main__ - INFO - 📊 Stats - Uptime: 0:01:00.074761, Messages: 1, Failed: 0, Clients: 1, WS Connections: 1, Broadcast Failures: 0
2026-05-27 19:28:42,325 - __main__ - INFO - 📊 Stats - Uptime: 0:02:00.080077, Messages: 1, Failed: 0, Clients: 1, WS Connections: 1, Broadcast Failures: 0
2026-05-27 19:29:36,319 - __main__ - INFO - 🔌 WebSocket connection removed. Remaining: 0
2026-05-27 19:29:36,704 - __main__ - INFO - 🔌 WebSocket connected. Total: 1
2026-05-27 19:29:42,312 - __main__ - INFO - 📊 Stats - Uptime: 0:03:00.067400, Messages: 1, Failed: 0, Clients: 1, WS Connections: 1, Broadcast Failures: 0
2026-05-27 19:30:42,325 - __main__ - INFO - 📊 Stats - Uptime: 0:04:00.080802, Messages: 1, Failed: 0, Clients: 1, WS Connections: 1, Broadcast Failures: 0
2026-05-27 19:31:42,341 - __main__ - INFO - 📊 Stats - Uptime: 0:05:00.096158, Messages: 1, Failed: 0, Clients: 1, WS Connections: 1, Broadcast Failures: 0
2026-05-27 19:32:42,363 - __main__ - INFO - 📊 Stats - Uptime: 0:06:00.118129, Messages: 1, Failed: 0, Clients: 1, WS Connections: 1, Broadcast Failures: 0
2026-05-27 19:33:42,366 - __main__ - INFO - 📊 Stats - Uptime: 0:07:00.121331, Messages: 1, Failed: 0, Clients: 1, WS Connections: 1, Broadcast Failures: 0
2026-05-27 19:34:42,368 - __main__ - INFO - 📊 Stats - Uptime: 0:08:00.123674, Messages: 1, Failed: 0, Clients: 1, WS Connections: 1, Broadcast Failures: 0
2026-05-27 19:35:42,378 - __main__ - INFO - 📊 Stats - Uptime: 0:09:00.133601, Messages: 1, Failed: 0, Clients: 1, WS Connections: 1, Broadcast Failures: 0
2026-05-27 19:36:42,379 - __main__ - INFO - 📊 Stats - Uptime: 0:10:00.134776, Messages: 1, Failed: 0, Clients: 1, WS Connections: 1, Broadcast Failures: 0
2026-05-27 19:37:42,375 - __main__ - INFO - 📊 Stats - Uptime: 0:11:00.131026, Messages: 1, Failed: 0, Clients: 1, WS Connections: 1, Broadcast Failures: 0
2026-05-27 19:38:42,378 - __main__ - INFO - 📊 Stats - Uptime: 0:12:00.133739, Messages: 1, Failed: 0, Clients: 1, WS Connections: 1, Broadcast Failures: 0
2026-05-27 19:39:01,372 - __main__ - INFO - 🔌 WebSocket connection removed. Remaining: 0
2026-05-27 19:39:01,483 - __main__ - INFO - 🛑 Shutting down Lab Monitoring System
2026-05-27 19:39:01,516 - __main__ - WARNING - ⚠️ Disconnected from MQTT Broker (rc=0)
2026-05-27 19:39:01,516 - __main__ - INFO - Will attempt to reconnect in 5 seconds...
2026-05-27 19:40:44,969 - __main__ - INFO - 🚀 Starting Lab Monitoring System v2.1.0
2026-05-27 19:40:44,969 - __main__ - INFO - Configuration: USE_MQTT=True, SERVER_PORT=8800
2026-05-27 19:40:44,975 - __main__ - INFO - 🚀 MQTT client started
2026-05-27 19:40:44,975 - __main__ - INFO - ✅ Connected to MQTT Broker at localhost:1883
2026-05-27 19:40:44,977 - __main__ - INFO - 📡 Subscribed to: lab/monitoring/+
2026-05-27 19:40:51,604 - __main__ - INFO - 🔌 WebSocket connected. Total: 1
2026-05-27 19:41:44,996 - __main__ - INFO - 📊 Stats - Uptime: 0:01:00.059690, Messages: 1, Failed: 0, Clients: 1, WS Connections: 1, Broadcast Failures: 0
2026-05-27 19:42:45,010 - __main__ - INFO - 📊 Stats - Uptime: 0:02:00.073557, Messages: 1, Failed: 0, Clients: 1, WS Connections: 1, Broadcast Failures: 0
2026-05-27 19:43:45,021 - __main__ - INFO - 📊 Stats - Uptime: 0:03:00.084391, Messages: 1, Failed: 0, Clients: 1, WS Connections: 1, Broadcast Failures: 0
2026-05-27 19:44:45,011 - __main__ - INFO - 📊 Stats - Uptime: 0:04:00.073972, Messages: 1, Failed: 0, Clients: 1, WS Connections: 1, Broadcast Failures: 0
2026-05-27 19:44:56,865 - __main__ - INFO - 🔌 WebSocket connection removed. Remaining: 0
2026-05-27 19:44:56,978 - __main__ - INFO - 🛑 Shutting down Lab Monitoring System
2026-05-27 19:44:57,923 - __main__ - WARNING - ⚠️ Disconnected from MQTT Broker (rc=0)
2026-05-27 19:44:57,923 - __main__ - INFO - Will attempt to reconnect in 5 seconds...
2026-05-27 19:45:01,886 - __main__ - INFO - 🚀 Starting Lab Monitoring System v2.1.0
2026-05-27 19:45:01,892 - __main__ - INFO - Configuration: USE_MQTT=True, SERVER_PORT=8800
2026-05-27 19:45:01,917 - __main__ - INFO - 🚀 MQTT client started
2026-05-27 19:45:01,918 - __main__ - INFO - ✅ Connected to MQTT Broker at localhost:1883
2026-05-27 19:45:01,918 - __main__ - INFO - 📡 Subscribed to: lab/monitoring/+
2026-05-27 19:45:03,595 - __main__ - INFO - 🔌 WebSocket connected. Total: 1
2026-05-27 19:45:45,086 - __main__ - INFO - 🔌 WebSocket connection removed. Remaining: 0
2026-05-27 19:45:45,198 - __main__ - INFO - 🛑 Shutting down Lab Monitoring System
2026-05-27 19:45:46,173 - __main__ - WARNING - ⚠️ Disconnected from MQTT Broker (rc=0)
2026-05-27 19:45:46,173 - __main__ - INFO - Will attempt to reconnect in 5 seconds...
2026-05-27 19:45:48,585 - __main__ - INFO - 🚀 Starting Lab Monitoring System v2.1.0
2026-05-27 19:45:48,585 - __main__ - INFO - Configuration: USE_MQTT=True, SERVER_PORT=8800
2026-05-27 19:45:48,616 - __main__ - INFO - 🚀 MQTT client started
2026-05-27 19:45:48,616 - __main__ - INFO - ✅ Connected to MQTT Broker at localhost:1883
2026-05-27 19:45:48,616 - __main__ - INFO - 📡 Subscribed to: lab/monitoring/+
2026-05-27 19:45:49,103 - __main__ - INFO - 🔌 WebSocket connected. Total: 1
2026-05-27 19:46:48,605 - __main__ - INFO - 📊 Stats - Uptime: 0:01:00.053353, Messages: 1, Failed: 0, Clients: 1, WS Connections: 1, Broadcast Failures: 0
2026-05-27 19:47:48,615 - __main__ - INFO - 📊 Stats - Uptime: 0:02:00.062668, Messages: 1, Failed: 0, Clients: 1, WS Connections: 1, Broadcast Failures: 0
2026-05-27 19:48:48,614 - __main__ - INFO - 📊 Stats - Uptime: 0:03:00.061747, Messages: 1, Failed: 0, Clients: 1, WS Connections: 1, Broadcast Failures: 0
2026-05-27 19:49:48,618 - __main__ - INFO - 📊 Stats - Uptime: 0:04:00.066243, Messages: 1, Failed: 0, Clients: 1, WS Connections: 1, Broadcast Failures: 0
2026-05-27 19:50:48,624 - __main__ - INFO - 📊 Stats - Uptime: 0:05:00.071586, Messages: 1, Failed: 0, Clients: 1, WS Connections: 1, Broadcast Failures: 0
2026-05-27 19:51:20,826 - __main__ - INFO - 🔌 WebSocket connection removed. Remaining: 0
2026-05-27 19:51:20,938 - __main__ - INFO - 🛑 Shutting down Lab Monitoring System
2026-05-27 19:51:21,880 - __main__ - WARNING - ⚠️ Disconnected from MQTT Broker (rc=0)
2026-05-27 19:51:21,880 - __main__ - INFO - Will attempt to reconnect in 5 seconds...
2026-05-27 19:55:01,562 - __main__ - INFO - 🚀 Starting Lab Monitoring System v2.1.0
2026-05-27 19:55:01,562 - __main__ - INFO - Configuration: USE_MQTT=True, SERVER_PORT=8800
2026-05-27 19:55:01,583 - __main__ - INFO - 🚀 MQTT client started
2026-05-27 19:55:01,583 - __main__ - INFO - ✅ Connected to MQTT Broker at localhost:1883
2026-05-27 19:55:01,583 - __main__ - INFO - 📡 Subscribed to: lab/monitoring/+
2026-05-27 19:55:09,547 - __main__ - INFO - 🔌 WebSocket connected. Total: 1
2026-05-27 19:56:01,578 - __main__ - INFO - 📊 Stats - Uptime: 0:01:00.046166, Messages: 1, Failed: 0, Clients: 1, WS Connections: 1, Broadcast Failures: 0
2026-05-27 19:57:01,573 - __main__ - INFO - 📊 Stats - Uptime: 0:02:00.041367, Messages: 1, Failed: 0, Clients: 1, WS Connections: 1, Broadcast Failures: 0
2026-05-27 19:58:01,578 - __main__ - INFO - 📊 Stats - Uptime: 0:03:00.046043, Messages: 1, Failed: 0, Clients: 1, WS Connections: 1, Broadcast Failures: 0
2026-05-27 19:59:01,587 - __main__ - INFO - 📊 Stats - Uptime: 0:04:00.055011, Messages: 1, Failed: 0, Clients: 1, WS Connections: 1, Broadcast Failures: 0
2026-05-27 20:00:01,603 - __main__ - INFO - 📊 Stats - Uptime: 0:05:00.071225, Messages: 1, Failed: 0, Clients: 1, WS Connections: 1, Broadcast Failures: 0
2026-05-27 20:01:01,630 - __main__ - INFO - 📊 Stats - Uptime: 0:06:00.098202, Messages: 1, Failed: 0, Clients: 1, WS Connections: 1, Broadcast Failures: 0
2026-05-27 20:02:01,646 - __main__ - INFO - 📊 Stats - Uptime: 0:07:00.114050, Messages: 1, Failed: 0, Clients: 1, WS Connections: 1, Broadcast Failures: 0
2026-05-27 20:03:01,633 - __main__ - INFO - 📊 Stats - Uptime: 0:08:00.100862, Messages: 1, Failed: 0, Clients: 1, WS Connections: 1, Broadcast Failures: 0
2026-05-27 20:04:01,645 - __main__ - INFO - 📊 Stats - Uptime: 0:09:00.113191, Messages: 1, Failed: 0, Clients: 1, WS Connections: 1, Broadcast Failures: 0
2026-05-27 20:05:01,638 - __main__ - INFO - 📊 Stats - Uptime: 0:10:00.106286, Messages: 1, Failed: 0, Clients: 1, WS Connections: 1, Broadcast Failures: 0
2026-05-27 20:06:01,648 - __main__ - INFO - 📊 Stats - Uptime: 0:11:00.115653, Messages: 1, Failed: 0, Clients: 1, WS Connections: 1, Broadcast Failures: 0
2026-05-27 20:06:29,926 - __main__ - INFO - 🔌 WebSocket connection removed. Remaining: 0
2026-05-27 20:06:30,027 - __main__ - INFO - 🛑 Shutting down Lab Monitoring System
2026-05-27 20:06:30,749 - __main__ - WARNING - ⚠️ Disconnected from MQTT Broker (rc=0)
2026-05-27 20:06:30,749 - __main__ - INFO - Will attempt to reconnect in 5 seconds...
2026-05-27 20:10:55,681 - __main__ - INFO - 🚀 Starting Lab Monitoring System v2.1.0
2026-05-27 20:10:55,681 - __main__ - INFO - Configuration: USE_MQTT=True, SERVER_PORT=8800
2026-05-27 20:10:57,727 - __main__ - INFO - 🚀 MQTT client started
2026-05-27 20:10:57,727 - __main__ - INFO - ✅ Connected to MQTT Broker at localhost:1883
2026-05-27 20:10:57,728 - __main__ - INFO - 📡 Subscribed to: lab/monitoring/+
2026-05-27 20:11:00,129 - __main__ - INFO - 🔌 WebSocket connected. Total: 1
2026-05-27 20:11:57,741 - __main__ - INFO - 📊 Stats - Uptime: 0:01:02.098224, Messages: 13, Failed: 0, Clients: 1, WS Connections: 1, Broadcast Failures: 0
2026-05-27 20:12:48,859 - __main__ - INFO - 🔌 WebSocket connection removed. Remaining: 0
2026-05-27 20:12:48,961 - __main__ - INFO - 🛑 Shutting down Lab Monitoring System
2026-05-27 20:12:49,485 - __main__ - WARNING - ⚠️ Disconnected from MQTT Broker (rc=0)
2026-05-27 20:12:49,485 - __main__ - INFO - Will attempt to reconnect in 5 seconds...
2026-05-27 20:13:10,058 - __main__ - INFO - 🚀 Starting Lab Monitoring System v2.1.0
2026-05-27 20:13:10,058 - __main__ - INFO - Configuration: USE_MQTT=True, SERVER_PORT=8800
2026-05-27 20:13:12,085 - __main__ - INFO - 🚀 MQTT client started
2026-05-27 20:13:12,085 - __main__ - INFO - ✅ Connected to MQTT Broker at localhost:1883
2026-05-27 20:13:12,085 - __main__ - INFO - 📡 Subscribed to: lab/monitoring/+
2026-05-27 20:13:18,083 - __main__ - INFO - 🔌 WebSocket connected. Total: 1
2026-05-27 20:14:12,084 - __main__ - INFO - 📊 Stats - Uptime: 0:01:02.057316, Messages: 14, Failed: 0, Clients: 1, WS Connections: 1, Broadcast Failures: 0
2026-05-27 20:15:12,079 - __main__ - INFO - 📊 Stats - Uptime: 0:02:02.052249, Messages: 37, Failed: 0, Clients: 1, WS Connections: 1, Broadcast Failures: 0
2026-05-27 20:16:12,080 - __main__ - INFO - 📊 Stats - Uptime: 0:03:02.052325, Messages: 60, Failed: 0, Clients: 1, WS Connections: 1, Broadcast Failures: 0
2026-05-27 20:17:12,072 - __main__ - INFO - 📊 Stats - Uptime: 0:04:02.045719, Messages: 83, Failed: 0, Clients: 1, WS Connections: 1, Broadcast Failures: 0
2026-05-27 20:18:12,083 - __main__ - INFO - 📊 Stats - Uptime: 0:05:02.056272, Messages: 89, Failed: 0, Clients: 1, WS Connections: 1, Broadcast Failures: 0
2026-05-27 20:19:12,079 - __main__ - INFO - 📊 Stats - Uptime: 0:06:02.052493, Messages: 112, Failed: 0, Clients: 1, WS Connections: 1, Broadcast Failures: 0
2026-05-27 20:20:12,091 - __main__ - INFO - 📊 Stats - Uptime: 0:07:02.064351, Messages: 135, Failed: 0, Clients: 1, WS Connections: 1, Broadcast Failures: 0
2026-05-27 20:21:12,110 - __main__ - INFO - 📊 Stats - Uptime: 0:08:02.083928, Messages: 163, Failed: 0, Clients: 2, WS Connections: 1, Broadcast Failures: 0
2026-05-27 20:22:12,113 - __main__ - INFO - 📊 Stats - Uptime: 0:09:02.086268, Messages: 199, Failed: 0, Clients: 2, WS Connections: 1, Broadcast Failures: 0
2026-05-27 20:22:23,318 - __main__ - WARNING - ⚠️ Disconnected from MQTT Broker (rc=7)
2026-05-27 20:22:23,319 - __main__ - INFO - Will attempt to reconnect in 5 seconds...
2026-05-27 20:22:31,506 - __main__ - INFO - 🔌 WebSocket connection removed. Remaining: 0
2026-05-27 20:22:31,947 - __main__ - INFO - 🔌 WebSocket connected. Total: 1
2026-05-27 20:23:12,116 - __main__ - INFO - 📊 Stats - Uptime: 0:10:02.089935, Messages: 205, Failed: 0, Clients: 2, WS Connections: 1, Broadcast Failures: 0
2026-05-27 20:23:57,922 - __main__ - INFO - 🔌 WebSocket connection removed. Remaining: 0
2026-05-27 20:23:58,038 - __main__ - INFO - 🛑 Shutting down Lab Monitoring System
2026-05-27 20:26:24,906 - __main__ - INFO - 🚀 Starting Lab Monitoring System v2.1.0
2026-05-27 20:26:24,906 - __main__ - INFO - Configuration: USE_MQTT=True, SERVER_PORT=8800
2026-05-27 20:26:26,962 - __main__ - INFO - 🚀 MQTT client started
2026-05-27 20:26:26,963 - __main__ - INFO - ✅ Connected to MQTT Broker at localhost:1883
2026-05-27 20:26:26,965 - __main__ - INFO - 📡 Subscribed to: lab/monitoring/+
2026-05-27 20:26:31,104 - __main__ - INFO - 🔌 WebSocket connected. Total: 1
2026-05-27 20:27:26,971 - __main__ - INFO - 📊 Stats - Uptime: 0:01:02.113941, Messages: 24, Failed: 0, Clients: 2, WS Connections: 1, Broadcast Failures: 0
2026-05-27 20:28:26,974 - __main__ - INFO - 📊 Stats - Uptime: 0:02:02.116545, Messages: 58, Failed: 0, Clients: 2, WS Connections: 1, Broadcast Failures: 0
2026-05-27 20:28:59,603 - __main__ - WARNING - ⚠️ Disconnected from MQTT Broker (rc=7)
2026-05-27 20:28:59,603 - __main__ - INFO - Will attempt to reconnect in 5 seconds...
2026-05-27 20:29:05,640 - __main__ - INFO - 🔌 WebSocket connection removed. Remaining: 0
2026-05-27 20:29:05,751 - __main__ - INFO - 🛑 Shutting down Lab Monitoring System
2026-05-27 20:30:03,137 - __main__ - INFO - 🚀 Starting Lab Monitoring System v2.1.0
2026-05-27 20:30:03,137 - __main__ - INFO - Configuration: USE_MQTT=True, SERVER_PORT=8800
2026-05-27 20:30:05,198 - __main__ - INFO - 🚀 MQTT client started
2026-05-27 20:30:05,198 - __main__ - INFO - ✅ Connected to MQTT Broker at localhost:1883
2026-05-27 20:30:05,198 - __main__ - INFO - 📡 Subscribed to: lab/monitoring/+
2026-05-27 20:30:21,592 - __main__ - INFO - 🔌 WebSocket connected. Total: 1
2026-05-27 20:31:05,207 - __main__ - INFO - 📊 Stats - Uptime: 0:01:02.113847, Messages: 18, Failed: 0, Clients: 2, WS Connections: 1, Broadcast Failures: 0
2026-05-27 20:32:05,199 - __main__ - INFO - 📊 Stats - Uptime: 0:02:02.105093, Messages: 29, Failed: 0, Clients: 2, WS Connections: 1, Broadcast Failures: 0
2026-05-27 20:33:05,216 - __main__ - INFO - 📊 Stats - Uptime: 0:03:02.121951, Messages: 40, Failed: 0, Clients: 2, WS Connections: 1, Broadcast Failures: 0
2026-05-27 20:34:39,601 - __main__ - INFO - 🚀 Starting Lab Monitoring System v2.1.0
2026-05-27 20:34:39,601 - __main__ - INFO - Configuration: USE_MQTT=True, SERVER_PORT=8800
2026-05-27 20:34:41,657 - __main__ - INFO - 🚀 MQTT client started
2026-05-27 20:34:41,657 - __main__ - INFO - ✅ Connected to MQTT Broker at localhost:1883
2026-05-27 20:34:41,657 - __main__ - INFO - 📡 Subscribed to: lab/monitoring/+
2026-05-27 20:35:17,574 - __main__ - INFO - 🔌 WebSocket connected. Total: 1
2026-05-27 20:35:41,671 - __main__ - INFO - 📊 Stats - Uptime: 0:01:02.182685, Messages: 14, Failed: 0, Clients: 1, WS Connections: 1, Broadcast Failures: 0
2026-05-27 20:36:41,662 - __main__ - INFO - 📊 Stats - Uptime: 0:02:02.173595, Messages: 28, Failed: 0, Clients: 1, WS Connections: 1, Broadcast Failures: 0
2026-05-27 20:36:47,755 - __main__ - INFO - 🔌 WebSocket connection removed. Remaining: 0
2026-05-27 20:36:48,213 - __main__ - INFO - 🔌 WebSocket connected. Total: 1
2026-05-27 20:37:41,670 - __main__ - INFO - 📊 Stats - Uptime: 0:03:02.181185, Messages: 43, Failed: 0, Clients: 1, WS Connections: 1, Broadcast Failures: 0
2026-05-27 20:38:41,675 - __main__ - INFO - 📊 Stats - Uptime: 0:04:02.186146, Messages: 59, Failed: 0, Clients: 1, WS Connections: 1, Broadcast Failures: 0
2026-05-27 20:39:41,674 - __main__ - INFO - 📊 Stats - Uptime: 0:05:02.185624, Messages: 74, Failed: 0, Clients: 1, WS Connections: 1, Broadcast Failures: 0
2026-05-27 20:40:41,670 - __main__ - INFO - 📊 Stats - Uptime: 0:06:02.181116, Messages: 88, Failed: 0, Clients: 1, WS Connections: 1, Broadcast Failures: 0
2026-05-27 20:41:41,671 - __main__ - INFO - 📊 Stats - Uptime: 0:07:02.182587, Messages: 104, Failed: 0, Clients: 1, WS Connections: 1, Broadcast Failures: 0
2026-05-27 20:42:41,690 - __main__ - INFO - 📊 Stats - Uptime: 0:08:02.201591, Messages: 119, Failed: 0, Clients: 1, WS Connections: 1, Broadcast Failures: 0
2026-05-27 20:43:41,690 - __main__ - INFO - 📊 Stats - Uptime: 0:09:02.201341, Messages: 135, Failed: 0, Clients: 1, WS Connections: 1, Broadcast Failures: 0
2026-05-27 20:44:41,691 - __main__ - INFO - 📊 Stats - Uptime: 0:10:02.202824, Messages: 150, Failed: 0, Clients: 1, WS Connections: 1, Broadcast Failures: 0
2026-05-27 20:44:54,844 - __main__ - WARNING - ⚠️ Disconnected from MQTT Broker (rc=7)
2026-05-27 20:44:54,844 - __main__ - INFO - Will attempt to reconnect in 5 seconds...
2026-05-27 20:45:11,997 - __main__ - INFO - ✅ Connected to MQTT Broker at localhost:1883
2026-05-27 20:45:11,997 - __main__ - INFO - 📡 Subscribed to: lab/monitoring/+
2026-05-27 20:45:41,689 - __main__ - INFO - 📊 Stats - Uptime: 0:11:02.200761, Messages: 165, Failed: 0, Clients: 2, WS Connections: 1, Broadcast Failures: 0
2026-05-27 20:46:41,689 - __main__ - INFO - 📊 Stats - Uptime: 0:12:02.200541, Messages: 203, Failed: 0, Clients: 2, WS Connections: 1, Broadcast Failures: 0
2026-05-27 20:47:41,688 - __main__ - INFO - 📊 Stats - Uptime: 0:13:02.199334, Messages: 242, Failed: 0, Clients: 2, WS Connections: 1, Broadcast Failures: 0
2026-05-27 20:48:41,694 - __main__ - INFO - 📊 Stats - Uptime: 0:14:02.205426, Messages: 281, Failed: 0, Clients: 2, WS Connections: 1, Broadcast Failures: 0
2026-05-27 20:49:41,694 - __main__ - INFO - 📊 Stats - Uptime: 0:15:02.204986, Messages: 320, Failed: 0, Clients: 2, WS Connections: 1, Broadcast Failures: 0
2026-05-27 20:50:41,703 - __main__ - INFO - 📊 Stats - Uptime: 0:16:02.213911, Messages: 358, Failed: 0, Clients: 2, WS Connections: 1, Broadcast Failures: 0
2026-05-27 20:51:41,706 - __main__ - INFO - 📊 Stats - Uptime: 0:17:02.217572, Messages: 396, Failed: 0, Clients: 2, WS Connections: 1, Broadcast Failures: 0
2026-05-27 20:52:41,718 - __main__ - INFO - 📊 Stats - Uptime: 0:18:02.228961, Messages: 435, Failed: 0, Clients: 2, WS Connections: 1, Broadcast Failures: 0
2026-05-27 20:53:41,733 - __main__ - INFO - 📊 Stats - Uptime: 0:19:02.244457, Messages: 474, Failed: 0, Clients: 2, WS Connections: 1, Broadcast Failures: 0
2026-05-27 20:54:41,733 - __main__ - INFO - 📊 Stats - Uptime: 0:20:02.243948, Messages: 513, Failed: 0, Clients: 2, WS Connections: 1, Broadcast Failures: 0
2026-05-27 20:55:41,742 - __main__ - INFO - 📊 Stats - Uptime: 0:21:02.252896, Messages: 552, Failed: 0, Clients: 2, WS Connections: 1, Broadcast Failures: 0
2026-05-27 20:56:41,753 - __main__ - INFO - 📊 Stats - Uptime: 0:22:02.264443, Messages: 591, Failed: 0, Clients: 2, WS Connections: 1, Broadcast Failures: 0
2026-05-27 20:57:41,763 - __main__ - INFO - 📊 Stats - Uptime: 0:23:02.274612, Messages: 630, Failed: 0, Clients: 2, WS Connections: 1, Broadcast Failures: 0
2026-05-27 20:58:41,780 - __main__ - INFO - 📊 Stats - Uptime: 0:24:02.291463, Messages: 670, Failed: 0, Clients: 2, WS Connections: 1, Broadcast Failures: 0
2026-05-27 20:59:41,791 - __main__ - INFO - 📊 Stats - Uptime: 0:25:02.302355, Messages: 715, Failed: 0, Clients: 3, WS Connections: 1, Broadcast Failures: 0
2026-05-27 21:00:41,789 - __main__ - INFO - 📊 Stats - Uptime: 0:26:02.300763, Messages: 775, Failed: 0, Clients: 3, WS Connections: 1, Broadcast Failures: 0
2026-05-27 21:01:41,811 - __main__ - INFO - 📊 Stats - Uptime: 0:27:02.322032, Messages: 836, Failed: 0, Clients: 3, WS Connections: 1, Broadcast Failures: 0
2026-05-27 21:02:41,823 - __main__ - INFO - 📊 Stats - Uptime: 0:28:02.334702, Messages: 896, Failed: 0, Clients: 3, WS Connections: 1, Broadcast Failures: 0
2026-05-27 21:03:41,814 - __main__ - INFO - 📊 Stats - Uptime: 0:29:02.325319, Messages: 955, Failed: 0, Clients: 3, WS Connections: 1, Broadcast Failures: 0
2026-05-27 21:04:41,821 - __main__ - INFO - 📊 Stats - Uptime: 0:30:02.332293, Messages: 1013, Failed: 0, Clients: 3, WS Connections: 1, Broadcast Failures: 0
2026-05-27 21:05:41,827 - __main__ - INFO - 📊 Stats - Uptime: 0:31:02.337949, Messages: 1073, Failed: 0, Clients: 3, WS Connections: 1, Broadcast Failures: 0
2026-05-27 21:06:41,833 - __main__ - INFO - 📊 Stats - Uptime: 0:32:02.344498, Messages: 1134, Failed: 0, Clients: 3, WS Connections: 1, Broadcast Failures: 0
2026-05-27 21:07:41,834 - __main__ - INFO - 📊 Stats - Uptime: 0:33:02.345265, Messages: 1195, Failed: 0, Clients: 3, WS Connections: 1, Broadcast Failures: 0
2026-05-27 21:08:41,836 - __main__ - INFO - 📊 Stats - Uptime: 0:34:02.347205, Messages: 1256, Failed: 0, Clients: 3, WS Connections: 1, Broadcast Failures: 0
2026-05-27 21:09:41,845 - __main__ - INFO - 📊 Stats - Uptime: 0:35:02.356489, Messages: 1316, Failed: 0, Clients: 3, WS Connections: 1, Broadcast Failures: 0
2026-05-27 21:10:41,846 - __main__ - INFO - 📊 Stats - Uptime: 0:36:02.357138, Messages: 1377, Failed: 0, Clients: 3, WS Connections: 1, Broadcast Failures: 0
2026-05-27 21:11:41,839 - __main__ - INFO - 📊 Stats - Uptime: 0:37:02.350302, Messages: 1437, Failed: 0, Clients: 3, WS Connections: 1, Broadcast Failures: 0
2026-05-27 21:12:41,857 - __main__ - INFO - 📊 Stats - Uptime: 0:38:02.367928, Messages: 1499, Failed: 0, Clients: 3, WS Connections: 1, Broadcast Failures: 0
2026-05-27 21:13:41,863 - __main__ - INFO - 📊 Stats - Uptime: 0:39:02.374487, Messages: 1559, Failed: 0, Clients: 3, WS Connections: 1, Broadcast Failures: 0
2026-05-27 21:14:41,857 - __main__ - INFO - 📊 Stats - Uptime: 0:40:02.367696, Messages: 1620, Failed: 0, Clients: 3, WS Connections: 1, Broadcast Failures: 0
2026-05-27 21:15:41,861 - __main__ - INFO - 📊 Stats - Uptime: 0:41:02.372780, Messages: 1680, Failed: 0, Clients: 3, WS Connections: 1, Broadcast Failures: 0
2026-05-27 21:16:41,864 - __main__ - INFO - 📊 Stats - Uptime: 0:42:02.375467, Messages: 1739, Failed: 0, Clients: 3, WS Connections: 1, Broadcast Failures: 0
2026-05-27 21:17:41,864 - __main__ - INFO - 📊 Stats - Uptime: 0:43:02.375183, Messages: 1799, Failed: 0, Clients: 3, WS Connections: 1, Broadcast Failures: 0
2026-05-27 21:18:41,868 - __main__ - INFO - 📊 Stats - Uptime: 0:44:02.379746, Messages: 1861, Failed: 0, Clients: 3, WS Connections: 1, Broadcast Failures: 0
2026-05-27 21:19:41,873 - __main__ - INFO - 📊 Stats - Uptime: 0:45:02.383998, Messages: 1921, Failed: 0, Clients: 3, WS Connections: 1, Broadcast Failures: 0
2026-05-27 21:20:41,883 - __main__ - INFO - 📊 Stats - Uptime: 0:46:02.394425, Messages: 1983, Failed: 0, Clients: 3, WS Connections: 1, Broadcast Failures: 0
2026-05-27 21:21:41,889 - __main__ - INFO - 📊 Stats - Uptime: 0:47:02.400596, Messages: 2043, Failed: 0, Clients: 3, WS Connections: 1, Broadcast Failures: 0
2026-05-27 21:22:41,891 - __main__ - INFO - 📊 Stats - Uptime: 0:48:02.402118, Messages: 2103, Failed: 0, Clients: 3, WS Connections: 1, Broadcast Failures: 0
2026-05-27 21:23:41,897 - __main__ - INFO - 📊 Stats - Uptime: 0:49:02.408601, Messages: 2164, Failed: 0, Clients: 3, WS Connections: 1, Broadcast Failures: 0
2026-05-27 21:24:41,917 - __main__ - INFO - 📊 Stats - Uptime: 0:50:02.428440, Messages: 2225, Failed: 0, Clients: 3, WS Connections: 1, Broadcast Failures: 0
2026-05-27 21:25:41,916 - __main__ - INFO - 📊 Stats - Uptime: 0:51:02.427522, Messages: 2284, Failed: 0, Clients: 3, WS Connections: 1, Broadcast Failures: 0
2026-05-27 21:26:41,931 - __main__ - INFO - 📊 Stats - Uptime: 0:52:02.442309, Messages: 2345, Failed: 0, Clients: 3, WS Connections: 1, Broadcast Failures: 0
2026-05-27 21:27:41,942 - __main__ - INFO - 📊 Stats - Uptime: 0:53:02.453819, Messages: 2405, Failed: 0, Clients: 3, WS Connections: 1, Broadcast Failures: 0
2026-05-27 21:28:30,638 - __main__ - INFO - 🔌 WebSocket connection removed. Remaining: 0
2026-05-27 21:28:31,396 - __main__ - INFO - 🔌 WebSocket connected. Total: 1
2026-05-27 21:28:41,948 - __main__ - INFO - 📊 Stats - Uptime: 0:54:02.459838, Messages: 2465, Failed: 0, Clients: 3, WS Connections: 1, Broadcast Failures: 0
2026-05-27 21:29:41,945 - __main__ - INFO - 📊 Stats - Uptime: 0:55:02.456788, Messages: 2525, Failed: 0, Clients: 3, WS Connections: 1, Broadcast Failures: 0
2026-05-27 21:30:41,950 - __main__ - INFO - 📊 Stats - Uptime: 0:56:02.461835, Messages: 2586, Failed: 0, Clients: 3, WS Connections: 1, Broadcast Failures: 0
2026-05-27 21:31:41,956 - __main__ - INFO - 📊 Stats - Uptime: 0:57:02.467036, Messages: 2645, Failed: 0, Clients: 3, WS Connections: 1, Broadcast Failures: 0
2026-05-27 21:32:36,940 - __main__ - INFO - 🔌 WebSocket connection removed. Remaining: 0
2026-05-27 21:32:37,336 - __main__ - INFO - 🔌 WebSocket connected. Total: 1
2026-05-27 21:32:41,953 - __main__ - INFO - 📊 Stats - Uptime: 0:58:02.464290, Messages: 2705, Failed: 0, Clients: 3, WS Connections: 1, Broadcast Failures: 0
2026-05-27 21:33:41,954 - __main__ - INFO - 📊 Stats - Uptime: 0:59:02.465834, Messages: 2765, Failed: 0, Clients: 3, WS Connections: 1, Broadcast Failures: 0
2026-05-27 21:34:41,962 - __main__ - INFO - 📊 Stats - Uptime: 1:00:02.473437, Messages: 2825, Failed: 0, Clients: 3, WS Connections: 1, Broadcast Failures: 0
2026-05-27 21:35:41,974 - __main__ - INFO - 📊 Stats - Uptime: 1:01:02.484695, Messages: 2883, Failed: 0, Clients: 3, WS Connections: 1, Broadcast Failures: 0
2026-05-27 21:36:41,973 - __main__ - INFO - 📊 Stats - Uptime: 1:02:02.484761, Messages: 2944, Failed: 0, Clients: 3, WS Connections: 1, Broadcast Failures: 0
2026-05-27 21:37:41,972 - __main__ - INFO - 📊 Stats - Uptime: 1:03:02.482386, Messages: 3001, Failed: 0, Clients: 3, WS Connections: 1, Broadcast Failures: 0
2026-05-27 21:38:41,965 - __main__ - INFO - 📊 Stats - Uptime: 1:04:02.476062, Messages: 3061, Failed: 0, Clients: 3, WS Connections: 1, Broadcast Failures: 0
2026-05-27 21:39:41,980 - __main__ - INFO - 📊 Stats - Uptime: 1:05:02.491075, Messages: 3136, Failed: 0, Clients: 3, WS Connections: 1, Broadcast Failures: 0
2026-05-27 21:40:41,992 - __main__ - INFO - 📊 Stats - Uptime: 1:06:02.503052, Messages: 3220, Failed: 0, Clients: 3, WS Connections: 1, Broadcast Failures: 0
2026-05-27 21:41:41,997 - __main__ - INFO - 📊 Stats - Uptime: 1:07:02.508371, Messages: 3312, Failed: 0, Clients: 3, WS Connections: 1, Broadcast Failures: 0
2026-05-27 21:42:42,009 - __main__ - INFO - 📊 Stats - Uptime: 1:08:02.520454, Messages: 3404, Failed: 0, Clients: 3, WS Connections: 1, Broadcast Failures: 0
2026-05-27 21:43:42,018 - __main__ - INFO - 📊 Stats - Uptime: 1:09:02.529022, Messages: 3501, Failed: 0, Clients: 3, WS Connections: 1, Broadcast Failures: 0
2026-05-27 21:44:42,037 - __main__ - INFO - 📊 Stats - Uptime: 1:10:02.548170, Messages: 3597, Failed: 0, Clients: 3, WS Connections: 1, Broadcast Failures: 0
2026-05-27 21:45:42,032 - __main__ - INFO - 📊 Stats - Uptime: 1:11:02.543220, Messages: 3686, Failed: 0, Clients: 3, WS Connections: 1, Broadcast Failures: 0
2026-05-27 21:46:42,039 - __main__ - INFO - 📊 Stats - Uptime: 1:12:02.550343, Messages: 3775, Failed: 0, Clients: 3, WS Connections: 1, Broadcast Failures: 0
2026-05-27 21:47:42,037 - __main__ - INFO - 📊 Stats - Uptime: 1:13:02.548824, Messages: 3856, Failed: 0, Clients: 3, WS Connections: 1, Broadcast Failures: 0
2026-05-27 21:48:42,033 - __main__ - INFO - 📊 Stats - Uptime: 1:14:02.543905, Messages: 3923, Failed: 0, Clients: 3, WS Connections: 1, Broadcast Failures: 0
2026-05-27 21:49:42,024 - __main__ - INFO - 📊 Stats - Uptime: 1:15:02.535254, Messages: 4011, Failed: 0, Clients: 3, WS Connections: 1, Broadcast Failures: 0
2026-05-27 21:50:42,032 - __main__ - INFO - 📊 Stats - Uptime: 1:16:02.543114, Messages: 4102, Failed: 0, Clients: 3, WS Connections: 1, Broadcast Failures: 0
2026-05-27 21:51:42,027 - __main__ - INFO - 📊 Stats - Uptime: 1:17:02.538836, Messages: 4193, Failed: 0, Clients: 3, WS Connections: 1, Broadcast Failures: 0
2026-05-27 21:52:42,046 - __main__ - INFO - 📊 Stats - Uptime: 1:18:02.556925, Messages: 4284, Failed: 0, Clients: 3, WS Connections: 1, Broadcast Failures: 0
2026-05-27 21:53:42,041 - __main__ - INFO - 📊 Stats - Uptime: 1:19:02.552826, Messages: 4372, Failed: 0, Clients: 3, WS Connections: 1, Broadcast Failures: 0
2026-05-27 21:54:42,042 - __main__ - INFO - 📊 Stats - Uptime: 1:20:02.553028, Messages: 4460, Failed: 0, Clients: 3, WS Connections: 1, Broadcast Failures: 0
2026-05-27 21:55:42,037 - __main__ - INFO - 📊 Stats - Uptime: 1:21:02.548088, Messages: 4546, Failed: 0, Clients: 3, WS Connections: 1, Broadcast Failures: 0
2026-05-27 21:56:42,043 - __main__ - INFO - 📊 Stats - Uptime: 1:22:02.554126, Messages: 4628, Failed: 0, Clients: 3, WS Connections: 1, Broadcast Failures: 0
2026-05-27 21:57:42,060 - __main__ - INFO - 📊 Stats - Uptime: 1:23:02.571483, Messages: 4715, Failed: 0, Clients: 3, WS Connections: 1, Broadcast Failures: 0
2026-05-27 21:58:42,061 - __main__ - INFO - 📊 Stats - Uptime: 1:24:02.572573, Messages: 4805, Failed: 0, Clients: 3, WS Connections: 1, Broadcast Failures: 0
2026-05-27 21:59:42,071 - __main__ - INFO - 📊 Stats - Uptime: 1:25:02.581864, Messages: 4894, Failed: 0, Clients: 3, WS Connections: 1, Broadcast Failures: 0
2026-05-27 22:00:28,136 - __main__ - INFO - 🔌 WebSocket connection removed. Remaining: 0
2026-05-27 22:00:28,559 - __main__ - INFO - 🔌 WebSocket connected. Total: 1
2026-05-27 22:00:42,082 - __main__ - INFO - 📊 Stats - Uptime: 1:26:02.593264, Messages: 4981, Failed: 0, Clients: 3, WS Connections: 1, Broadcast Failures: 0
2026-05-27 22:01:42,094 - __main__ - INFO - 📊 Stats - Uptime: 1:27:02.605539, Messages: 5070, Failed: 0, Clients: 3, WS Connections: 1, Broadcast Failures: 0
2026-05-27 22:02:42,100 - __main__ - INFO - 📊 Stats - Uptime: 1:28:02.611203, Messages: 5160, Failed: 0, Clients: 3, WS Connections: 1, Broadcast Failures: 0
2026-05-27 22:02:49,995 - __main__ - INFO - 🔌 WebSocket connection removed. Remaining: 0
2026-05-27 22:02:50,394 - __main__ - INFO - 🔌 WebSocket connected. Total: 1
2026-05-27 22:03:42,100 - __main__ - INFO - 📊 Stats - Uptime: 1:29:02.611115, Messages: 5248, Failed: 0, Clients: 3, WS Connections: 1, Broadcast Failures: 0
2026-05-27 22:04:42,088 - __main__ - INFO - 📊 Stats - Uptime: 1:30:02.598975, Messages: 5335, Failed: 0, Clients: 3, WS Connections: 1, Broadcast Failures: 0
2026-05-27 22:05:42,097 - __main__ - INFO - 📊 Stats - Uptime: 1:31:02.608273, Messages: 5422, Failed: 0, Clients: 3, WS Connections: 1, Broadcast Failures: 0
2026-05-27 22:06:42,094 - __main__ - INFO - 📊 Stats - Uptime: 1:32:02.605506, Messages: 5506, Failed: 0, Clients: 3, WS Connections: 1, Broadcast Failures: 0
2026-05-27 22:07:42,092 - __main__ - INFO - 📊 Stats - Uptime: 1:33:02.603743, Messages: 5568, Failed: 0, Clients: 3, WS Connections: 1, Broadcast Failures: 0
2026-05-27 22:08:42,105 - __main__ - INFO - 📊 Stats - Uptime: 1:34:02.615888, Messages: 5649, Failed: 0, Clients: 3, WS Connections: 1, Broadcast Failures: 0
2026-05-27 22:09:42,128 - __main__ - INFO - 📊 Stats - Uptime: 1:35:02.639845, Messages: 5731, Failed: 0, Clients: 3, WS Connections: 1, Broadcast Failures: 0
2026-05-27 22:10:42,131 - __main__ - INFO - 📊 Stats - Uptime: 1:36:02.642497, Messages: 5810, Failed: 0, Clients: 3, WS Connections: 1, Broadcast Failures: 0
2026-05-27 22:11:42,127 - __main__ - INFO - 📊 Stats - Uptime: 1:37:02.638494, Messages: 5896, Failed: 0, Clients: 3, WS Connections: 1, Broadcast Failures: 0
2026-05-27 22:12:42,135 - __main__ - INFO - 📊 Stats - Uptime: 1:38:02.645997, Messages: 5986, Failed: 0, Clients: 3, WS Connections: 1, Broadcast Failures: 0
2026-05-27 22:13:42,149 - __main__ - INFO - 📊 Stats - Uptime: 1:39:02.660122, Messages: 6075, Failed: 0, Clients: 3, WS Connections: 1, Broadcast Failures: 0
2026-05-27 22:14:42,157 - __main__ - INFO - 📊 Stats - Uptime: 1:40:02.668470, Messages: 6165, Failed: 0, Clients: 3, WS Connections: 1, Broadcast Failures: 0
2026-05-27 22:15:42,171 - __main__ - INFO - 📊 Stats - Uptime: 1:41:02.682178, Messages: 6252, Failed: 0, Clients: 3, WS Connections: 1, Broadcast Failures: 0
2026-05-27 22:16:42,168 - __main__ - INFO - 📊 Stats - Uptime: 1:42:02.679278, Messages: 6342, Failed: 0, Clients: 3, WS Connections: 1, Broadcast Failures: 0
2026-05-27 22:17:42,181 - __main__ - INFO - 📊 Stats - Uptime: 1:43:02.691992, Messages: 6430, Failed: 0, Clients: 3, WS Connections: 1, Broadcast Failures: 0
2026-05-27 22:18:42,193 - __main__ - INFO - 📊 Stats - Uptime: 1:44:02.703861, Messages: 6519, Failed: 0, Clients: 3, WS Connections: 1, Broadcast Failures: 0
2026-05-27 22:19:42,191 - __main__ - INFO - 📊 Stats - Uptime: 1:45:02.702831, Messages: 6607, Failed: 0, Clients: 3, WS Connections: 1, Broadcast Failures: 0
2026-05-27 22:20:42,191 - __main__ - INFO - 📊 Stats - Uptime: 1:46:02.702567, Messages: 6695, Failed: 0, Clients: 3, WS Connections: 1, Broadcast Failures: 0
2026-05-27 22:21:42,190 - __main__ - INFO - 📊 Stats - Uptime: 1:47:02.701838, Messages: 6786, Failed: 0, Clients: 3, WS Connections: 1, Broadcast Failures: 0
2026-05-27 22:22:42,190 - __main__ - INFO - 📊 Stats - Uptime: 1:48:02.701762, Messages: 6878, Failed: 0, Clients: 3, WS Connections: 1, Broadcast Failures: 0
2026-05-27 22:23:42,189 - __main__ - INFO - 📊 Stats - Uptime: 1:49:02.700049, Messages: 6970, Failed: 0, Clients: 3, WS Connections: 1, Broadcast Failures: 0
2026-05-27 22:24:42,182 - __main__ - INFO - 📊 Stats - Uptime: 1:50:02.693356, Messages: 7063, Failed: 0, Clients: 3, WS Connections: 1, Broadcast Failures: 0
2026-05-27 22:25:42,189 - __main__ - INFO - 📊 Stats - Uptime: 1:51:02.700019, Messages: 7156, Failed: 0, Clients: 3, WS Connections: 1, Broadcast Failures: 0
2026-05-27 22:26:42,182 - __main__ - INFO - 📊 Stats - Uptime: 1:52:02.693737, Messages: 7247, Failed: 0, Clients: 3, WS Connections: 1, Broadcast Failures: 0
2026-05-27 22:27:42,189 - __main__ - INFO - 📊 Stats - Uptime: 1:53:02.700496, Messages: 7341, Failed: 0, Clients: 3, WS Connections: 1, Broadcast Failures: 0
2026-05-27 22:28:42,189 - __main__ - INFO - 📊 Stats - Uptime: 1:54:02.699935, Messages: 7436, Failed: 0, Clients: 3, WS Connections: 1, Broadcast Failures: 0
2026-05-27 22:29:42,189 - __main__ - INFO - 📊 Stats - Uptime: 1:55:02.700709, Messages: 7530, Failed: 0, Clients: 3, WS Connections: 1, Broadcast Failures: 0
2026-05-27 22:30:42,187 - __main__ - INFO - 📊 Stats - Uptime: 1:56:02.698116, Messages: 7624, Failed: 0, Clients: 3, WS Connections: 1, Broadcast Failures: 0
2026-05-27 22:31:42,183 - __main__ - INFO - 📊 Stats - Uptime: 1:57:02.694270, Messages: 7718, Failed: 0, Clients: 3, WS Connections: 1, Broadcast Failures: 0
2026-05-27 22:32:42,204 - __main__ - INFO - 📊 Stats - Uptime: 1:58:02.715683, Messages: 7813, Failed: 0, Clients: 3, WS Connections: 1, Broadcast Failures: 0
2026-05-27 22:33:42,190 - __main__ - INFO - 📊 Stats - Uptime: 1:59:02.701286, Messages: 7904, Failed: 0, Clients: 3, WS Connections: 1, Broadcast Failures: 0
2026-05-27 22:34:42,197 - __main__ - INFO - 📊 Stats - Uptime: 2:00:02.708817, Messages: 7983, Failed: 0, Clients: 3, WS Connections: 1, Broadcast Failures: 0
2026-05-27 22:35:42,207 - __main__ - INFO - 📊 Stats - Uptime: 2:01:02.718150, Messages: 8066, Failed: 0, Clients: 3, WS Connections: 1, Broadcast Failures: 0
2026-05-27 22:36:42,207 - __main__ - INFO - 📊 Stats - Uptime: 2:02:02.718527, Messages: 8155, Failed: 0, Clients: 3, WS Connections: 1, Broadcast Failures: 0
2026-05-27 22:37:42,215 - __main__ - INFO - 📊 Stats - Uptime: 2:03:02.726340, Messages: 8244, Failed: 0, Clients: 3, WS Connections: 1, Broadcast Failures: 0
2026-05-27 22:38:42,211 - __main__ - INFO - 📊 Stats - Uptime: 2:04:02.722573, Messages: 8335, Failed: 0, Clients: 3, WS Connections: 1, Broadcast Failures: 0
2026-05-27 22:39:42,215 - __main__ - INFO - 📊 Stats - Uptime: 2:05:02.726060, Messages: 8424, Failed: 0, Clients: 3, WS Connections: 1, Broadcast Failures: 0
2026-05-27 22:40:42,219 - __main__ - INFO - 📊 Stats - Uptime: 2:06:02.730755, Messages: 8516, Failed: 0, Clients: 3, WS Connections: 1, Broadcast Failures: 0
2026-05-27 22:41:42,218 - __main__ - INFO - 📊 Stats - Uptime: 2:07:02.729189, Messages: 8605, Failed: 0, Clients: 3, WS Connections: 1, Broadcast Failures: 0
2026-05-27 22:42:42,220 - __main__ - INFO - 📊 Stats - Uptime: 2:08:02.731081, Messages: 8692, Failed: 0, Clients: 3, WS Connections: 1, Broadcast Failures: 0
2026-05-27 22:43:42,216 - __main__ - INFO - 📊 Stats - Uptime: 2:09:02.727585, Messages: 8778, Failed: 0, Clients: 3, WS Connections: 1, Broadcast Failures: 0
2026-05-27 22:44:42,230 - __main__ - INFO - 📊 Stats - Uptime: 2:10:02.741477, Messages: 8864, Failed: 0, Clients: 3, WS Connections: 1, Broadcast Failures: 0
2026-05-27 22:45:42,236 - __main__ - INFO - 📊 Stats - Uptime: 2:11:02.746934, Messages: 8950, Failed: 0, Clients: 3, WS Connections: 1, Broadcast Failures: 0
2026-05-27 22:46:42,242 - __main__ - INFO - 📊 Stats - Uptime: 2:12:02.753309, Messages: 9034, Failed: 0, Clients: 3, WS Connections: 1, Broadcast Failures: 0
2026-05-27 22:47:42,260 - __main__ - INFO - 📊 Stats - Uptime: 2:13:02.771286, Messages: 9120, Failed: 0, Clients: 3, WS Connections: 1, Broadcast Failures: 0
2026-05-27 22:48:42,265 - __main__ - INFO - 📊 Stats - Uptime: 2:14:02.776205, Messages: 9213, Failed: 0, Clients: 3, WS Connections: 1, Broadcast Failures: 0
2026-05-27 22:49:42,268 - __main__ - INFO - 📊 Stats - Uptime: 2:15:02.779785, Messages: 9305, Failed: 0, Clients: 3, WS Connections: 1, Broadcast Failures: 0
2026-05-27 22:50:42,274 - __main__ - INFO - 📊 Stats - Uptime: 2:16:02.784869, Messages: 9394, Failed: 0, Clients: 3, WS Connections: 1, Broadcast Failures: 0
2026-05-27 22:51:42,281 - __main__ - INFO - 📊 Stats - Uptime: 2:17:02.792379, Messages: 9486, Failed: 0, Clients: 3, WS Connections: 1, Broadcast Failures: 0
2026-05-27 22:52:42,298 - __main__ - INFO - 📊 Stats - Uptime: 2:18:02.809739, Messages: 9579, Failed: 0, Clients: 3, WS Connections: 1, Broadcast Failures: 0
2026-05-27 22:53:42,295 - __main__ - INFO - 📊 Stats - Uptime: 2:19:02.806455, Messages: 9670, Failed: 0, Clients: 3, WS Connections: 1, Broadcast Failures: 0
2026-05-27 22:54:42,277 - __main__ - INFO - 📊 Stats - Uptime: 2:20:02.788355, Messages: 9764, Failed: 0, Clients: 3, WS Connections: 1, Broadcast Failures: 0
2026-05-27 22:55:42,285 - __main__ - INFO - 📊 Stats - Uptime: 2:21:02.795960, Messages: 9851, Failed: 0, Clients: 3, WS Connections: 1, Broadcast Failures: 0
2026-05-27 22:56:42,301 - __main__ - INFO - 📊 Stats - Uptime: 2:22:02.812376, Messages: 9939, Failed: 0, Clients: 3, WS Connections: 1, Broadcast Failures: 0
2026-05-27 22:57:42,302 - __main__ - INFO - 📊 Stats - Uptime: 2:23:02.812966, Messages: 10030, Failed: 0, Clients: 3, WS Connections: 1, Broadcast Failures: 0
2026-05-27 22:58:42,329 - __main__ - INFO - 📊 Stats - Uptime: 2:24:02.839859, Messages: 10119, Failed: 0, Clients: 3, WS Connections: 1, Broadcast Failures: 0
2026-05-27 22:59:42,305 - __main__ - INFO - 📊 Stats - Uptime: 2:25:02.816626, Messages: 10214, Failed: 0, Clients: 3, WS Connections: 1, Broadcast Failures: 0
2026-05-27 23:00:42,325 - __main__ - INFO - 📊 Stats - Uptime: 2:26:02.836406, Messages: 10307, Failed: 0, Clients: 3, WS Connections: 1, Broadcast Failures: 0
2026-05-27 23:01:42,324 - __main__ - INFO - 📊 Stats - Uptime: 2:27:02.835351, Messages: 10398, Failed: 0, Clients: 3, WS Connections: 1, Broadcast Failures: 0
2026-05-27 23:02:42,333 - __main__ - INFO - 📊 Stats - Uptime: 2:28:02.844372, Messages: 10489, Failed: 0, Clients: 3, WS Connections: 1, Broadcast Failures: 0
2026-05-27 23:03:42,317 - __main__ - INFO - 📊 Stats - Uptime: 2:29:02.828274, Messages: 10581, Failed: 0, Clients: 3, WS Connections: 1, Broadcast Failures: 0
2026-05-27 23:04:42,335 - __main__ - INFO - 📊 Stats - Uptime: 2:30:02.846153, Messages: 10672, Failed: 0, Clients: 3, WS Connections: 1, Broadcast Failures: 0
2026-05-27 23:05:42,356 - __main__ - INFO - 📊 Stats - Uptime: 2:31:02.867757, Messages: 10761, Failed: 0, Clients: 3, WS Connections: 1, Broadcast Failures: 0
2026-05-27 23:06:42,374 - __main__ - INFO - 📊 Stats - Uptime: 2:32:02.885068, Messages: 10851, Failed: 0, Clients: 3, WS Connections: 1, Broadcast Failures: 0
2026-05-27 23:07:42,376 - __main__ - INFO - 📊 Stats - Uptime: 2:33:02.887078, Messages: 10944, Failed: 0, Clients: 3, WS Connections: 1, Broadcast Failures: 0
2026-05-27 23:08:42,376 - __main__ - INFO - 📊 Stats - Uptime: 2:34:02.887320, Messages: 11034, Failed: 0, Clients: 3, WS Connections: 1, Broadcast Failures: 0
2026-05-27 23:09:42,389 - __main__ - INFO - 📊 Stats - Uptime: 2:35:02.900128, Messages: 11124, Failed: 0, Clients: 3, WS Connections: 1, Broadcast Failures: 0
2026-05-27 23:10:42,386 - __main__ - INFO - 📊 Stats - Uptime: 2:36:02.897268, Messages: 11216, Failed: 0, Clients: 3, WS Connections: 1, Broadcast Failures: 0
2026-05-27 23:11:42,400 - __main__ - INFO - 📊 Stats - Uptime: 2:37:02.910947, Messages: 11309, Failed: 0, Clients: 3, WS Connections: 1, Broadcast Failures: 0
2026-05-27 23:12:42,420 - __main__ - INFO - 📊 Stats - Uptime: 2:38:02.931432, Messages: 11392, Failed: 0, Clients: 3, WS Connections: 1, Broadcast Failures: 0
2026-05-27 23:13:42,411 - __main__ - INFO - 📊 Stats - Uptime: 2:39:02.922074, Messages: 11478, Failed: 0, Clients: 3, WS Connections: 1, Broadcast Failures: 0
2026-05-27 23:14:42,415 - __main__ - INFO - 📊 Stats - Uptime: 2:40:02.926776, Messages: 11564, Failed: 0, Clients: 3, WS Connections: 1, Broadcast Failures: 0
2026-05-27 23:15:42,425 - __main__ - INFO - 📊 Stats - Uptime: 2:41:02.936630, Messages: 11647, Failed: 0, Clients: 3, WS Connections: 1, Broadcast Failures: 0
2026-05-27 23:16:42,419 - __main__ - INFO - 📊 Stats - Uptime: 2:42:02.930612, Messages: 11729, Failed: 0, Clients: 3, WS Connections: 1, Broadcast Failures: 0
2026-05-27 23:17:42,428 - __main__ - INFO - 📊 Stats - Uptime: 2:43:02.939169, Messages: 11816, Failed: 0, Clients: 3, WS Connections: 1, Broadcast Failures: 0
2026-05-27 23:18:42,404 - __main__ - INFO - 📊 Stats - Uptime: 2:44:02.915743, Messages: 11901, Failed: 0, Clients: 3, WS Connections: 1, Broadcast Failures: 0
2026-05-27 23:19:42,412 - __main__ - INFO - 📊 Stats - Uptime: 2:45:02.923240, Messages: 11987, Failed: 0, Clients: 3, WS Connections: 1, Broadcast Failures: 0
2026-05-27 23:20:42,416 - __main__ - INFO - 📊 Stats - Uptime: 2:46:02.927565, Messages: 12069, Failed: 0, Clients: 3, WS Connections: 1, Broadcast Failures: 0
2026-05-27 23:21:42,422 - __main__ - INFO - 📊 Stats - Uptime: 2:47:02.933669, Messages: 12152, Failed: 0, Clients: 3, WS Connections: 1, Broadcast Failures: 0
2026-05-27 23:22:42,423 - __main__ - INFO - 📊 Stats - Uptime: 2:48:02.934218, Messages: 12241, Failed: 0, Clients: 3, WS Connections: 1, Broadcast Failures: 0
2026-05-27 23:23:42,423 - __main__ - INFO - 📊 Stats - Uptime: 2:49:02.933915, Messages: 12323, Failed: 0, Clients: 3, WS Connections: 1, Broadcast Failures: 0
2026-05-27 23:24:42,430 - __main__ - INFO - 📊 Stats - Uptime: 2:50:02.941672, Messages: 12404, Failed: 0, Clients: 3, WS Connections: 1, Broadcast Failures: 0
2026-05-27 23:25:42,458 - __main__ - INFO - 📊 Stats - Uptime: 2:51:02.969173, Messages: 12490, Failed: 0, Clients: 3, WS Connections: 1, Broadcast Failures: 0
2026-05-27 23:26:42,466 - __main__ - INFO - 📊 Stats - Uptime: 2:52:02.977530, Messages: 12572, Failed: 0, Clients: 3, WS Connections: 1, Broadcast Failures: 0
2026-05-27 23:27:42,462 - __main__ - INFO - 📊 Stats - Uptime: 2:53:02.973445, Messages: 12659, Failed: 0, Clients: 3, WS Connections: 1, Broadcast Failures: 0
2026-05-27 23:28:42,492 - __main__ - INFO - 📊 Stats - Uptime: 2:54:03.002858, Messages: 12743, Failed: 0, Clients: 3, WS Connections: 1, Broadcast Failures: 0
2026-05-27 23:29:42,491 - __main__ - INFO - 📊 Stats - Uptime: 2:55:03.002141, Messages: 12829, Failed: 0, Clients: 3, WS Connections: 1, Broadcast Failures: 0
2026-05-27 23:30:42,497 - __main__ - INFO - 📊 Stats - Uptime: 2:56:03.008744, Messages: 12915, Failed: 0, Clients: 3, WS Connections: 1, Broadcast Failures: 0
2026-05-27 23:31:42,489 - __main__ - INFO - 📊 Stats - Uptime: 2:57:02.999987, Messages: 13003, Failed: 0, Clients: 3, WS Connections: 1, Broadcast Failures: 0
2026-05-27 23:32:42,481 - __main__ - INFO - 📊 Stats - Uptime: 2:58:02.991873, Messages: 13095, Failed: 0, Clients: 3, WS Connections: 1, Broadcast Failures: 0
2026-05-27 23:33:42,500 - __main__ - INFO - 📊 Stats - Uptime: 2:59:03.011317, Messages: 13186, Failed: 0, Clients: 3, WS Connections: 1, Broadcast Failures: 0
2026-05-27 23:34:42,515 - __main__ - INFO - 📊 Stats - Uptime: 3:00:03.026267, Messages: 13275, Failed: 0, Clients: 3, WS Connections: 1, Broadcast Failures: 0
2026-05-27 23:35:42,536 - __main__ - INFO - 📊 Stats - Uptime: 3:01:03.047191, Messages: 13366, Failed: 0, Clients: 3, WS Connections: 1, Broadcast Failures: 0
2026-05-27 23:36:42,547 - __main__ - INFO - 📊 Stats - Uptime: 3:02:03.058203, Messages: 13455, Failed: 0, Clients: 3, WS Connections: 1, Broadcast Failures: 0
2026-05-27 23:37:42,532 - __main__ - INFO - 📊 Stats - Uptime: 3:03:03.043101, Messages: 13547, Failed: 0, Clients: 3, WS Connections: 1, Broadcast Failures: 0
2026-05-27 23:38:42,527 - __main__ - INFO - 📊 Stats - Uptime: 3:04:03.038749, Messages: 13643, Failed: 0, Clients: 3, WS Connections: 1, Broadcast Failures: 0
2026-05-27 23:39:42,531 - __main__ - INFO - 📊 Stats - Uptime: 3:05:03.042610, Messages: 13739, Failed: 0, Clients: 3, WS Connections: 1, Broadcast Failures: 0
2026-05-27 23:40:42,544 - __main__ - INFO - 📊 Stats - Uptime: 3:06:03.055353, Messages: 13832, Failed: 0, Clients: 3, WS Connections: 1, Broadcast Failures: 0
2026-05-27 23:41:42,550 - __main__ - INFO - 📊 Stats - Uptime: 3:07:03.060938, Messages: 13927, Failed: 0, Clients: 3, WS Connections: 1, Broadcast Failures: 0
2026-05-27 23:42:42,549 - __main__ - INFO - 📊 Stats - Uptime: 3:08:03.060780, Messages: 14024, Failed: 0, Clients: 3, WS Connections: 1, Broadcast Failures: 0
2026-05-27 23:43:42,553 - __main__ - INFO - 📊 Stats - Uptime: 3:09:03.064526, Messages: 14119, Failed: 0, Clients: 3, WS Connections: 1, Broadcast Failures: 0
2026-05-27 23:44:42,542 - __main__ - INFO - 📊 Stats - Uptime: 3:10:03.053728, Messages: 14217, Failed: 0, Clients: 3, WS Connections: 1, Broadcast Failures: 0
2026-05-27 23:45:42,552 - __main__ - INFO - 📊 Stats - Uptime: 3:11:03.063601, Messages: 14316, Failed: 0, Clients: 3, WS Connections: 1, Broadcast Failures: 0
2026-05-27 23:46:42,538 - __main__ - INFO - 📊 Stats - Uptime: 3:12:03.049765, Messages: 14413, Failed: 0, Clients: 3, WS Connections: 1, Broadcast Failures: 0
2026-05-27 23:47:42,541 - __main__ - INFO - 📊 Stats - Uptime: 3:13:03.052391, Messages: 14509, Failed: 0, Clients: 3, WS Connections: 1, Broadcast Failures: 0
2026-05-27 23:48:42,546 - __main__ - INFO - 📊 Stats - Uptime: 3:14:03.057404, Messages: 14609, Failed: 0, Clients: 3, WS Connections: 1, Broadcast Failures: 0
2026-05-27 23:49:42,548 - __main__ - INFO - 📊 Stats - Uptime: 3:15:03.059732, Messages: 14702, Failed: 0, Clients: 3, WS Connections: 1, Broadcast Failures: 0
2026-05-27 23:50:42,547 - __main__ - INFO - 📊 Stats - Uptime: 3:16:03.058723, Messages: 14797, Failed: 0, Clients: 3, WS Connections: 1, Broadcast Failures: 0
2026-05-27 23:51:42,555 - __main__ - INFO - 📊 Stats - Uptime: 3:17:03.066152, Messages: 14895, Failed: 0, Clients: 3, WS Connections: 1, Broadcast Failures: 0
2026-05-27 23:52:42,587 - __main__ - INFO - 📊 Stats - Uptime: 3:18:03.097917, Messages: 14994, Failed: 0, Clients: 3, WS Connections: 1, Broadcast Failures: 0
2026-05-27 23:53:42,587 - __main__ - INFO - 📊 Stats - Uptime: 3:19:03.098830, Messages: 15089, Failed: 0, Clients: 3, WS Connections: 1, Broadcast Failures: 0
2026-05-27 23:54:42,587 - __main__ - INFO - 📊 Stats - Uptime: 3:20:03.098404, Messages: 15182, Failed: 0, Clients: 3, WS Connections: 1, Broadcast Failures: 0
2026-05-27 23:55:42,597 - __main__ - INFO - 📊 Stats - Uptime: 3:21:03.108395, Messages: 15276, Failed: 0, Clients: 3, WS Connections: 1, Broadcast Failures: 0
2026-05-27 23:56:42,596 - __main__ - INFO - 📊 Stats - Uptime: 3:22:03.107210, Messages: 15372, Failed: 0, Clients: 3, WS Connections: 1, Broadcast Failures: 0
2026-05-27 23:57:42,593 - __main__ - INFO - 📊 Stats - Uptime: 3:23:03.104667, Messages: 15467, Failed: 0, Clients: 3, WS Connections: 1, Broadcast Failures: 0
2026-05-27 23:58:42,607 - __main__ - INFO - 📊 Stats - Uptime: 3:24:03.118623, Messages: 15564, Failed: 0, Clients: 3, WS Connections: 1, Broadcast Failures: 0
2026-05-27 23:59:42,611 - __main__ - INFO - 📊 Stats - Uptime: 3:25:03.122775, Messages: 15664, Failed: 0, Clients: 3, WS Connections: 1, Broadcast Failures: 0
2026-05-28 00:00:42,625 - __main__ - INFO - 📊 Stats - Uptime: 3:26:03.136728, Messages: 15760, Failed: 0, Clients: 3, WS Connections: 1, Broadcast Failures: 0
2026-05-28 00:01:42,627 - __main__ - INFO - 📊 Stats - Uptime: 3:27:03.138599, Messages: 15859, Failed: 0, Clients: 3, WS Connections: 1, Broadcast Failures: 0
2026-05-28 00:02:42,627 - __main__ - INFO - 📊 Stats - Uptime: 3:28:03.137996, Messages: 15954, Failed: 0, Clients: 3, WS Connections: 1, Broadcast Failures: 0
2026-05-28 00:03:42,634 - __main__ - INFO - 📊 Stats - Uptime: 3:29:03.144861, Messages: 16047, Failed: 0, Clients: 3, WS Connections: 1, Broadcast Failures: 0
2026-05-28 00:04:42,662 - __main__ - INFO - 📊 Stats - Uptime: 3:30:03.173149, Messages: 16141, Failed: 0, Clients: 3, WS Connections: 1, Broadcast Failures: 0
2026-05-28 00:05:42,670 - __main__ - INFO - 📊 Stats - Uptime: 3:31:03.181280, Messages: 16236, Failed: 0, Clients: 3, WS Connections: 1, Broadcast Failures: 0
2026-05-28 00:06:42,671 - __main__ - INFO - 📊 Stats - Uptime: 3:32:03.181910, Messages: 16330, Failed: 0, Clients: 3, WS Connections: 1, Broadcast Failures: 0
2026-05-28 00:07:42,675 - __main__ - INFO - 📊 Stats - Uptime: 3:33:03.186855, Messages: 16426, Failed: 0, Clients: 3, WS Connections: 1, Broadcast Failures: 0
2026-05-28 00:08:42,679 - __main__ - INFO - 📊 Stats - Uptime: 3:34:03.190506, Messages: 16523, Failed: 0, Clients: 3, WS Connections: 1, Broadcast Failures: 0
2026-05-28 00:09:42,671 - __main__ - INFO - 📊 Stats - Uptime: 3:35:03.182714, Messages: 16620, Failed: 0, Clients: 3, WS Connections: 1, Broadcast Failures: 0
2026-05-28 00:10:42,671 - __main__ - INFO - 📊 Stats - Uptime: 3:36:03.182149, Messages: 16716, Failed: 0, Clients: 3, WS Connections: 1, Broadcast Failures: 0
2026-05-28 00:11:42,677 - __main__ - INFO - 📊 Stats - Uptime: 3:37:03.188059, Messages: 16811, Failed: 0, Clients: 3, WS Connections: 1, Broadcast Failures: 0
2026-05-28 00:12:42,674 - __main__ - INFO - 📊 Stats - Uptime: 3:38:03.185552, Messages: 16909, Failed: 0, Clients: 3, WS Connections: 1, Broadcast Failures: 0
2026-05-28 00:13:42,678 - __main__ - INFO - 📊 Stats - Uptime: 3:39:03.189387, Messages: 17005, Failed: 0, Clients: 3, WS Connections: 1, Broadcast Failures: 0
2026-05-28 00:14:42,671 - __main__ - INFO - 📊 Stats - Uptime: 3:40:03.182637, Messages: 17102, Failed: 0, Clients: 3, WS Connections: 1, Broadcast Failures: 0
2026-05-28 00:15:42,665 - __main__ - INFO - 📊 Stats - Uptime: 3:41:03.176255, Messages: 17201, Failed: 0, Clients: 3, WS Connections: 1, Broadcast Failures: 0
2026-05-28 00:16:42,671 - __main__ - INFO - 📊 Stats - Uptime: 3:42:03.182839, Messages: 17296, Failed: 0, Clients: 3, WS Connections: 1, Broadcast Failures: 0
2026-05-28 00:17:42,669 - __main__ - INFO - 📊 Stats - Uptime: 3:43:03.180023, Messages: 17392, Failed: 0, Clients: 3, WS Connections: 1, Broadcast Failures: 0
2026-05-28 00:18:42,679 - __main__ - INFO - 📊 Stats - Uptime: 3:44:03.190078, Messages: 17489, Failed: 0, Clients: 3, WS Connections: 1, Broadcast Failures: 0
2026-05-28 00:19:42,671 - __main__ - INFO - 📊 Stats - Uptime: 3:45:03.182327, Messages: 17588, Failed: 0, Clients: 3, WS Connections: 1, Broadcast Failures: 0
2026-05-28 00:20:42,657 - __main__ - INFO - 📊 Stats - Uptime: 3:46:03.168547, Messages: 17686, Failed: 0, Clients: 3, WS Connections: 1, Broadcast Failures: 0
2026-05-28 00:21:42,652 - __main__ - INFO - 📊 Stats - Uptime: 3:47:03.163654, Messages: 17783, Failed: 0, Clients: 3, WS Connections: 1, Broadcast Failures: 0
2026-05-28 00:22:42,653 - __main__ - INFO - 📊 Stats - Uptime: 3:48:03.164189, Messages: 17879, Failed: 0, Clients: 3, WS Connections: 1, Broadcast Failures: 0
2026-05-28 00:23:42,676 - __main__ - INFO - 📊 Stats - Uptime: 3:49:03.187428, Messages: 17977, Failed: 0, Clients: 3, WS Connections: 1, Broadcast Failures: 0
2026-05-28 00:24:42,674 - __main__ - INFO - 📊 Stats - Uptime: 3:50:03.185755, Messages: 18076, Failed: 0, Clients: 3, WS Connections: 1, Broadcast Failures: 0
2026-05-28 00:25:42,662 - __main__ - INFO - 📊 Stats - Uptime: 3:51:03.173312, Messages: 18174, Failed: 0, Clients: 3, WS Connections: 1, Broadcast Failures: 0
2026-05-28 00:26:42,654 - __main__ - INFO - 📊 Stats - Uptime: 3:52:03.165096, Messages: 18271, Failed: 0, Clients: 3, WS Connections: 1, Broadcast Failures: 0
2026-05-28 00:27:42,667 - __main__ - INFO - 📊 Stats - Uptime: 3:53:03.178596, Messages: 18369, Failed: 0, Clients: 3, WS Connections: 1, Broadcast Failures: 0
2026-05-28 00:28:42,666 - __main__ - INFO - 📊 Stats - Uptime: 3:54:03.177761, Messages: 18466, Failed: 0, Clients: 3, WS Connections: 1, Broadcast Failures: 0
2026-05-28 00:29:42,675 - __main__ - INFO - 📊 Stats - Uptime: 3:55:03.186802, Messages: 18566, Failed: 0, Clients: 3, WS Connections: 1, Broadcast Failures: 0
2026-05-28 00:30:42,665 - __main__ - INFO - 📊 Stats - Uptime: 3:56:03.176413, Messages: 18660, Failed: 0, Clients: 3, WS Connections: 1, Broadcast Failures: 0
2026-05-28 00:31:42,666 - __main__ - INFO - 📊 Stats - Uptime: 3:57:03.177615, Messages: 18756, Failed: 0, Clients: 3, WS Connections: 1, Broadcast Failures: 0
2026-05-28 00:32:42,684 - __main__ - INFO - 📊 Stats - Uptime: 3:58:03.195325, Messages: 18855, Failed: 0, Clients: 3, WS Connections: 1, Broadcast Failures: 0
2026-05-28 00:33:42,699 - __main__ - INFO - 📊 Stats - Uptime: 3:59:03.210566, Messages: 18952, Failed: 0, Clients: 3, WS Connections: 1, Broadcast Failures: 0
2026-05-28 00:34:42,713 - __main__ - INFO - 📊 Stats - Uptime: 4:00:03.224025, Messages: 19050, Failed: 0, Clients: 3, WS Connections: 1, Broadcast Failures: 0
2026-05-28 00:35:42,718 - __main__ - INFO - 📊 Stats - Uptime: 4:01:03.227442, Messages: 19149, Failed: 0, Clients: 3, WS Connections: 1, Broadcast Failures: 0
2026-05-28 00:36:42,722 - __main__ - INFO - 📊 Stats - Uptime: 4:02:03.233244, Messages: 19246, Failed: 0, Clients: 3, WS Connections: 1, Broadcast Failures: 0
2026-05-28 00:37:42,735 - __main__ - INFO - 📊 Stats - Uptime: 4:03:03.246547, Messages: 19341, Failed: 0, Clients: 3, WS Connections: 1, Broadcast Failures: 0
2026-05-28 00:38:42,732 - __main__ - INFO - 📊 Stats - Uptime: 4:04:03.243532, Messages: 19435, Failed: 0, Clients: 3, WS Connections: 1, Broadcast Failures: 0
2026-05-28 00:39:42,738 - __main__ - INFO - 📊 Stats - Uptime: 4:05:03.249323, Messages: 19525, Failed: 0, Clients: 3, WS Connections: 1, Broadcast Failures: 0
2026-05-28 00:40:42,739 - __main__ - INFO - 📊 Stats - Uptime: 4:06:03.250634, Messages: 19616, Failed: 0, Clients: 3, WS Connections: 1, Broadcast Failures: 0
2026-05-28 00:41:42,746 - __main__ - INFO - 📊 Stats - Uptime: 4:07:03.257841, Messages: 19710, Failed: 0, Clients: 3, WS Connections: 1, Broadcast Failures: 0
2026-05-28 00:42:42,755 - __main__ - INFO - 📊 Stats - Uptime: 4:08:03.265973, Messages: 19801, Failed: 0, Clients: 3, WS Connections: 1, Broadcast Failures: 0
2026-05-28 00:43:42,758 - __main__ - INFO - 📊 Stats - Uptime: 4:09:03.269365, Messages: 19893, Failed: 0, Clients: 3, WS Connections: 1, Broadcast Failures: 0
2026-05-28 00:44:42,770 - __main__ - INFO - 📊 Stats - Uptime: 4:10:03.281699, Messages: 19986, Failed: 0, Clients: 3, WS Connections: 1, Broadcast Failures: 0
2026-05-28 00:45:42,779 - __main__ - INFO - 📊 Stats - Uptime: 4:11:03.289876, Messages: 20077, Failed: 0, Clients: 3, WS Connections: 1, Broadcast Failures: 0
2026-05-28 00:46:42,790 - __main__ - INFO - 📊 Stats - Uptime: 4:12:03.301280, Messages: 20168, Failed: 0, Clients: 3, WS Connections: 1, Broadcast Failures: 0
2026-05-28 00:47:42,785 - __main__ - INFO - 📊 Stats - Uptime: 4:13:03.296215, Messages: 20262, Failed: 0, Clients: 3, WS Connections: 1, Broadcast Failures: 0
2026-05-28 00:48:42,794 - __main__ - INFO - 📊 Stats - Uptime: 4:14:03.305295, Messages: 20352, Failed: 0, Clients: 3, WS Connections: 1, Broadcast Failures: 0
2026-05-28 00:49:42,794 - __main__ - INFO - 📊 Stats - Uptime: 4:15:03.305081, Messages: 20444, Failed: 0, Clients: 3, WS Connections: 1, Broadcast Failures: 0
2026-05-28 00:50:42,799 - __main__ - INFO - 📊 Stats - Uptime: 4:16:03.310288, Messages: 20535, Failed: 0, Clients: 3, WS Connections: 1, Broadcast Failures: 0
2026-05-28 00:51:42,797 - __main__ - INFO - 📊 Stats - Uptime: 4:17:03.307905, Messages: 20630, Failed: 0, Clients: 3, WS Connections: 1, Broadcast Failures: 0
2026-05-28 00:52:42,793 - __main__ - INFO - 📊 Stats - Uptime: 4:18:03.303951, Messages: 20721, Failed: 0, Clients: 3, WS Connections: 1, Broadcast Failures: 0
2026-05-28 00:53:42,805 - __main__ - INFO - 📊 Stats - Uptime: 4:19:03.316113, Messages: 20813, Failed: 0, Clients: 3, WS Connections: 1, Broadcast Failures: 0
2026-05-28 00:54:42,810 - __main__ - INFO - 📊 Stats - Uptime: 4:20:03.320940, Messages: 20903, Failed: 0, Clients: 3, WS Connections: 1, Broadcast Failures: 0
2026-05-28 00:55:42,830 - __main__ - INFO - 📊 Stats - Uptime: 4:21:03.340892, Messages: 20997, Failed: 0, Clients: 3, WS Connections: 1, Broadcast Failures: 0
2026-05-28 00:56:42,817 - __main__ - INFO - 📊 Stats - Uptime: 4:22:03.328757, Messages: 21089, Failed: 0, Clients: 3, WS Connections: 1, Broadcast Failures: 0
2026-05-28 00:57:42,807 - __main__ - INFO - 📊 Stats - Uptime: 4:23:03.318807, Messages: 21182, Failed: 0, Clients: 3, WS Connections: 1, Broadcast Failures: 0
2026-05-28 00:58:42,833 - __main__ - INFO - 📊 Stats - Uptime: 4:24:03.344317, Messages: 21273, Failed: 0, Clients: 3, WS Connections: 1, Broadcast Failures: 0
2026-05-28 00:59:42,844 - __main__ - INFO - 📊 Stats - Uptime: 4:25:03.355467, Messages: 21366, Failed: 0, Clients: 3, WS Connections: 1, Broadcast Failures: 0
2026-05-28 01:00:42,862 - __main__ - INFO - 📊 Stats - Uptime: 4:26:03.372985, Messages: 21458, Failed: 0, Clients: 3, WS Connections: 1, Broadcast Failures: 0
2026-05-28 01:01:42,858 - __main__ - INFO - 📊 Stats - Uptime: 4:27:03.369404, Messages: 21549, Failed: 0, Clients: 3, WS Connections: 1, Broadcast Failures: 0
2026-05-28 01:02:42,874 - __main__ - INFO - 📊 Stats - Uptime: 4:28:03.385683, Messages: 21642, Failed: 0, Clients: 3, WS Connections: 1, Broadcast Failures: 0
2026-05-28 01:03:42,874 - __main__ - INFO - 📊 Stats - Uptime: 4:29:03.385152, Messages: 21733, Failed: 0, Clients: 3, WS Connections: 1, Broadcast Failures: 0
2026-05-28 01:04:42,883 - __main__ - INFO - 📊 Stats - Uptime: 4:30:03.394497, Messages: 21823, Failed: 0, Clients: 3, WS Connections: 1, Broadcast Failures: 0
2026-05-28 01:05:42,894 - __main__ - INFO - 📊 Stats - Uptime: 4:31:03.405280, Messages: 21915, Failed: 0, Clients: 3, WS Connections: 1, Broadcast Failures: 0
2026-05-28 01:06:42,904 - __main__ - INFO - 📊 Stats - Uptime: 4:32:03.415277, Messages: 22005, Failed: 0, Clients: 3, WS Connections: 1, Broadcast Failures: 0
2026-05-28 01:07:42,925 - __main__ - INFO - 📊 Stats - Uptime: 4:33:03.436097, Messages: 22096, Failed: 0, Clients: 3, WS Connections: 1, Broadcast Failures: 0
2026-05-28 01:08:42,907 - __main__ - INFO - 📊 Stats - Uptime: 4:34:03.418400, Messages: 22189, Failed: 0, Clients: 3, WS Connections: 1, Broadcast Failures: 0
2026-05-28 01:09:42,899 - __main__ - INFO - 📊 Stats - Uptime: 4:35:03.410632, Messages: 22281, Failed: 0, Clients: 3, WS Connections: 1, Broadcast Failures: 0
2026-05-28 01:10:42,906 - __main__ - INFO - 📊 Stats - Uptime: 4:36:03.417130, Messages: 22372, Failed: 0, Clients: 3, WS Connections: 1, Broadcast Failures: 0
2026-05-28 01:11:42,908 - __main__ - INFO - 📊 Stats - Uptime: 4:37:03.419596, Messages: 22463, Failed: 0, Clients: 3, WS Connections: 1, Broadcast Failures: 0
2026-05-28 01:12:42,924 - __main__ - INFO - 📊 Stats - Uptime: 4:38:03.435202, Messages: 22554, Failed: 0, Clients: 3, WS Connections: 1, Broadcast Failures: 0
2026-05-28 01:13:42,898 - __main__ - INFO - 📊 Stats - Uptime: 4:39:03.409504, Messages: 22648, Failed: 0, Clients: 3, WS Connections: 1, Broadcast Failures: 0
2026-05-28 01:14:42,899 - __main__ - INFO - 📊 Stats - Uptime: 4:40:03.410781, Messages: 22739, Failed: 0, Clients: 3, WS Connections: 1, Broadcast Failures: 0
2026-05-28 01:15:42,899 - __main__ - INFO - 📊 Stats - Uptime: 4:41:03.410493, Messages: 22829, Failed: 0, Clients: 3, WS Connections: 1, Broadcast Failures: 0
2026-05-28 01:16:42,916 - __main__ - INFO - 📊 Stats - Uptime: 4:42:03.427681, Messages: 22920, Failed: 0, Clients: 3, WS Connections: 1, Broadcast Failures: 0
2026-05-28 01:17:42,904 - __main__ - INFO - 📊 Stats - Uptime: 4:43:03.415487, Messages: 23013, Failed: 0, Clients: 3, WS Connections: 1, Broadcast Failures: 0
2026-05-28 01:18:42,904 - __main__ - INFO - 📊 Stats - Uptime: 4:44:03.415044, Messages: 23105, Failed: 0, Clients: 3, WS Connections: 1, Broadcast Failures: 0
2026-05-28 01:19:42,923 - __main__ - INFO - 📊 Stats - Uptime: 4:45:03.434716, Messages: 23196, Failed: 0, Clients: 3, WS Connections: 1, Broadcast Failures: 0
2026-05-28 01:20:42,924 - __main__ - INFO - 📊 Stats - Uptime: 4:46:03.435068, Messages: 23291, Failed: 0, Clients: 3, WS Connections: 1, Broadcast Failures: 0
2026-05-28 01:21:42,928 - __main__ - INFO - 📊 Stats - Uptime: 4:47:03.439219, Messages: 23384, Failed: 0, Clients: 3, WS Connections: 1, Broadcast Failures: 0
2026-05-28 01:22:42,926 - __main__ - INFO - 📊 Stats - Uptime: 4:48:03.437019, Messages: 23479, Failed: 0, Clients: 3, WS Connections: 1, Broadcast Failures: 0
2026-05-28 01:23:42,928 - __main__ - INFO - 📊 Stats - Uptime: 4:49:03.439343, Messages: 23573, Failed: 0, Clients: 3, WS Connections: 1, Broadcast Failures: 0
2026-05-28 01:24:42,919 - __main__ - INFO - 📊 Stats - Uptime: 4:50:03.430183, Messages: 23668, Failed: 0, Clients: 3, WS Connections: 1, Broadcast Failures: 0
2026-05-28 01:25:42,924 - __main__ - INFO - 📊 Stats - Uptime: 4:51:03.435224, Messages: 23763, Failed: 0, Clients: 3, WS Connections: 1, Broadcast Failures: 0
2026-05-28 01:26:42,927 - __main__ - INFO - 📊 Stats - Uptime: 4:52:03.438282, Messages: 23858, Failed: 0, Clients: 3, WS Connections: 1, Broadcast Failures: 0
2026-05-28 01:27:42,935 - __main__ - INFO - 📊 Stats - Uptime: 4:53:03.445929, Messages: 23953, Failed: 0, Clients: 3, WS Connections: 1, Broadcast Failures: 0
2026-05-28 01:28:42,933 - __main__ - INFO - 📊 Stats - Uptime: 4:54:03.444421, Messages: 24048, Failed: 0, Clients: 3, WS Connections: 1, Broadcast Failures: 0
2026-05-28 01:29:42,930 - __main__ - INFO - 📊 Stats - Uptime: 4:55:03.441808, Messages: 24145, Failed: 0, Clients: 3, WS Connections: 1, Broadcast Failures: 0
2026-05-28 01:30:42,929 - __main__ - INFO - 📊 Stats - Uptime: 4:56:03.440717, Messages: 24240, Failed: 0, Clients: 3, WS Connections: 1, Broadcast Failures: 0
2026-05-28 01:31:42,949 - __main__ - INFO - 📊 Stats - Uptime: 4:57:03.460409, Messages: 24334, Failed: 0, Clients: 3, WS Connections: 1, Broadcast Failures: 0
2026-05-28 01:32:42,965 - __main__ - INFO - 📊 Stats - Uptime: 4:58:03.475874, Messages: 24429, Failed: 0, Clients: 3, WS Connections: 1, Broadcast Failures: 0
2026-05-28 01:33:42,969 - __main__ - INFO - 📊 Stats - Uptime: 4:59:03.480061, Messages: 24524, Failed: 0, Clients: 3, WS Connections: 1, Broadcast Failures: 0
2026-05-28 01:34:42,961 - __main__ - INFO - 📊 Stats - Uptime: 5:00:03.472814, Messages: 24619, Failed: 0, Clients: 3, WS Connections: 1, Broadcast Failures: 0
2026-05-28 01:35:42,984 - __main__ - INFO - 📊 Stats - Uptime: 5:01:03.495558, Messages: 24713, Failed: 0, Clients: 3, WS Connections: 1, Broadcast Failures: 0
2026-05-28 01:36:42,997 - __main__ - INFO - 📊 Stats - Uptime: 5:02:03.508126, Messages: 24807, Failed: 0, Clients: 3, WS Connections: 1, Broadcast Failures: 0
2026-05-28 01:37:42,998 - __main__ - INFO - 📊 Stats - Uptime: 5:03:03.508961, Messages: 24902, Failed: 0, Clients: 3, WS Connections: 1, Broadcast Failures: 0
2026-05-28 01:38:43,004 - __main__ - INFO - 📊 Stats - Uptime: 5:04:03.515711, Messages: 24998, Failed: 0, Clients: 3, WS Connections: 1, Broadcast Failures: 0
2026-05-28 01:39:43,003 - __main__ - INFO - 📊 Stats - Uptime: 5:05:03.514244, Messages: 25095, Failed: 0, Clients: 3, WS Connections: 1, Broadcast Failures: 0
2026-05-28 01:40:43,011 - __main__ - INFO - 📊 Stats - Uptime: 5:06:03.522475, Messages: 25190, Failed: 0, Clients: 3, WS Connections: 1, Broadcast Failures: 0
2026-05-28 01:41:43,019 - __main__ - INFO - 📊 Stats - Uptime: 5:07:03.530067, Messages: 25283, Failed: 0, Clients: 3, WS Connections: 1, Broadcast Failures: 0
2026-05-28 01:42:43,038 - __main__ - INFO - 📊 Stats - Uptime: 5:08:03.548924, Messages: 25378, Failed: 0, Clients: 3, WS Connections: 1, Broadcast Failures: 0
2026-05-28 01:43:43,029 - __main__ - INFO - 📊 Stats - Uptime: 5:09:03.540648, Messages: 25472, Failed: 0, Clients: 3, WS Connections: 1, Broadcast Failures: 0
2026-05-28 01:44:43,049 - __main__ - INFO - 📊 Stats - Uptime: 5:10:03.560374, Messages: 25562, Failed: 0, Clients: 3, WS Connections: 1, Broadcast Failures: 0
2026-05-28 01:45:43,046 - __main__ - INFO - 📊 Stats - Uptime: 5:11:03.557166, Messages: 25654, Failed: 0, Clients: 3, WS Connections: 1, Broadcast Failures: 0
2026-05-28 01:46:43,043 - __main__ - INFO - 📊 Stats - Uptime: 5:12:03.554480, Messages: 25747, Failed: 0, Clients: 3, WS Connections: 1, Broadcast Failures: 0
2026-05-28 01:47:43,048 - __main__ - INFO - 📊 Stats - Uptime: 5:13:03.559571, Messages: 25839, Failed: 0, Clients: 3, WS Connections: 1, Broadcast Failures: 0
2026-05-28 01:48:43,039 - __main__ - INFO - 📊 Stats - Uptime: 5:14:03.549866, Messages: 25930, Failed: 0, Clients: 3, WS Connections: 1, Broadcast Failures: 0
2026-05-28 01:49:43,030 - __main__ - INFO - 📊 Stats - Uptime: 5:15:03.541420, Messages: 26023, Failed: 0, Clients: 3, WS Connections: 1, Broadcast Failures: 0
2026-05-28 01:50:43,042 - __main__ - INFO - 📊 Stats - Uptime: 5:16:03.553502, Messages: 26115, Failed: 0, Clients: 3, WS Connections: 1, Broadcast Failures: 0
2026-05-28 01:51:43,049 - __main__ - INFO - 📊 Stats - Uptime: 5:17:03.560578, Messages: 26204, Failed: 0, Clients: 3, WS Connections: 1, Broadcast Failures: 0
2026-05-28 01:52:43,045 - __main__ - INFO - 📊 Stats - Uptime: 5:18:03.556663, Messages: 26293, Failed: 0, Clients: 3, WS Connections: 1, Broadcast Failures: 0
2026-05-28 01:53:43,048 - __main__ - INFO - 📊 Stats - Uptime: 5:19:03.559437, Messages: 26387, Failed: 0, Clients: 3, WS Connections: 1, Broadcast Failures: 0
2026-05-28 01:54:43,027 - __main__ - INFO - 📊 Stats - Uptime: 5:20:03.538720, Messages: 26479, Failed: 0, Clients: 3, WS Connections: 1, Broadcast Failures: 0
2026-05-28 01:55:43,032 - __main__ - INFO - 📊 Stats - Uptime: 5:21:03.542945, Messages: 26570, Failed: 0, Clients: 3, WS Connections: 1, Broadcast Failures: 0
2026-05-28 01:56:43,053 - __main__ - INFO - 📊 Stats - Uptime: 5:22:03.564623, Messages: 26659, Failed: 0, Clients: 3, WS Connections: 1, Broadcast Failures: 0
2026-05-28 01:57:43,026 - __main__ - INFO - 📊 Stats - Uptime: 5:23:03.537439, Messages: 26752, Failed: 0, Clients: 3, WS Connections: 1, Broadcast Failures: 0
2026-05-28 01:58:43,032 - __main__ - INFO - 📊 Stats - Uptime: 5:24:03.543745, Messages: 26843, Failed: 0, Clients: 3, WS Connections: 1, Broadcast Failures: 0
2026-05-28 01:59:43,042 - __main__ - INFO - 📊 Stats - Uptime: 5:25:03.553014, Messages: 26934, Failed: 0, Clients: 3, WS Connections: 1, Broadcast Failures: 0
2026-05-28 02:00:43,063 - __main__ - INFO - 📊 Stats - Uptime: 5:26:03.574145, Messages: 27026, Failed: 0, Clients: 3, WS Connections: 1, Broadcast Failures: 0
2026-05-28 02:01:43,071 - __main__ - INFO - 📊 Stats - Uptime: 5:27:03.582422, Messages: 27117, Failed: 0, Clients: 3, WS Connections: 1, Broadcast Failures: 0
2026-05-28 02:02:43,074 - __main__ - INFO - 📊 Stats - Uptime: 5:28:03.585787, Messages: 27208, Failed: 0, Clients: 3, WS Connections: 1, Broadcast Failures: 0
2026-05-28 02:03:43,082 - __main__ - INFO - 📊 Stats - Uptime: 5:29:03.593618, Messages: 27302, Failed: 0, Clients: 3, WS Connections: 1, Broadcast Failures: 0
2026-05-28 02:04:43,077 - __main__ - INFO - 📊 Stats - Uptime: 5:30:03.588488, Messages: 27393, Failed: 0, Clients: 3, WS Connections: 1, Broadcast Failures: 0
2026-05-28 02:05:43,077 - __main__ - INFO - 📊 Stats - Uptime: 5:31:03.588294, Messages: 27484, Failed: 0, Clients: 3, WS Connections: 1, Broadcast Failures: 0
2026-05-28 02:06:43,086 - __main__ - INFO - 📊 Stats - Uptime: 5:32:03.597194, Messages: 27575, Failed: 0, Clients: 3, WS Connections: 1, Broadcast Failures: 0
2026-05-28 02:07:43,104 - __main__ - INFO - 📊 Stats - Uptime: 5:33:03.615551, Messages: 27666, Failed: 0, Clients: 3, WS Connections: 1, Broadcast Failures: 0
2026-05-28 02:08:43,122 - __main__ - INFO - 📊 Stats - Uptime: 5:34:03.633203, Messages: 27761, Failed: 0, Clients: 3, WS Connections: 1, Broadcast Failures: 0
2026-05-28 02:09:43,134 - __main__ - INFO - 📊 Stats - Uptime: 5:35:03.645577, Messages: 27853, Failed: 0, Clients: 3, WS Connections: 1, Broadcast Failures: 0
2026-05-28 02:10:43,139 - __main__ - INFO - 📊 Stats - Uptime: 5:36:03.650714, Messages: 27943, Failed: 0, Clients: 3, WS Connections: 1, Broadcast Failures: 0
2026-05-28 02:11:43,153 - __main__ - INFO - 📊 Stats - Uptime: 5:37:03.664452, Messages: 28034, Failed: 0, Clients: 3, WS Connections: 1, Broadcast Failures: 0
2026-05-28 02:12:43,154 - __main__ - INFO - 📊 Stats - Uptime: 5:38:03.665111, Messages: 28125, Failed: 0, Clients: 3, WS Connections: 1, Broadcast Failures: 0
2026-05-28 02:13:43,179 - __main__ - INFO - 📊 Stats - Uptime: 5:39:03.689961, Messages: 28217, Failed: 0, Clients: 3, WS Connections: 1, Broadcast Failures: 0
2026-05-28 02:14:43,172 - __main__ - INFO - 📊 Stats - Uptime: 5:40:03.683221, Messages: 28308, Failed: 0, Clients: 3, WS Connections: 1, Broadcast Failures: 0
2026-05-28 02:15:43,157 - __main__ - INFO - 📊 Stats - Uptime: 5:41:03.668205, Messages: 28400, Failed: 0, Clients: 3, WS Connections: 1, Broadcast Failures: 0
2026-05-28 02:16:43,154 - __main__ - INFO - 📊 Stats - Uptime: 5:42:03.665726, Messages: 28492, Failed: 0, Clients: 3, WS Connections: 1, Broadcast Failures: 0
2026-05-28 02:17:43,160 - __main__ - INFO - 📊 Stats - Uptime: 5:43:03.671357, Messages: 28583, Failed: 0, Clients: 3, WS Connections: 1, Broadcast Failures: 0
2026-05-28 02:18:43,154 - __main__ - INFO - 📊 Stats - Uptime: 5:44:03.665650, Messages: 28674, Failed: 0, Clients: 3, WS Connections: 1, Broadcast Failures: 0
2026-05-28 02:19:43,159 - __main__ - INFO - 📊 Stats - Uptime: 5:45:03.670775, Messages: 28766, Failed: 0, Clients: 3, WS Connections: 1, Broadcast Failures: 0
2026-05-28 02:20:43,149 - __main__ - INFO - 📊 Stats - Uptime: 5:46:03.660519, Messages: 28857, Failed: 0, Clients: 3, WS Connections: 1, Broadcast Failures: 0
2026-05-28 02:21:43,158 - __main__ - INFO - 📊 Stats - Uptime: 5:47:03.668907, Messages: 28948, Failed: 0, Clients: 3, WS Connections: 1, Broadcast Failures: 0
2026-05-28 02:22:43,162 - __main__ - INFO - 📊 Stats - Uptime: 5:48:03.673500, Messages: 29042, Failed: 0, Clients: 3, WS Connections: 1, Broadcast Failures: 0
2026-05-28 02:23:43,170 - __main__ - INFO - 📊 Stats - Uptime: 5:49:03.681443, Messages: 29132, Failed: 0, Clients: 3, WS Connections: 1, Broadcast Failures: 0
2026-05-28 02:24:43,165 - __main__ - INFO - 📊 Stats - Uptime: 5:50:03.676232, Messages: 29223, Failed: 0, Clients: 3, WS Connections: 1, Broadcast Failures: 0
2026-05-28 02:25:43,175 - __main__ - INFO - 📊 Stats - Uptime: 5:51:03.685942, Messages: 29315, Failed: 0, Clients: 3, WS Connections: 1, Broadcast Failures: 0
2026-05-28 02:26:43,167 - __main__ - INFO - 📊 Stats - Uptime: 5:52:03.678000, Messages: 29406, Failed: 0, Clients: 3, WS Connections: 1, Broadcast Failures: 0
2026-05-28 02:27:43,179 - __main__ - INFO - 📊 Stats - Uptime: 5:53:03.690560, Messages: 29497, Failed: 0, Clients: 3, WS Connections: 1, Broadcast Failures: 0
2026-05-28 02:28:43,190 - __main__ - INFO - 📊 Stats - Uptime: 5:54:03.701411, Messages: 29591, Failed: 0, Clients: 3, WS Connections: 1, Broadcast Failures: 0
2026-05-28 02:29:43,182 - __main__ - INFO - 📊 Stats - Uptime: 5:55:03.693283, Messages: 29682, Failed: 0, Clients: 3, WS Connections: 1, Broadcast Failures: 0
2026-05-28 02:30:43,200 - __main__ - INFO - 📊 Stats - Uptime: 5:56:03.711299, Messages: 29774, Failed: 0, Clients: 3, WS Connections: 1, Broadcast Failures: 0
2026-05-28 02:31:43,184 - __main__ - INFO - 📊 Stats - Uptime: 5:57:03.695119, Messages: 29865, Failed: 0, Clients: 3, WS Connections: 1, Broadcast Failures: 0
2026-05-28 02:32:43,200 - __main__ - INFO - 📊 Stats - Uptime: 5:58:03.711076, Messages: 29955, Failed: 0, Clients: 3, WS Connections: 1, Broadcast Failures: 0
2026-05-28 02:33:43,205 - __main__ - INFO - 📊 Stats - Uptime: 5:59:03.716643, Messages: 30047, Failed: 0, Clients: 3, WS Connections: 1, Broadcast Failures: 0
2026-05-28 02:34:43,203 - __main__ - INFO - 📊 Stats - Uptime: 6:00:03.714033, Messages: 30141, Failed: 0, Clients: 3, WS Connections: 1, Broadcast Failures: 0
2026-05-28 02:35:43,193 - __main__ - INFO - 📊 Stats - Uptime: 6:01:03.704713, Messages: 30235, Failed: 0, Clients: 3, WS Connections: 1, Broadcast Failures: 0
2026-05-28 02:36:43,192 - __main__ - INFO - 📊 Stats - Uptime: 6:02:03.702935, Messages: 30329, Failed: 0, Clients: 3, WS Connections: 1, Broadcast Failures: 0
2026-05-28 02:37:43,204 - __main__ - INFO - 📊 Stats - Uptime: 6:03:03.715454, Messages: 30425, Failed: 0, Clients: 3, WS Connections: 1, Broadcast Failures: 0
2026-05-28 02:38:43,181 - __main__ - INFO - 📊 Stats - Uptime: 6:04:03.691951, Messages: 30522, Failed: 0, Clients: 3, WS Connections: 1, Broadcast Failures: 0
2026-05-28 02:39:43,189 - __main__ - INFO - 📊 Stats - Uptime: 6:05:03.700079, Messages: 30616, Failed: 0, Clients: 3, WS Connections: 1, Broadcast Failures: 0
2026-05-28 02:40:43,182 - __main__ - INFO - 📊 Stats - Uptime: 6:06:03.693373, Messages: 30710, Failed: 0, Clients: 3, WS Connections: 1, Broadcast Failures: 0
2026-05-28 02:41:43,197 - __main__ - INFO - 📊 Stats - Uptime: 6:07:03.708515, Messages: 30805, Failed: 0, Clients: 3, WS Connections: 1, Broadcast Failures: 0
2026-05-28 02:42:43,198 - __main__ - INFO - 📊 Stats - Uptime: 6:08:03.709025, Messages: 30900, Failed: 0, Clients: 3, WS Connections: 1, Broadcast Failures: 0
2026-05-28 02:43:43,203 - __main__ - INFO - 📊 Stats - Uptime: 6:09:03.714298, Messages: 30994, Failed: 0, Clients: 3, WS Connections: 1, Broadcast Failures: 0
2026-05-28 02:44:43,210 - __main__ - INFO - 📊 Stats - Uptime: 6:10:03.721255, Messages: 31090, Failed: 0, Clients: 3, WS Connections: 1, Broadcast Failures: 0
2026-05-28 02:45:43,201 - __main__ - INFO - 📊 Stats - Uptime: 6:11:03.712193, Messages: 31183, Failed: 0, Clients: 3, WS Connections: 1, Broadcast Failures: 0
2026-05-28 02:46:43,210 - __main__ - INFO - 📊 Stats - Uptime: 6:12:03.721486, Messages: 31274, Failed: 0, Clients: 3, WS Connections: 1, Broadcast Failures: 0
2026-05-28 02:47:43,237 - __main__ - INFO - 📊 Stats - Uptime: 6:13:03.748838, Messages: 31357, Failed: 0, Clients: 3, WS Connections: 1, Broadcast Failures: 0
2026-05-28 02:48:43,235 - __main__ - INFO - 📊 Stats - Uptime: 6:14:03.746047, Messages: 31437, Failed: 0, Clients: 3, WS Connections: 1, Broadcast Failures: 0
2026-05-28 02:49:43,239 - __main__ - INFO - 📊 Stats - Uptime: 6:15:03.750413, Messages: 31521, Failed: 0, Clients: 3, WS Connections: 1, Broadcast Failures: 0
2026-05-28 02:50:43,231 - __main__ - INFO - 📊 Stats - Uptime: 6:16:03.741517, Messages: 31602, Failed: 0, Clients: 3, WS Connections: 1, Broadcast Failures: 0
2026-05-28 02:51:43,238 - __main__ - INFO - 📊 Stats - Uptime: 6:17:03.749415, Messages: 31684, Failed: 0, Clients: 3, WS Connections: 1, Broadcast Failures: 0
2026-05-28 02:52:43,232 - __main__ - INFO - 📊 Stats - Uptime: 6:18:03.743288, Messages: 31772, Failed: 0, Clients: 3, WS Connections: 1, Broadcast Failures: 0
2026-05-28 02:53:43,244 - __main__ - INFO - 📊 Stats - Uptime: 6:19:03.755507, Messages: 31862, Failed: 0, Clients: 3, WS Connections: 1, Broadcast Failures: 0
2026-05-28 02:54:43,250 - __main__ - INFO - 📊 Stats - Uptime: 6:20:03.761056, Messages: 31948, Failed: 0, Clients: 3, WS Connections: 1, Broadcast Failures: 0
2026-05-28 02:55:43,257 - __main__ - INFO - 📊 Stats - Uptime: 6:21:03.768202, Messages: 32027, Failed: 0, Clients: 3, WS Connections: 1, Broadcast Failures: 0
2026-05-28 02:56:43,253 - __main__ - INFO - 📊 Stats - Uptime: 6:22:03.764329, Messages: 32113, Failed: 0, Clients: 3, WS Connections: 1, Broadcast Failures: 0
2026-05-28 02:57:43,251 - __main__ - INFO - 📊 Stats - Uptime: 6:23:03.761961, Messages: 32204, Failed: 0, Clients: 3, WS Connections: 1, Broadcast Failures: 0
2026-05-28 02:58:43,261 - __main__ - INFO - 📊 Stats - Uptime: 6:24:03.772269, Messages: 32294, Failed: 0, Clients: 3, WS Connections: 1, Broadcast Failures: 0
2026-05-28 02:59:43,260 - __main__ - INFO - 📊 Stats - Uptime: 6:25:03.770981, Messages: 32380, Failed: 0, Clients: 3, WS Connections: 1, Broadcast Failures: 0
2026-05-28 03:00:43,260 - __main__ - INFO - 📊 Stats - Uptime: 6:26:03.771642, Messages: 32462, Failed: 0, Clients: 3, WS Connections: 1, Broadcast Failures: 0
2026-05-28 03:01:43,281 - __main__ - INFO - 📊 Stats - Uptime: 6:27:03.792133, Messages: 32545, Failed: 0, Clients: 3, WS Connections: 1, Broadcast Failures: 0
2026-05-28 03:02:43,296 - __main__ - INFO - 📊 Stats - Uptime: 6:28:03.806949, Messages: 32626, Failed: 0, Clients: 3, WS Connections: 1, Broadcast Failures: 0
2026-05-28 03:03:43,308 - __main__ - INFO - 📊 Stats - Uptime: 6:29:03.818917, Messages: 32708, Failed: 0, Clients: 3, WS Connections: 1, Broadcast Failures: 0
2026-05-28 03:04:43,326 - __main__ - INFO - 📊 Stats - Uptime: 6:30:03.837163, Messages: 32790, Failed: 0, Clients: 3, WS Connections: 1, Broadcast Failures: 0
2026-05-28 03:05:43,332 - __main__ - INFO - 📊 Stats - Uptime: 6:31:03.843715, Messages: 32873, Failed: 0, Clients: 3, WS Connections: 1, Broadcast Failures: 0
2026-05-28 03:06:43,325 - __main__ - INFO - 📊 Stats - Uptime: 6:32:03.836586, Messages: 32959, Failed: 0, Clients: 3, WS Connections: 1, Broadcast Failures: 0
2026-05-28 03:07:43,325 - __main__ - INFO - 📊 Stats - Uptime: 6:33:03.836634, Messages: 33046, Failed: 0, Clients: 3, WS Connections: 1, Broadcast Failures: 0
2026-05-28 03:08:43,324 - __main__ - INFO - 📊 Stats - Uptime: 6:34:03.835447, Messages: 33124, Failed: 0, Clients: 3, WS Connections: 1, Broadcast Failures: 0
2026-05-28 03:09:43,346 - __main__ - INFO - 📊 Stats - Uptime: 6:35:03.857571, Messages: 33206, Failed: 0, Clients: 3, WS Connections: 1, Broadcast Failures: 0
2026-05-28 03:10:43,350 - __main__ - INFO - 📊 Stats - Uptime: 6:36:03.861740, Messages: 33297, Failed: 0, Clients: 3, WS Connections: 1, Broadcast Failures: 0
2026-05-28 03:11:43,364 - __main__ - INFO - 📊 Stats - Uptime: 6:37:03.875436, Messages: 33385, Failed: 0, Clients: 3, WS Connections: 1, Broadcast Failures: 0
2026-05-28 03:12:43,374 - __main__ - INFO - 📊 Stats - Uptime: 6:38:03.885060, Messages: 33478, Failed: 0, Clients: 3, WS Connections: 1, Broadcast Failures: 0
2026-05-28 03:13:43,383 - __main__ - INFO - 📊 Stats - Uptime: 6:39:03.894026, Messages: 33570, Failed: 0, Clients: 3, WS Connections: 1, Broadcast Failures: 0
2026-05-28 03:14:43,403 - __main__ - INFO - 📊 Stats - Uptime: 6:40:03.914564, Messages: 33662, Failed: 0, Clients: 3, WS Connections: 1, Broadcast Failures: 0
2026-05-28 03:15:43,415 - __main__ - INFO - 📊 Stats - Uptime: 6:41:03.926753, Messages: 33750, Failed: 0, Clients: 3, WS Connections: 1, Broadcast Failures: 0
2026-05-28 03:16:43,423 - __main__ - INFO - 📊 Stats - Uptime: 6:42:03.934093, Messages: 33843, Failed: 0, Clients: 3, WS Connections: 1, Broadcast Failures: 0
2026-05-28 03:17:43,421 - __main__ - INFO - 📊 Stats - Uptime: 6:43:03.931905, Messages: 33936, Failed: 0, Clients: 3, WS Connections: 1, Broadcast Failures: 0
2026-05-28 03:18:14,038 - __main__ - INFO - 🔌 WebSocket connection removed. Remaining: 0
2026-05-28 03:18:14,510 - __main__ - INFO - 🔌 WebSocket connected. Total: 1
2026-05-28 03:18:43,438 - __main__ - INFO - 📊 Stats - Uptime: 6:44:03.949121, Messages: 34026, Failed: 0, Clients: 3, WS Connections: 1, Broadcast Failures: 0
2026-05-28 03:19:43,437 - __main__ - INFO - 📊 Stats - Uptime: 6:45:03.948188, Messages: 34110, Failed: 0, Clients: 3, WS Connections: 1, Broadcast Failures: 0
2026-05-28 03:20:43,442 - __main__ - INFO - 📊 Stats - Uptime: 6:46:03.953390, Messages: 34204, Failed: 0, Clients: 3, WS Connections: 1, Broadcast Failures: 0
2026-05-28 03:20:50,435 - __main__ - INFO - 🔌 WebSocket connection removed. Remaining: 0
2026-05-28 03:20:50,871 - __main__ - INFO - 🔌 WebSocket connected. Total: 1
2026-05-28 03:21:43,430 - __main__ - INFO - 📊 Stats - Uptime: 6:47:03.941851, Messages: 34291, Failed: 0, Clients: 3, WS Connections: 1, Broadcast Failures: 0
2026-05-28 03:22:30,556 - __main__ - INFO - 🔌 WebSocket connection removed. Remaining: 0
2026-05-28 03:22:30,981 - __main__ - INFO - 🔌 WebSocket connected. Total: 1
2026-05-28 03:22:43,452 - __main__ - INFO - 📊 Stats - Uptime: 6:48:03.963105, Messages: 34382, Failed: 0, Clients: 3, WS Connections: 1, Broadcast Failures: 0
2026-05-28 03:23:43,454 - __main__ - INFO - 📊 Stats - Uptime: 6:49:03.965103, Messages: 34469, Failed: 0, Clients: 3, WS Connections: 1, Broadcast Failures: 0
2026-05-28 03:24:43,451 - __main__ - INFO - 📊 Stats - Uptime: 6:50:03.962454, Messages: 34556, Failed: 0, Clients: 3, WS Connections: 1, Broadcast Failures: 0
2026-05-28 03:25:43,466 - __main__ - INFO - 📊 Stats - Uptime: 6:51:03.977778, Messages: 34640, Failed: 0, Clients: 3, WS Connections: 1, Broadcast Failures: 0
2026-05-28 03:26:16,971 - __main__ - INFO - 🔌 WebSocket connection removed. Remaining: 0
2026-05-28 03:26:17,444 - __main__ - INFO - 🔌 WebSocket connected. Total: 1
2026-05-28 03:26:43,473 - __main__ - INFO - 📊 Stats - Uptime: 6:52:03.984099, Messages: 34724, Failed: 0, Clients: 3, WS Connections: 1, Broadcast Failures: 0
2026-05-28 03:26:57,549 - __main__ - INFO - 🔌 WebSocket connection removed. Remaining: 0
2026-05-28 03:26:58,012 - __main__ - INFO - 🔌 WebSocket connected. Total: 1
2026-05-28 03:27:43,477 - __main__ - INFO - 📊 Stats - Uptime: 6:53:03.988623, Messages: 34821, Failed: 0, Clients: 3, WS Connections: 1, Broadcast Failures: 0
2026-05-28 03:28:43,483 - __main__ - INFO - 📊 Stats - Uptime: 6:54:03.994531, Messages: 34925, Failed: 0, Clients: 3, WS Connections: 1, Broadcast Failures: 0
2026-05-28 03:29:43,492 - __main__ - INFO - 📊 Stats - Uptime: 6:55:04.002892, Messages: 35025, Failed: 0, Clients: 3, WS Connections: 1, Broadcast Failures: 0
2026-05-28 03:30:43,495 - __main__ - INFO - 📊 Stats - Uptime: 6:56:04.006448, Messages: 35127, Failed: 0, Clients: 3, WS Connections: 1, Broadcast Failures: 0
2026-05-28 03:31:42,217 - __main__ - INFO - 🔌 WebSocket connection removed. Remaining: 0
2026-05-28 03:31:42,655 - __main__ - INFO - 🔌 WebSocket connected. Total: 1
2026-05-28 03:31:43,480 - __main__ - INFO - 📊 Stats - Uptime: 6:57:03.991307, Messages: 35224, Failed: 0, Clients: 3, WS Connections: 1, Broadcast Failures: 0
2026-05-28 03:32:43,500 - __main__ - INFO - 📊 Stats - Uptime: 6:58:04.010991, Messages: 35301, Failed: 0, Clients: 3, WS Connections: 1, Broadcast Failures: 0
2026-05-28 03:33:43,504 - __main__ - INFO - 📊 Stats - Uptime: 6:59:04.014941, Messages: 35340, Failed: 0, Clients: 3, WS Connections: 1, Broadcast Failures: 0
2026-05-28 03:34:43,507 - __main__ - INFO - 📊 Stats - Uptime: 7:00:04.018734, Messages: 35372, Failed: 0, Clients: 3, WS Connections: 1, Broadcast Failures: 0
2026-05-28 03:35:43,520 - __main__ - INFO - 📊 Stats - Uptime: 7:01:04.031168, Messages: 35406, Failed: 0, Clients: 3, WS Connections: 1, Broadcast Failures: 0
2026-05-28 03:36:43,521 - __main__ - INFO - 📊 Stats - Uptime: 7:02:04.032367, Messages: 35479, Failed: 0, Clients: 3, WS Connections: 1, Broadcast Failures: 0
2026-05-28 03:37:43,517 - __main__ - INFO - 📊 Stats - Uptime: 7:03:04.028516, Messages: 35866, Failed: 0, Clients: 3, WS Connections: 1, Broadcast Failures: 0
2026-05-28 03:38:43,517 - __main__ - INFO - 📊 Stats - Uptime: 7:04:04.028734, Messages: 36258, Failed: 0, Clients: 3, WS Connections: 1, Broadcast Failures: 0
2026-05-28 03:39:43,523 - __main__ - INFO - 📊 Stats - Uptime: 7:05:04.034846, Messages: 36651, Failed: 0, Clients: 3, WS Connections: 1, Broadcast Failures: 0
2026-05-28 03:40:43,543 - __main__ - INFO - 📊 Stats - Uptime: 7:06:04.054325, Messages: 37041, Failed: 0, Clients: 3, WS Connections: 1, Broadcast Failures: 0
2026-05-28 03:41:07,652 - __main__ - INFO - 🔌 WebSocket connection removed. Remaining: 0
2026-05-28 03:41:08,128 - __main__ - INFO - 🔌 WebSocket connected. Total: 1
2026-05-28 03:41:43,554 - __main__ - INFO - 📊 Stats - Uptime: 7:07:04.065591, Messages: 37436, Failed: 0, Clients: 3, WS Connections: 1, Broadcast Failures: 0
2026-05-28 03:42:10,660 - __main__ - INFO - 🔌 WebSocket connection removed. Remaining: 0
2026-05-28 03:42:11,063 - __main__ - INFO - 🔌 WebSocket connected. Total: 1
2026-05-28 03:42:43,564 - __main__ - INFO - 📊 Stats - Uptime: 7:08:04.074917, Messages: 37773, Failed: 0, Clients: 3, WS Connections: 1, Broadcast Failures: 0
2026-05-28 03:43:43,565 - __main__ - INFO - 📊 Stats - Uptime: 7:09:04.076033, Messages: 38154, Failed: 0, Clients: 3, WS Connections: 1, Broadcast Failures: 0
2026-05-28 03:44:36,344 - __main__ - INFO - 🔌 WebSocket connection removed. Remaining: 0
2026-05-28 03:44:36,397 - __main__ - ERROR - Broadcast failed: Set changed size during iteration
Traceback (most recent call last):
  File "C:\Users\LENOVO\OneDrive\Desktop\JARKOM\main.py", line 389, in safe_broadcast_update
    stats_payload["start_time"] = stats_payload["start_time"].isoformat()
RuntimeError: Set changed size during iteration

2026-05-28 03:44:36,466 - __main__ - INFO - 🛑 Shutting down Lab Monitoring System
2026-05-28 03:44:36,528 - __main__ - WARNING - ⚠️ Disconnected from MQTT Broker (rc=0)
2026-05-28 03:44:36,528 - __main__ - INFO - Will attempt to reconnect in 5 seconds...
2026-05-28 03:45:01,023 - __main__ - INFO - 🚀 Starting Lab Monitoring System v2.1.0
2026-05-28 03:45:01,023 - __main__ - INFO - Configuration: USE_MQTT=True, SERVER_PORT=8800
2026-05-28 03:45:03,093 - __main__ - INFO - ✅ Connected to MQTT Broker at localhost:1883
2026-05-28 03:45:03,093 - __main__ - INFO - 📡 Subscribed to: lab/monitoring/+ dan lab/command/result/+
2026-05-28 03:45:03,096 - __main__ - INFO - 🚀 MQTT client started
2026-05-28 03:45:05,992 - __main__ - INFO - 🔌 WebSocket connected. Total: 1
2026-05-28 03:45:48,144 - __main__ - INFO - Available clients: ['LOQ-15IAX9', 'DESKTOP-RDHIAJV', 'DESKTOP-MH6IF27']
2026-05-28 03:45:48,145 - __main__ - INFO - Requested hostname: 'DESKTOP-RDHIAJV'
2026-05-28 03:45:48,146 - __main__ - INFO - Command published: tasklist to DESKTOP-RDHIAJV (ID: DESKTOP-RDHIAJV_1779914748145_2317), MQTT rc=0
2026-05-28 03:45:48,485 - commands - INFO - Command: tasklist | Host: DESKTOP-RDHIAJV | Status: success | Output: 
Image Name                     PID Session Name        Session#    Mem Usage
======================...
2026-05-28 03:45:48,492 - __main__ - INFO - [✓] Command result diterima: tasklist dari DESKTOP-RDHIAJV
2026-05-28 03:46:00,928 - __main__ - INFO - Available clients: ['LOQ-15IAX9', 'DESKTOP-RDHIAJV', 'DESKTOP-MH6IF27']
2026-05-28 03:46:00,928 - __main__ - INFO - Requested hostname: 'DESKTOP-RDHIAJV'
2026-05-28 03:46:00,928 - __main__ - INFO - Command published: ipconfig to DESKTOP-RDHIAJV (ID: DESKTOP-RDHIAJV_1779914760928_1178), MQTT rc=0
2026-05-28 03:46:00,997 - commands - INFO - Command: ipconfig | Host: DESKTOP-RDHIAJV | Status: success | Output: 
Windows IP Configuration


Ethernet adapter Ethernet:

   Media State . . . . . . . . . . . : Media...
2026-05-28 03:46:01,008 - __main__ - INFO - [✓] Command result diterima: ipconfig dari DESKTOP-RDHIAJV
2026-05-28 03:46:03,115 - __main__ - INFO - 📊 Stats - Uptime: 0:01:02.315092, Messages: 218, Failed: 0, Clients: 3, WS Connections: 1, Broadcast Failures: 0
2026-05-28 03:46:16,338 - __main__ - INFO - Available clients: ['LOQ-15IAX9', 'DESKTOP-RDHIAJV', 'DESKTOP-MH6IF27']
2026-05-28 03:46:16,338 - __main__ - INFO - Requested hostname: 'DESKTOP-RDHIAJV'
2026-05-28 03:46:16,338 - __main__ - INFO - Command published: whoami to DESKTOP-RDHIAJV (ID: DESKTOP-RDHIAJV_1779914776338_4686), MQTT rc=0
2026-05-28 03:46:16,475 - commands - INFO - Command: whoami | Host: DESKTOP-RDHIAJV | Status: success | Output: hp
...
2026-05-28 03:46:16,475 - __main__ - INFO - [✓] Command result diterima: whoami dari DESKTOP-RDHIAJV
2026-05-28 03:46:24,847 - __main__ - INFO - Available clients: ['LOQ-15IAX9', 'DESKTOP-RDHIAJV', 'DESKTOP-MH6IF27']
2026-05-28 03:46:24,847 - __main__ - INFO - Requested hostname: 'DESKTOP-RDHIAJV'
2026-05-28 03:46:24,847 - __main__ - INFO - Command published: systeminfo to DESKTOP-RDHIAJV (ID: DESKTOP-RDHIAJV_1779914784847_4293), MQTT rc=0
2026-05-28 03:46:28,731 - commands - INFO - Command: systeminfo | Host: DESKTOP-RDHIAJV | Status: success | Output: 
Host Name:                 DESKTOP-RDHIAJV
OS Name:                   Microsoft Windows 10 Pro
OS V...
2026-05-28 03:46:28,731 - __main__ - INFO - [✓] Command result diterima: systeminfo dari DESKTOP-RDHIAJV
2026-05-28 03:47:03,118 - __main__ - INFO - 📊 Stats - Uptime: 0:02:02.317610, Messages: 612, Failed: 0, Clients: 3, WS Connections: 1, Broadcast Failures: 0
2026-05-28 03:47:38,218 - __main__ - INFO - Available clients: ['LOQ-15IAX9', 'DESKTOP-RDHIAJV', 'DESKTOP-MH6IF27']
2026-05-28 03:47:38,226 - __main__ - INFO - Requested hostname: 'DESKTOP-RDHIAJV'
2026-05-28 03:47:38,226 - __main__ - INFO - Command published: tasklist to DESKTOP-RDHIAJV (ID: DESKTOP-RDHIAJV_1779914858226_9058), MQTT rc=0
2026-05-28 03:47:38,556 - commands - INFO - Command: tasklist | Host: DESKTOP-RDHIAJV | Status: success | Output: 
Image Name                     PID Session Name        Session#    Mem Usage
======================...
2026-05-28 03:47:38,556 - __main__ - INFO - [✓] Command result diterima: tasklist dari DESKTOP-RDHIAJV
2026-05-28 03:48:03,130 - __main__ - INFO - 📊 Stats - Uptime: 0:03:02.329633, Messages: 1001, Failed: 0, Clients: 3, WS Connections: 1, Broadcast Failures: 0
2026-05-28 03:49:03,129 - __main__ - INFO - 📊 Stats - Uptime: 0:04:02.329184, Messages: 1396, Failed: 0, Clients: 3, WS Connections: 1, Broadcast Failures: 0
2026-05-28 03:50:03,148 - __main__ - INFO - 📊 Stats - Uptime: 0:05:02.348411, Messages: 1787, Failed: 0, Clients: 3, WS Connections: 1, Broadcast Failures: 0
2026-05-28 03:50:29,407 - __main__ - INFO - 🔌 WebSocket connection removed. Remaining: 0
2026-05-28 03:50:29,957 - __main__ - INFO - 🔌 WebSocket connected. Total: 1
2026-05-28 03:50:41,869 - __main__ - INFO - Available clients: ['LOQ-15IAX9', 'DESKTOP-RDHIAJV', 'DESKTOP-MH6IF27']
2026-05-28 03:50:41,869 - __main__ - INFO - Requested hostname: 'DESKTOP-RDHIAJV'
2026-05-28 03:50:41,869 - __main__ - INFO - Command published: tasklist to DESKTOP-RDHIAJV (ID: DESKTOP-RDHIAJV_1779915041869_4904), MQTT rc=0
2026-05-28 03:50:42,178 - commands - INFO - Command: tasklist | Host: DESKTOP-RDHIAJV | Status: success | Output: 
Image Name                     PID Session Name        Session#    Mem Usage
======================...
2026-05-28 03:50:42,181 - __main__ - INFO - [✓] Command result diterima: tasklist dari DESKTOP-RDHIAJV
2026-05-28 03:51:03,152 - __main__ - INFO - 📊 Stats - Uptime: 0:06:02.352402, Messages: 2179, Failed: 0, Clients: 3, WS Connections: 1, Broadcast Failures: 0
2026-05-28 03:51:24,224 - __main__ - INFO - Available clients: ['LOQ-15IAX9', 'DESKTOP-RDHIAJV', 'DESKTOP-MH6IF27']
2026-05-28 03:51:24,224 - __main__ - INFO - Requested hostname: 'DESKTOP-RDHIAJV'
2026-05-28 03:51:24,225 - __main__ - INFO - Command published: tasklist to DESKTOP-RDHIAJV (ID: DESKTOP-RDHIAJV_1779915084225_3358), MQTT rc=0
2026-05-28 03:51:24,596 - commands - INFO - Command: tasklist | Host: DESKTOP-RDHIAJV | Status: success | Output: 
Image Name                     PID Session Name        Session#    Mem Usage
======================...
2026-05-28 03:51:24,596 - __main__ - INFO - [✓] Command result diterima: tasklist dari DESKTOP-RDHIAJV
2026-05-28 03:52:03,154 - __main__ - INFO - 📊 Stats - Uptime: 0:07:02.353888, Messages: 2548, Failed: 0, Clients: 3, WS Connections: 1, Broadcast Failures: 0
2026-05-28 03:53:03,161 - __main__ - INFO - 📊 Stats - Uptime: 0:08:02.360802, Messages: 2935, Failed: 0, Clients: 3, WS Connections: 1, Broadcast Failures: 0
2026-05-28 03:54:03,160 - __main__ - INFO - 📊 Stats - Uptime: 0:09:02.360454, Messages: 3332, Failed: 0, Clients: 3, WS Connections: 1, Broadcast Failures: 0
2026-05-28 03:55:03,166 - __main__ - INFO - 📊 Stats - Uptime: 0:10:02.365820, Messages: 3719, Failed: 0, Clients: 3, WS Connections: 1, Broadcast Failures: 0
2026-05-28 03:56:03,171 - __main__ - INFO - 📊 Stats - Uptime: 0:11:02.371230, Messages: 4112, Failed: 0, Clients: 3, WS Connections: 1, Broadcast Failures: 0
2026-05-28 03:57:03,171 - __main__ - INFO - 📊 Stats - Uptime: 0:12:02.370707, Messages: 4508, Failed: 0, Clients: 3, WS Connections: 1, Broadcast Failures: 0
2026-05-28 03:57:55,517 - __main__ - INFO - 🔌 WebSocket connection removed. Remaining: 0
2026-05-28 03:57:55,628 - __main__ - INFO - 🛑 Shutting down Lab Monitoring System
2026-05-28 03:57:55,692 - __main__ - WARNING - ⚠️ Disconnected from MQTT Broker (rc=0)
2026-05-28 03:57:55,692 - __main__ - INFO - Will attempt to reconnect in 5 seconds...
2026-05-28 04:00:36,016 - __main__ - INFO - 🚀 Starting Lab Monitoring System v2.1.0
2026-05-28 04:00:36,016 - __main__ - INFO - Configuration: USE_MQTT=True, SERVER_PORT=8800
2026-05-28 04:00:38,071 - __main__ - INFO - 🚀 MQTT client started
2026-05-28 04:00:38,071 - __main__ - INFO - ✅ Connected to MQTT Broker at localhost:1883
2026-05-28 04:00:38,084 - __main__ - INFO - 📡 Subscribed to: lab/monitoring/+ dan lab/command/result/+
2026-05-28 04:00:44,980 - __main__ - INFO - 🔌 WebSocket connected. Total: 1
2026-05-28 04:01:38,084 - __main__ - INFO - 📊 Stats - Uptime: 0:01:02.119301, Messages: 44, Failed: 0, Clients: 3, WS Connections: 1, Broadcast Failures: 0
2026-05-28 04:02:38,084 - __main__ - INFO - 📊 Stats - Uptime: 0:02:02.118601, Messages: 72, Failed: 0, Clients: 3, WS Connections: 1, Broadcast Failures: 0
2026-05-28 04:02:50,613 - __main__ - INFO - 🔌 WebSocket connection removed. Remaining: 0
2026-05-28 04:02:50,715 - __main__ - INFO - 🛑 Shutting down Lab Monitoring System
2026-05-28 04:02:51,233 - __main__ - WARNING - ⚠️ Disconnected from MQTT Broker (rc=0)
2026-05-28 04:02:51,233 - __main__ - INFO - Will attempt to reconnect in 5 seconds...
2026-05-28 04:02:57,257 - __main__ - INFO - 🚀 Starting Lab Monitoring System v2.1.0
2026-05-28 04:02:57,257 - __main__ - INFO - Configuration: USE_MQTT=True, SERVER_PORT=8800
2026-05-28 04:02:59,278 - __main__ - INFO - 🚀 MQTT client started
2026-05-28 04:02:59,278 - __main__ - INFO - ✅ Connected to MQTT Broker at localhost:1883
2026-05-28 04:02:59,298 - __main__ - INFO - 📡 Subscribed to: lab/monitoring/+ dan lab/command/result/+
2026-05-28 04:02:59,584 - __main__ - INFO - 🔌 WebSocket connected. Total: 1
2026-05-28 04:03:02,728 - __main__ - INFO - 🔌 WebSocket connection removed. Remaining: 0
2026-05-28 04:03:03,185 - __main__ - INFO - 🔌 WebSocket connected. Total: 1
2026-05-28 04:03:59,305 - __main__ - INFO - 📊 Stats - Uptime: 0:01:02.101257, Messages: 60, Failed: 0, Clients: 3, WS Connections: 1, Broadcast Failures: 0
2026-05-28 04:04:59,325 - __main__ - INFO - 📊 Stats - Uptime: 0:02:02.121434, Messages: 88, Failed: 0, Clients: 3, WS Connections: 1, Broadcast Failures: 0
2026-05-28 04:05:59,331 - __main__ - INFO - 📊 Stats - Uptime: 0:03:02.127274, Messages: 116, Failed: 0, Clients: 3, WS Connections: 1, Broadcast Failures: 0
2026-05-28 04:06:59,323 - __main__ - INFO - 📊 Stats - Uptime: 0:04:02.119567, Messages: 146, Failed: 0, Clients: 3, WS Connections: 1, Broadcast Failures: 0
2026-05-28 04:07:16,416 - __main__ - INFO - 🔌 WebSocket connection removed. Remaining: 0
2026-05-28 04:07:16,525 - __main__ - INFO - 🛑 Shutting down Lab Monitoring System
2026-05-28 04:07:17,018 - __main__ - WARNING - ⚠️ Disconnected from MQTT Broker (rc=0)
2026-05-28 04:07:17,018 - __main__ - INFO - Will attempt to reconnect in 5 seconds...
2026-05-28 04:07:26,244 - __main__ - INFO - 🚀 Starting Lab Monitoring System v2.1.0
2026-05-28 04:07:26,244 - __main__ - INFO - Configuration: USE_MQTT=True, SERVER_PORT=8800
2026-05-28 04:07:28,278 - __main__ - INFO - 🚀 MQTT client started
2026-05-28 04:07:28,278 - __main__ - INFO - ✅ Connected to MQTT Broker at localhost:1883
2026-05-28 04:07:28,289 - __main__ - INFO - 📡 Subscribed to: lab/monitoring/+ dan lab/command/result/+
2026-05-28 04:07:31,630 - __main__ - INFO - 🔌 WebSocket connected. Total: 1
2026-05-28 04:08:28,299 - __main__ - INFO - 📊 Stats - Uptime: 0:01:02.105361, Messages: 45, Failed: 0, Clients: 3, WS Connections: 1, Broadcast Failures: 0
2026-05-28 04:09:28,295 - __main__ - INFO - 📊 Stats - Uptime: 0:02:02.101183, Messages: 74, Failed: 0, Clients: 3, WS Connections: 1, Broadcast Failures: 0
2026-05-28 04:10:28,291 - __main__ - INFO - 📊 Stats - Uptime: 0:03:02.097668, Messages: 101, Failed: 0, Clients: 3, WS Connections: 1, Broadcast Failures: 0
2026-05-28 04:11:28,307 - __main__ - INFO - 📊 Stats - Uptime: 0:04:02.113767, Messages: 129, Failed: 0, Clients: 3, WS Connections: 1, Broadcast Failures: 0
2026-05-28 04:12:01,569 - __main__ - INFO - 🔌 WebSocket connection removed. Remaining: 0
2026-05-28 04:12:01,667 - __main__ - INFO - 🛑 Shutting down Lab Monitoring System
2026-05-28 04:12:02,192 - __main__ - WARNING - ⚠️ Disconnected from MQTT Broker (rc=0)
2026-05-28 04:12:02,192 - __main__ - INFO - Will attempt to reconnect in 5 seconds...
2026-05-28 04:18:21,218 - __main__ - INFO - 🚀 Starting Lab Monitoring System v2.1.0
2026-05-28 04:18:21,218 - __main__ - INFO - Configuration: USE_MQTT=True, SERVER_PORT=8800
2026-05-28 04:18:23,260 - __main__ - INFO - 🚀 MQTT client started
2026-05-28 04:18:23,260 - __main__ - INFO - ✅ Connected to MQTT Broker at localhost:1883
2026-05-28 04:18:23,289 - __main__ - INFO - 📡 Subscribed to: lab/monitoring/+ dan lab/command/result/+
2026-05-28 04:18:24,479 - __main__ - INFO - 🔌 WebSocket connected. Total: 1
2026-05-28 04:19:23,302 - __main__ - INFO - 📊 Stats - Uptime: 0:01:02.138964, Messages: 43, Failed: 0, Clients: 1, WS Connections: 1, Broadcast Failures: 0
2026-05-28 04:20:23,303 - __main__ - INFO - 📊 Stats - Uptime: 0:02:02.140270, Messages: 71, Failed: 0, Clients: 1, WS Connections: 1, Broadcast Failures: 0
2026-05-28 04:21:23,273 - __main__ - INFO - 📊 Stats - Uptime: 0:03:02.110211, Messages: 99, Failed: 0, Clients: 1, WS Connections: 1, Broadcast Failures: 0
2026-05-28 04:21:29,224 - __main__ - INFO - 🔌 WebSocket connection removed. Remaining: 0
2026-05-28 04:21:29,695 - __main__ - INFO - 🔌 WebSocket connected. Total: 1
2026-05-28 04:21:30,577 - __main__ - INFO - 🔌 WebSocket connection removed. Remaining: 0
2026-05-28 04:21:31,008 - __main__ - INFO - 🔌 WebSocket connected. Total: 1
2026-05-28 04:22:23,277 - __main__ - INFO - 📊 Stats - Uptime: 0:04:02.114534, Messages: 125, Failed: 0, Clients: 1, WS Connections: 1, Broadcast Failures: 0
2026-05-28 04:23:18,476 - __main__ - INFO - 🚀 Starting Lab Monitoring System v2.1.0
2026-05-28 04:23:18,476 - __main__ - INFO - Configuration: USE_MQTT=True, SERVER_PORT=8800
2026-05-28 04:23:20,504 - __main__ - INFO - 🚀 MQTT client started
2026-05-28 04:23:20,516 - __main__ - INFO - ✅ Connected to MQTT Broker at localhost:1883
2026-05-28 04:23:20,516 - __main__ - INFO - 📡 Subscribed to: lab/monitoring/+ dan lab/command/result/+
2026-05-28 04:23:31,095 - __main__ - INFO - 🔌 WebSocket connected. Total: 1
2026-05-28 04:24:20,498 - __main__ - INFO - 📊 Stats - Uptime: 0:01:02.057909, Messages: 22, Failed: 0, Clients: 1, WS Connections: 1, Broadcast Failures: 0
2026-05-28 04:25:20,506 - __main__ - INFO - 📊 Stats - Uptime: 0:02:02.066733, Messages: 22, Failed: 0, Clients: 1, WS Connections: 1, Broadcast Failures: 0
2026-05-28 04:26:20,514 - __main__ - INFO - 📊 Stats - Uptime: 0:03:02.073835, Messages: 22, Failed: 0, Clients: 1, WS Connections: 1, Broadcast Failures: 0
2026-05-28 04:27:20,517 - __main__ - INFO - 📊 Stats - Uptime: 0:04:02.076972, Messages: 22, Failed: 0, Clients: 1, WS Connections: 1, Broadcast Failures: 0
2026-05-28 04:28:20,525 - __main__ - INFO - 📊 Stats - Uptime: 0:05:02.085270, Messages: 22, Failed: 0, Clients: 1, WS Connections: 1, Broadcast Failures: 0
2026-05-28 04:29:20,540 - __main__ - INFO - 📊 Stats - Uptime: 0:06:02.100499, Messages: 102, Failed: 0, Clients: 2, WS Connections: 1, Broadcast Failures: 0
2026-05-28 04:29:20,710 - __main__ - INFO - Command published: taskkill to DESKTOP-RDHIAJV (ID: DESKTOP-RDHIAJV_1779917360710_2281)
2026-05-28 04:29:21,073 - commands - INFO - Command: taskkill | Host: DESKTOP-RDHIAJV | Status: success | Output: ERROR: The process "{process_name}" not found.
...
2026-05-28 04:29:21,073 - __main__ - INFO - [✓] Command result diterima: taskkill dari DESKTOP-RDHIAJV
2026-05-28 04:29:30,326 - __main__ - INFO - Command published: tasklist to DESKTOP-RDHIAJV (ID: DESKTOP-RDHIAJV_1779917370326_5632)
2026-05-28 04:29:30,675 - commands - INFO - Command: tasklist | Host: DESKTOP-RDHIAJV | Status: success | Output: 
Image Name                     PID Session Name        Session#    Mem Usage
======================...
2026-05-28 04:29:30,675 - __main__ - INFO - [✓] Command result diterima: tasklist dari DESKTOP-RDHIAJV
2026-05-28 04:29:41,685 - __main__ - INFO - Command published: taskkill to DESKTOP-RDHIAJV (ID: DESKTOP-RDHIAJV_1779917381685_3989)
2026-05-28 04:29:41,807 - commands - INFO - Command: taskkill | Host: DESKTOP-RDHIAJV | Status: success | Output: ERROR: The process "{process_name}" not found.
...
2026-05-28 04:29:41,807 - __main__ - INFO - [✓] Command result diterima: taskkill dari DESKTOP-RDHIAJV
2026-05-28 04:29:45,785 - __main__ - INFO - Command published: ipconfig to DESKTOP-RDHIAJV (ID: DESKTOP-RDHIAJV_1779917385785_3589)
2026-05-28 04:29:45,855 - commands - INFO - Command: ipconfig | Host: DESKTOP-RDHIAJV | Status: success | Output: 
Windows IP Configuration


Ethernet adapter Ethernet:

   Media State . . . . . . . . . . . : Media...
2026-05-28 04:29:45,861 - __main__ - INFO - [✓] Command result diterima: ipconfig dari DESKTOP-RDHIAJV
2026-05-28 04:29:54,321 - __main__ - INFO - Command published: whoami to DESKTOP-RDHIAJV (ID: DESKTOP-RDHIAJV_1779917394321_7048)
2026-05-28 04:29:54,453 - commands - INFO - Command: whoami | Host: DESKTOP-RDHIAJV | Status: success | Output: hp
...
2026-05-28 04:29:54,453 - __main__ - INFO - [✓] Command result diterima: whoami dari DESKTOP-RDHIAJV
2026-05-28 04:30:01,777 - __main__ - INFO - Command published: systeminfo to DESKTOP-RDHIAJV (ID: DESKTOP-RDHIAJV_1779917401777_6695)
2026-05-28 04:30:05,875 - commands - INFO - Command: systeminfo | Host: DESKTOP-RDHIAJV | Status: success | Output: 
Host Name:                 DESKTOP-RDHIAJV
OS Name:                   Microsoft Windows 10 Pro
OS V...
2026-05-28 04:30:05,875 - __main__ - INFO - [✓] Command result diterima: systeminfo dari DESKTOP-RDHIAJV
2026-05-28 04:30:20,552 - __main__ - INFO - 📊 Stats - Uptime: 0:07:02.111884, Messages: 458, Failed: 0, Clients: 2, WS Connections: 1, Broadcast Failures: 0
2026-05-28 04:30:34,340 - __main__ - INFO - Command published: taskkill to DESKTOP-RDHIAJV (ID: DESKTOP-RDHIAJV_1779917434339_9523)
2026-05-28 04:30:34,453 - commands - INFO - Command: taskkill | Host: DESKTOP-RDHIAJV | Status: success | Output: ERROR: The process "{process_name}" not found.
...
2026-05-28 04:30:34,453 - __main__ - INFO - [✓] Command result diterima: taskkill dari DESKTOP-RDHIAJV
2026-05-28 04:31:20,540 - __main__ - INFO - 📊 Stats - Uptime: 0:08:02.100043, Messages: 823, Failed: 0, Clients: 2, WS Connections: 1, Broadcast Failures: 0
2026-05-28 04:32:20,556 - __main__ - INFO - 📊 Stats - Uptime: 0:09:02.116177, Messages: 1187, Failed: 0, Clients: 2, WS Connections: 1, Broadcast Failures: 0
2026-05-28 04:33:20,561 - __main__ - INFO - 📊 Stats - Uptime: 0:10:02.121595, Messages: 1555, Failed: 0, Clients: 2, WS Connections: 1, Broadcast Failures: 0
2026-05-28 04:34:20,565 - __main__ - INFO - 📊 Stats - Uptime: 0:11:02.124833, Messages: 1916, Failed: 0, Clients: 2, WS Connections: 1, Broadcast Failures: 0
2026-05-28 04:35:20,566 - __main__ - INFO - 📊 Stats - Uptime: 0:12:02.126347, Messages: 2274, Failed: 0, Clients: 2, WS Connections: 1, Broadcast Failures: 0
2026-05-28 04:36:20,567 - __main__ - INFO - 📊 Stats - Uptime: 0:13:02.127250, Messages: 2639, Failed: 0, Clients: 2, WS Connections: 1, Broadcast Failures: 0
2026-05-28 04:37:20,576 - __main__ - INFO - 📊 Stats - Uptime: 0:14:02.136229, Messages: 3007, Failed: 0, Clients: 2, WS Connections: 1, Broadcast Failures: 0
2026-05-28 04:38:20,595 - __main__ - INFO - 📊 Stats - Uptime: 0:15:02.155774, Messages: 3370, Failed: 0, Clients: 2, WS Connections: 1, Broadcast Failures: 0
2026-05-28 04:39:20,601 - __main__ - INFO - 📊 Stats - Uptime: 0:16:02.160876, Messages: 3735, Failed: 0, Clients: 2, WS Connections: 1, Broadcast Failures: 0
2026-05-28 04:40:20,632 - __main__ - INFO - 📊 Stats - Uptime: 0:17:02.192042, Messages: 4101, Failed: 0, Clients: 2, WS Connections: 1, Broadcast Failures: 0
2026-05-28 04:41:20,620 - __main__ - INFO - 📊 Stats - Uptime: 0:18:02.180129, Messages: 4464, Failed: 0, Clients: 2, WS Connections: 1, Broadcast Failures: 0
2026-05-28 04:42:20,630 - __main__ - INFO - 📊 Stats - Uptime: 0:19:02.189849, Messages: 4832, Failed: 0, Clients: 2, WS Connections: 1, Broadcast Failures: 0
2026-05-28 04:43:20,626 - __main__ - INFO - 📊 Stats - Uptime: 0:20:02.186654, Messages: 5196, Failed: 0, Clients: 2, WS Connections: 1, Broadcast Failures: 0
2026-05-28 04:44:20,622 - __main__ - INFO - 📊 Stats - Uptime: 0:21:02.182489, Messages: 5557, Failed: 0, Clients: 2, WS Connections: 1, Broadcast Failures: 0
2026-05-28 04:45:20,629 - __main__ - INFO - 📊 Stats - Uptime: 0:22:02.189764, Messages: 5918, Failed: 0, Clients: 2, WS Connections: 1, Broadcast Failures: 0
2026-05-28 04:46:20,622 - __main__ - INFO - 📊 Stats - Uptime: 0:23:02.181806, Messages: 6269, Failed: 0, Clients: 2, WS Connections: 1, Broadcast Failures: 0
2026-05-28 04:47:20,636 - __main__ - INFO - 📊 Stats - Uptime: 0:24:02.195933, Messages: 6636, Failed: 0, Clients: 2, WS Connections: 1, Broadcast Failures: 0
2026-05-28 04:48:20,641 - __main__ - INFO - 📊 Stats - Uptime: 0:25:02.200793, Messages: 6999, Failed: 0, Clients: 2, WS Connections: 1, Broadcast Failures: 0
2026-05-28 04:49:20,650 - __main__ - INFO - 📊 Stats - Uptime: 0:26:02.210313, Messages: 7364, Failed: 0, Clients: 2, WS Connections: 1, Broadcast Failures: 0
2026-05-28 04:50:20,678 - __main__ - INFO - 📊 Stats - Uptime: 0:27:02.237876, Messages: 7729, Failed: 0, Clients: 2, WS Connections: 1, Broadcast Failures: 0
2026-05-28 04:51:20,667 - __main__ - INFO - 📊 Stats - Uptime: 0:28:02.226977, Messages: 8093, Failed: 0, Clients: 2, WS Connections: 1, Broadcast Failures: 0
2026-05-28 04:52:20,672 - __main__ - INFO - 📊 Stats - Uptime: 0:29:02.231827, Messages: 8458, Failed: 0, Clients: 2, WS Connections: 1, Broadcast Failures: 0
2026-05-28 04:53:20,670 - __main__ - INFO - 📊 Stats - Uptime: 0:30:02.230783, Messages: 8822, Failed: 0, Clients: 2, WS Connections: 1, Broadcast Failures: 0
2026-05-28 04:53:37,227 - __main__ - INFO - 🔌 WebSocket connection removed. Remaining: 0
2026-05-28 04:53:37,644 - __main__ - INFO - 🔌 WebSocket connected. Total: 1
2026-05-28 04:54:20,683 - __main__ - INFO - 📊 Stats - Uptime: 0:31:02.242970, Messages: 9191, Failed: 0, Clients: 2, WS Connections: 1, Broadcast Failures: 0
2026-05-28 04:55:20,697 - __main__ - INFO - 📊 Stats - Uptime: 0:32:02.256894, Messages: 9553, Failed: 0, Clients: 2, WS Connections: 1, Broadcast Failures: 0
2026-05-28 04:56:20,708 - __main__ - INFO - 📊 Stats - Uptime: 0:33:02.267264, Messages: 9917, Failed: 0, Clients: 2, WS Connections: 1, Broadcast Failures: 0
2026-05-28 04:57:20,724 - __main__ - INFO - 📊 Stats - Uptime: 0:34:02.283798, Messages: 10286, Failed: 0, Clients: 2, WS Connections: 1, Broadcast Failures: 0
2026-05-28 04:58:20,728 - __main__ - INFO - 📊 Stats - Uptime: 0:35:02.288093, Messages: 10652, Failed: 0, Clients: 2, WS Connections: 1, Broadcast Failures: 0
2026-05-28 04:59:20,729 - __main__ - INFO - 📊 Stats - Uptime: 0:36:02.289025, Messages: 11005, Failed: 0, Clients: 2, WS Connections: 1, Broadcast Failures: 0
2026-05-28 05:00:20,740 - __main__ - INFO - 📊 Stats - Uptime: 0:37:02.300744, Messages: 11336, Failed: 0, Clients: 2, WS Connections: 1, Broadcast Failures: 0
2026-05-28 05:01:20,744 - __main__ - INFO - 📊 Stats - Uptime: 0:38:02.303864, Messages: 11699, Failed: 0, Clients: 2, WS Connections: 1, Broadcast Failures: 0
2026-05-28 05:02:20,748 - __main__ - INFO - 📊 Stats - Uptime: 0:39:02.307541, Messages: 12062, Failed: 0, Clients: 2, WS Connections: 1, Broadcast Failures: 0
2026-05-28 05:03:20,736 - __main__ - INFO - 📊 Stats - Uptime: 0:40:02.296495, Messages: 12428, Failed: 0, Clients: 2, WS Connections: 1, Broadcast Failures: 0
2026-05-28 05:04:20,744 - __main__ - INFO - 📊 Stats - Uptime: 0:41:02.304001, Messages: 12790, Failed: 0, Clients: 2, WS Connections: 1, Broadcast Failures: 0
2026-05-28 05:05:20,742 - __main__ - INFO - 📊 Stats - Uptime: 0:42:02.302776, Messages: 13146, Failed: 0, Clients: 2, WS Connections: 1, Broadcast Failures: 0
2026-05-28 05:06:20,758 - __main__ - INFO - 📊 Stats - Uptime: 0:43:02.318039, Messages: 13509, Failed: 0, Clients: 2, WS Connections: 1, Broadcast Failures: 0
2026-05-28 05:07:01,308 - __main__ - INFO - 🔌 WebSocket connection removed. Remaining: 0
2026-05-28 05:07:01,417 - __main__ - INFO - 🛑 Shutting down Lab Monitoring System
2026-05-28 05:07:02,003 - __main__ - WARNING - ⚠️ Disconnected from MQTT Broker (rc=0)
2026-05-28 05:07:02,003 - __main__ - INFO - Will attempt to reconnect in 5 seconds...
2026-05-28 05:07:07,989 - __main__ - INFO - 🚀 Starting Lab Monitoring System v2.1.0
2026-05-28 05:07:07,989 - __main__ - INFO - Configuration: USE_MQTT=True, SERVER_PORT=8800
2026-05-28 05:07:10,029 - __main__ - INFO - 🚀 MQTT client started
2026-05-28 05:07:10,029 - __main__ - INFO - ✅ Connected to MQTT Broker at localhost:1883
2026-05-28 05:07:10,045 - __main__ - INFO - 📡 Subscribed to: lab/monitoring/+ dan lab/command/result/+
2026-05-28 05:07:13,316 - __main__ - INFO - 🔌 WebSocket connected. Total: 1
2026-05-28 05:07:38,099 - __main__ - INFO - 🔌 WebSocket connection removed. Remaining: 0
2026-05-28 05:07:38,466 - __main__ - INFO - 🔌 WebSocket connected. Total: 1
2026-05-28 05:08:10,050 - __main__ - INFO - 📊 Stats - Uptime: 0:01:02.096542, Messages: 301, Failed: 0, Clients: 2, WS Connections: 1, Broadcast Failures: 0
2026-05-28 05:08:18,703 - __main__ - INFO - 🔌 WebSocket connection removed. Remaining: 0
2026-05-28 05:08:19,076 - __main__ - INFO - 🔌 WebSocket connected. Total: 1
2026-05-28 05:09:10,037 - __main__ - INFO - 📊 Stats - Uptime: 0:02:02.083080, Messages: 662, Failed: 0, Clients: 2, WS Connections: 1, Broadcast Failures: 0
2026-05-28 05:10:10,033 - __main__ - INFO - 📊 Stats - Uptime: 0:03:02.079241, Messages: 1023, Failed: 0, Clients: 2, WS Connections: 1, Broadcast Failures: 0
2026-05-28 05:11:10,051 - __main__ - INFO - 📊 Stats - Uptime: 0:04:02.097535, Messages: 1384, Failed: 0, Clients: 2, WS Connections: 1, Broadcast Failures: 0
2026-05-28 05:12:00,555 - __main__ - INFO - 🔌 WebSocket connection removed. Remaining: 0
2026-05-28 05:12:01,052 - __main__ - INFO - 🔌 WebSocket connected. Total: 1
2026-05-28 05:12:10,050 - __main__ - INFO - 📊 Stats - Uptime: 0:05:02.096509, Messages: 1748, Failed: 0, Clients: 2, WS Connections: 1, Broadcast Failures: 0
2026-05-28 05:12:12,080 - __main__ - INFO - 🔌 WebSocket connection removed. Remaining: 0
2026-05-28 05:12:12,085 - __main__ - ERROR - Broadcast failed: Set changed size during iteration
Traceback (most recent call last):
  File "C:\Users\LENOVO\OneDrive\Desktop\JARKOM\main.py", line 414, in safe_broadcast_update
    for conn in active_connections:
RuntimeError: Set changed size during iteration

2026-05-28 05:12:12,191 - __main__ - INFO - 🛑 Shutting down Lab Monitoring System
2026-05-28 05:12:12,335 - __main__ - WARNING - ⚠️ Disconnected from MQTT Broker (rc=0)
2026-05-28 05:12:12,335 - __main__ - INFO - Will attempt to reconnect in 5 seconds...
2026-05-28 05:12:15,402 - __main__ - INFO - 🚀 Starting Lab Monitoring System v2.1.0
2026-05-28 05:12:15,404 - __main__ - INFO - Configuration: USE_MQTT=True, SERVER_PORT=8800
2026-05-28 05:12:17,434 - __main__ - INFO - 🚀 MQTT client started
2026-05-28 05:12:17,434 - __main__ - INFO - ✅ Connected to MQTT Broker at localhost:1883
2026-05-28 05:12:17,480 - __main__ - INFO - 📡 Subscribed to: lab/monitoring/+ dan lab/command/result/+
2026-05-28 05:12:19,096 - __main__ - INFO - 🔌 WebSocket connected. Total: 1
2026-05-28 05:12:32,063 - __main__ - WARNING - Unauthorized command attempt: kill explore.exe
2026-05-28 05:13:17,476 - __main__ - INFO - 📊 Stats - Uptime: 0:01:02.125256, Messages: 366, Failed: 0, Clients: 2, WS Connections: 1, Broadcast Failures: 0
2026-05-28 05:14:17,485 - __main__ - INFO - 📊 Stats - Uptime: 0:02:02.134417, Messages: 725, Failed: 0, Clients: 2, WS Connections: 1, Broadcast Failures: 0
2026-05-28 05:15:17,496 - __main__ - INFO - 📊 Stats - Uptime: 0:03:02.145541, Messages: 1079, Failed: 0, Clients: 2, WS Connections: 1, Broadcast Failures: 0
2026-05-28 05:16:17,498 - __main__ - INFO - 📊 Stats - Uptime: 0:04:02.147676, Messages: 1442, Failed: 0, Clients: 2, WS Connections: 1, Broadcast Failures: 0
2026-05-28 05:17:17,517 - __main__ - INFO - 📊 Stats - Uptime: 0:05:02.166036, Messages: 1799, Failed: 0, Clients: 2, WS Connections: 1, Broadcast Failures: 0
2026-05-28 05:17:57,609 - __main__ - INFO - 🔌 WebSocket connection removed. Remaining: 0
2026-05-28 05:17:57,609 - __main__ - ERROR - Broadcast failed: Set changed size during iteration
Traceback (most recent call last):
  File "C:\Users\LENOVO\OneDrive\Desktop\JARKOM\main.py", line 414, in safe_broadcast_update
    for conn in active_connections:
RuntimeError: Set changed size during iteration

2026-05-28 05:17:57,718 - __main__ - INFO - 🛑 Shutting down Lab Monitoring System
2026-05-28 05:17:57,808 - __main__ - WARNING - ⚠️ Disconnected from MQTT Broker (rc=0)
2026-05-28 05:17:57,808 - __main__ - INFO - Will attempt to reconnect in 5 seconds...
2026-05-28 05:18:12,065 - __main__ - INFO - 🚀 Starting Lab Monitoring System v2.1.0
2026-05-28 05:18:12,069 - __main__ - INFO - Configuration: USE_MQTT=True, SERVER_PORT=8800
2026-05-28 05:18:14,119 - __main__ - INFO - 🚀 MQTT client started
2026-05-28 05:18:14,120 - __main__ - INFO - ✅ Connected to MQTT Broker at localhost:1883
2026-05-28 05:18:14,140 - __main__ - INFO - 📡 Subscribed to: lab/monitoring/+ dan lab/command/result/+
2026-05-28 05:18:15,876 - __main__ - INFO - 🔌 WebSocket connected. Total: 1
2026-05-28 05:18:40,027 - __main__ - WARNING - Unauthorized command attempt: kill explore.exe
2026-05-28 05:19:14,161 - __main__ - INFO - 📊 Stats - Uptime: 0:01:02.141153, Messages: 38, Failed: 0, Clients: 2, WS Connections: 1, Broadcast Failures: 0
2026-05-28 05:20:02,532 - __main__ - WARNING - Unauthorized command attempt: kill explorer.exe
2026-05-28 05:20:03,338 - __main__ - WARNING - Unauthorized command attempt: kill explorer.exe
2026-05-28 05:20:03,721 - __main__ - WARNING - Unauthorized command attempt: kill explorer.exe
2026-05-28 05:20:04,220 - __main__ - WARNING - Unauthorized command attempt: kill explorer.exe
2026-05-28 05:20:14,159 - __main__ - INFO - 📊 Stats - Uptime: 0:02:02.140293, Messages: 69, Failed: 0, Clients: 2, WS Connections: 1, Broadcast Failures: 0
2026-05-28 05:20:35,449 - __main__ - WARNING - Unauthorized command attempt: kill explorer.exe
2026-05-28 05:21:03,785 - __main__ - INFO - Command published: whoami to LOQ-15IAX9 (ID: LOQ-15IAX9_1779920463784_2326)
2026-05-28 05:21:03,823 - __main__ - ERROR - Error handling command result: 'NoneType' object has no attribute 'get'
2026-05-28 05:21:14,163 - __main__ - INFO - 📊 Stats - Uptime: 0:03:02.143476, Messages: 96, Failed: 0, Clients: 2, WS Connections: 1, Broadcast Failures: 0
2026-05-28 05:22:14,166 - __main__ - INFO - 📊 Stats - Uptime: 0:04:02.146757, Messages: 123, Failed: 0, Clients: 2, WS Connections: 1, Broadcast Failures: 0
2026-05-28 05:23:14,180 - __main__ - INFO - 📊 Stats - Uptime: 0:05:02.161370, Messages: 150, Failed: 0, Clients: 2, WS Connections: 1, Broadcast Failures: 0
2026-05-28 05:24:14,189 - __main__ - INFO - 📊 Stats - Uptime: 0:06:02.169925, Messages: 175, Failed: 0, Clients: 2, WS Connections: 1, Broadcast Failures: 0
2026-05-28 05:24:38,065 - __main__ - INFO - 🔌 WebSocket connection removed. Remaining: 0
2026-05-28 05:24:38,171 - __main__ - INFO - 🛑 Shutting down Lab Monitoring System
2026-05-28 05:24:38,724 - __main__ - WARNING - ⚠️ Disconnected from MQTT Broker (rc=0)
2026-05-28 05:24:38,724 - __main__ - INFO - Will attempt to reconnect in 5 seconds...
2026-05-28 05:24:49,548 - __main__ - INFO - 🚀 Starting Lab Monitoring System v2.1.0
2026-05-28 05:24:49,548 - __main__ - INFO - Configuration: USE_MQTT=True, SERVER_PORT=8800
2026-05-28 05:24:51,582 - __main__ - INFO - 🚀 MQTT client started
2026-05-28 05:24:51,582 - __main__ - INFO - ✅ Connected to MQTT Broker at localhost:1883
2026-05-28 05:24:51,599 - __main__ - INFO - 📡 Subscribed to: lab/monitoring/+ dan lab/command/result/+
2026-05-28 05:24:51,973 - __main__ - INFO - 🔌 WebSocket connected. Total: 1
2026-05-28 05:24:52,397 - __main__ - INFO - 🔌 WebSocket connection removed. Remaining: 0
2026-05-28 05:24:52,766 - __main__ - INFO - 🔌 WebSocket connected. Total: 1
2026-05-28 05:25:12,738 - __main__ - INFO - Command published: tasklist to LOQ-15IAX9 (ID: LOQ-15IAX9_1779920712738_3399)
2026-05-28 05:25:12,747 - __main__ - INFO - Command published: tasklist to LOQ-15IAX9 (ID: LOQ-15IAX9_1779920712747_8858)
2026-05-28 05:25:14,174 - commands - INFO - Command: tasklist | Host: LOQ-15IAX9 | Status: success | Output: 
Image Name                     PID Session Name        Session#    Mem Usage
======================...
2026-05-28 05:25:14,181 - __main__ - INFO - [✓] Command result diterima: tasklist dari LOQ-15IAX9
2026-05-28 05:25:14,181 - commands - INFO - Command: tasklist | Host: LOQ-15IAX9 | Status: success | Output: 
Image Name                     PID Session Name        Session#    Mem Usage
======================...
2026-05-28 05:25:14,181 - __main__ - INFO - [✓] Command result diterima: tasklist dari LOQ-15IAX9
2026-05-28 05:25:33,776 - __main__ - INFO - Command published: taskkill to LOQ-15IAX9 (ID: LOQ-15IAX9_1779920733775_9588)
2026-05-28 05:25:33,780 - __main__ - INFO - Command published: taskkill to LOQ-15IAX9 (ID: LOQ-15IAX9_1779920733780_6263)
2026-05-28 05:25:34,348 - commands - INFO - Command: taskkill | Host: LOQ-15IAX9 | Status: success | Output: ERROR: The process "{process_name}" not found.
...
2026-05-28 05:25:34,358 - __main__ - INFO - [✓] Command result diterima: taskkill dari LOQ-15IAX9
2026-05-28 05:25:34,359 - commands - INFO - Command: taskkill | Host: LOQ-15IAX9 | Status: success | Output: ERROR: The process "{process_name}" not found.
...
2026-05-28 05:25:34,361 - __main__ - INFO - [✓] Command result diterima: taskkill dari LOQ-15IAX9
2026-05-28 05:25:47,721 - __main__ - INFO - Command published: ipconfig to LOQ-15IAX9 (ID: LOQ-15IAX9_1779920747721_9027)
2026-05-28 05:25:47,721 - __main__ - INFO - Command published: ipconfig to LOQ-15IAX9 (ID: LOQ-15IAX9_1779920747721_5864)
2026-05-28 05:25:48,186 - commands - INFO - Command: ipconfig | Host: LOQ-15IAX9 | Status: success | Output: 
Windows IP Configuration


Wireless LAN adapter Wi-Fi:

   Media State . . . . . . . . . . . : Medi...
2026-05-28 05:25:48,189 - __main__ - INFO - [✓] Command result diterima: ipconfig dari LOQ-15IAX9
2026-05-28 05:25:48,191 - commands - INFO - Command: ipconfig | Host: LOQ-15IAX9 | Status: success | Output: 
Windows IP Configuration


Wireless LAN adapter Wi-Fi:

   Media State . . . . . . . . . . . : Medi...
2026-05-28 05:25:48,197 - __main__ - INFO - [✓] Command result diterima: ipconfig dari LOQ-15IAX9
2026-05-28 05:25:51,610 - __main__ - INFO - 📊 Stats - Uptime: 0:01:02.094115, Messages: 27, Failed: 0, Clients: 2, WS Connections: 1, Broadcast Failures: 0
2026-05-28 05:26:51,620 - __main__ - INFO - 📊 Stats - Uptime: 0:02:02.103719, Messages: 51, Failed: 0, Clients: 2, WS Connections: 1, Broadcast Failures: 0
2026-05-28 05:27:51,638 - __main__ - INFO - 📊 Stats - Uptime: 0:03:02.121285, Messages: 76, Failed: 0, Clients: 2, WS Connections: 1, Broadcast Failures: 0
2026-05-28 05:28:49,087 - __main__ - INFO - Command published: whoami to LOQ-15IAX9 (ID: LOQ-15IAX9_1779920929087_6558)
2026-05-28 05:28:49,090 - __main__ - INFO - Command published: whoami to LOQ-15IAX9 (ID: LOQ-15IAX9_1779920929090_6384)
2026-05-28 05:28:49,734 - commands - INFO - Command: whoami | Host: LOQ-15IAX9 | Status: success | Output: LENOVO
...
2026-05-28 05:28:49,734 - __main__ - INFO - [✓] Command result diterima: whoami dari LOQ-15IAX9
2026-05-28 05:28:49,741 - commands - INFO - Command: whoami | Host: LOQ-15IAX9 | Status: success | Output: LENOVO
...
2026-05-28 05:28:49,741 - __main__ - INFO - [✓] Command result diterima: whoami dari LOQ-15IAX9
2026-05-28 05:28:51,649 - __main__ - INFO - 📊 Stats - Uptime: 0:04:02.133009, Messages: 102, Failed: 0, Clients: 2, WS Connections: 1, Broadcast Failures: 0
2026-05-28 05:29:51,667 - __main__ - INFO - 📊 Stats - Uptime: 0:05:02.150369, Messages: 129, Failed: 0, Clients: 2, WS Connections: 1, Broadcast Failures: 0
2026-05-28 05:30:34,784 - __main__ - INFO - 🔌 WebSocket connection removed. Remaining: 0
2026-05-28 05:30:35,185 - __main__ - INFO - 🔌 WebSocket connected. Total: 1
2026-05-28 05:30:51,684 - __main__ - INFO - 📊 Stats - Uptime: 0:06:02.167647, Messages: 155, Failed: 0, Clients: 2, WS Connections: 1, Broadcast Failures: 0
2026-05-28 05:31:34,221 - __main__ - INFO - Command published: tasklist to DESKTOP-MH6IF27 (ID: DESKTOP-MH6IF27_1779921094220_6239)
2026-05-28 05:31:51,700 - __main__ - INFO - 📊 Stats - Uptime: 0:07:02.183713, Messages: 551, Failed: 0, Clients: 3, WS Connections: 1, Broadcast Failures: 0
2026-05-28 05:32:45,663 - __main__ - INFO - Command published: tasklist to DESKTOP-RDHIAJV (ID: DESKTOP-RDHIAJV_1779921165663_2793)
2026-05-28 05:32:45,671 - __main__ - INFO - Command published: tasklist to DESKTOP-RDHIAJV (ID: DESKTOP-RDHIAJV_1779921165671_4429)
2026-05-28 05:32:46,315 - commands - INFO - Command: tasklist | Host: DESKTOP-RDHIAJV | Status: success | Output: 
Image Name                     PID Session Name        Session#    Mem Usage
======================...
2026-05-28 05:32:46,315 - __main__ - INFO - [✓] Command result diterima: tasklist dari DESKTOP-RDHIAJV
2026-05-28 05:32:46,322 - commands - INFO - Command: tasklist | Host: DESKTOP-RDHIAJV | Status: success | Output: 
Image Name                     PID Session Name        Session#    Mem Usage
======================...
2026-05-28 05:32:46,322 - __main__ - INFO - [✓] Command result diterima: tasklist dari DESKTOP-RDHIAJV
2026-05-28 05:32:51,715 - __main__ - INFO - 📊 Stats - Uptime: 0:08:02.198464, Messages: 960, Failed: 0, Clients: 3, WS Connections: 1, Broadcast Failures: 0
2026-05-28 05:32:56,259 - __main__ - INFO - Command published: tasklist to DESKTOP-MH6IF27 (ID: DESKTOP-MH6IF27_1779921176259_1733)
2026-05-28 05:32:56,268 - __main__ - INFO - Command published: tasklist to DESKTOP-MH6IF27 (ID: DESKTOP-MH6IF27_1779921176268_7895)
2026-05-28 05:32:56,279 - __main__ - INFO - Command published: tasklist to DESKTOP-MH6IF27 (ID: DESKTOP-MH6IF27_1779921176279_3107)
2026-05-28 05:33:51,723 - __main__ - INFO - 📊 Stats - Uptime: 0:09:02.207007, Messages: 1361, Failed: 0, Clients: 3, WS Connections: 1, Broadcast Failures: 0
2026-05-28 05:34:51,734 - __main__ - INFO - 📊 Stats - Uptime: 0:10:02.217972, Messages: 1749, Failed: 0, Clients: 3, WS Connections: 1, Broadcast Failures: 0
2026-05-28 05:35:51,730 - __main__ - INFO - 📊 Stats - Uptime: 0:11:02.213405, Messages: 2137, Failed: 0, Clients: 3, WS Connections: 1, Broadcast Failures: 0
2026-05-28 05:36:51,742 - __main__ - INFO - 📊 Stats - Uptime: 0:12:02.225877, Messages: 2650, Failed: 0, Clients: 3, WS Connections: 1, Broadcast Failures: 0
2026-05-28 05:37:51,762 - __main__ - INFO - 📊 Stats - Uptime: 0:13:02.245552, Messages: 3323, Failed: 0, Clients: 3, WS Connections: 1, Broadcast Failures: 0
2026-05-28 05:38:51,775 - __main__ - INFO - 📊 Stats - Uptime: 0:14:02.258894, Messages: 4011, Failed: 0, Clients: 3, WS Connections: 1, Broadcast Failures: 0
2026-05-28 05:39:51,802 - __main__ - INFO - 📊 Stats - Uptime: 0:15:02.283789, Messages: 4684, Failed: 0, Clients: 3, WS Connections: 1, Broadcast Failures: 0
2026-05-28 05:40:40,954 - __main__ - WARNING - Broadcast timeout to client, marking as disconnected
2026-05-28 05:40:40,955 - __main__ - INFO - Removed 1 disconnected clients
2026-05-28 05:40:45,844 - __main__ - INFO - 🔌 WebSocket connection removed. Remaining: 0
2026-05-28 05:40:51,808 - __main__ - INFO - 📊 Stats - Uptime: 0:16:02.291717, Messages: 5367, Failed: 0, Clients: 3, WS Connections: 0, Broadcast Failures: 0
2026-05-28 05:41:09,670 - __main__ - INFO - 🔌 WebSocket connected. Total: 1
2026-05-28 05:41:51,814 - __main__ - INFO - 📊 Stats - Uptime: 0:17:02.298219, Messages: 6021, Failed: 0, Clients: 3, WS Connections: 1, Broadcast Failures: 0
2026-05-28 05:41:54,677 - __main__ - WARNING - Broadcast timeout to client, marking as disconnected
2026-05-28 05:41:54,677 - __main__ - INFO - Removed 1 disconnected clients
2026-05-28 05:41:59,652 - __main__ - INFO - 🔌 WebSocket connection removed. Remaining: 0
2026-05-28 05:42:51,825 - __main__ - INFO - 📊 Stats - Uptime: 0:18:02.308333, Messages: 6709, Failed: 0, Clients: 3, WS Connections: 0, Broadcast Failures: 0
2026-05-28 05:43:51,834 - __main__ - INFO - 📊 Stats - Uptime: 0:19:02.317734, Messages: 7385, Failed: 0, Clients: 3, WS Connections: 0, Broadcast Failures: 0
2026-05-28 05:44:17,375 - __main__ - INFO - 🚀 Starting Lab Monitoring System v2.1.0
2026-05-28 05:44:17,375 - __main__ - INFO - Configuration: USE_MQTT=True, SERVER_PORT=8800
2026-05-28 05:44:19,450 - __main__ - INFO - 🚀 MQTT client started
2026-05-28 05:44:19,450 - __main__ - INFO - ✅ Connected to MQTT Broker at localhost:1883
2026-05-28 05:44:19,468 - __main__ - INFO - 📡 Subscribed to: lab/monitoring/+ dan lab/command/result/+
2026-05-28 05:44:19,469 - __main__ - INFO - 🛑 Shutting down Lab Monitoring System
2026-05-28 05:44:19,470 - __main__ - WARNING - ⚠️ Disconnected from MQTT Broker (rc=0)
2026-05-28 05:44:19,470 - __main__ - INFO - Will attempt to reconnect in 5 seconds...
2026-05-28 05:44:31,007 - __main__ - INFO - 🔌 WebSocket connected. Total: 1
2026-05-28 05:44:51,828 - __main__ - INFO - 📊 Stats - Uptime: 0:20:02.311379, Messages: 8058, Failed: 0, Clients: 3, WS Connections: 1, Broadcast Failures: 0
2026-05-28 05:45:51,833 - __main__ - INFO - 📊 Stats - Uptime: 0:21:02.316725, Messages: 8735, Failed: 0, Clients: 3, WS Connections: 1, Broadcast Failures: 0
2026-05-28 05:46:51,819 - __main__ - INFO - 📊 Stats - Uptime: 0:22:02.303127, Messages: 9406, Failed: 0, Clients: 3, WS Connections: 1, Broadcast Failures: 0
2026-05-28 05:47:51,806 - __main__ - INFO - 📊 Stats - Uptime: 0:23:02.290217, Messages: 10084, Failed: 0, Clients: 3, WS Connections: 1, Broadcast Failures: 0
2026-05-28 05:48:51,829 - __main__ - INFO - 📊 Stats - Uptime: 0:24:02.313046, Messages: 10767, Failed: 0, Clients: 3, WS Connections: 1, Broadcast Failures: 0
2026-05-28 05:49:36,772 - __main__ - INFO - 🔌 WebSocket connection removed. Remaining: 0
2026-05-28 05:49:37,154 - __main__ - INFO - 🔌 WebSocket connected. Total: 1
2026-05-28 05:49:43,842 - __main__ - INFO - Command published: tasklist to LOQ-15IAX9 (ID: LOQ-15IAX9_1779922183842_3429)
2026-05-28 05:49:44,499 - commands - INFO - Command: tasklist | Host: LOQ-15IAX9 | Status: success | Output: 
Image Name                     PID Session Name        Session#    Mem Usage
======================...
2026-05-28 05:49:44,500 - __main__ - INFO - [✓] Command result diterima: tasklist dari LOQ-15IAX9
2026-05-28 05:49:49,001 - __main__ - INFO - Command published: ipconfig to LOQ-15IAX9 (ID: LOQ-15IAX9_1779922189001_9489)
2026-05-28 05:49:49,274 - commands - INFO - Command: ipconfig | Host: LOQ-15IAX9 | Status: success | Output: 
Windows IP Configuration


Wireless LAN adapter Wi-Fi:

   Media State . . . . . . . . . . . : Medi...
2026-05-28 05:49:49,276 - __main__ - INFO - [✓] Command result diterima: ipconfig dari LOQ-15IAX9
2026-05-28 05:49:51,806 - __main__ - INFO - 📊 Stats - Uptime: 0:25:02.288987, Messages: 11436, Failed: 0, Clients: 3, WS Connections: 1, Broadcast Failures: 0
2026-05-28 05:49:53,717 - __main__ - INFO - Command published: whoami to LOQ-15IAX9 (ID: LOQ-15IAX9_1779922193717_8479)
2026-05-28 05:49:54,068 - commands - INFO - Command: whoami | Host: LOQ-15IAX9 | Status: success | Output: LENOVO
...
2026-05-28 05:49:54,070 - __main__ - INFO - [✓] Command result diterima: whoami dari LOQ-15IAX9
2026-05-28 05:50:00,080 - __main__ - INFO - Command published: systeminfo to LOQ-15IAX9 (ID: LOQ-15IAX9_1779922200080_3752)
2026-05-28 05:50:05,113 - commands - INFO - Command: systeminfo | Host: LOQ-15IAX9 | Status: success | Output: 
Host Name:                     LOQ-15IAX9
OS Name:                       Microsoft Windows 11 Home ...
2026-05-28 05:50:05,115 - __main__ - INFO - [✓] Command result diterima: systeminfo dari LOQ-15IAX9
2026-05-28 05:50:15,548 - __main__ - INFO - Command published: taskkill to LOQ-15IAX9 (ID: LOQ-15IAX9_1779922215547_8172)
2026-05-28 05:50:15,909 - commands - INFO - Command: taskkill | Host: LOQ-15IAX9 | Status: success | Output: ERROR: The process "{process_name}" not found.
...
2026-05-28 05:50:15,910 - __main__ - INFO - [✓] Command result diterima: taskkill dari LOQ-15IAX9
2026-05-28 05:50:51,824 - __main__ - INFO - 📊 Stats - Uptime: 0:26:02.307535, Messages: 12108, Failed: 0, Clients: 3, WS Connections: 1, Broadcast Failures: 0
2026-05-28 05:51:28,251 - __main__ - WARNING - [TIMEOUT] LOQ-15IAX9 marked offline (no data for 17s)
2026-05-28 05:51:28,252 - __main__ - WARNING - [TIMEOUT] DESKTOP-RDHIAJV marked offline (no data for 17s)
2026-05-28 05:51:28,253 - __main__ - WARNING - [TIMEOUT] DESKTOP-MH6IF27 marked offline (no data for 17s)
2026-05-28 05:51:51,847 - __main__ - INFO - 📊 Stats - Uptime: 0:27:02.330899, Messages: 12328, Failed: 0, Clients: 3, WS Connections: 1, Broadcast Failures: 0
2026-05-28 05:52:15,747 - __main__ - INFO - 🔌 WebSocket connection removed. Remaining: 0
2026-05-28 05:52:15,854 - __main__ - INFO - 🛑 Shutting down Lab Monitoring System
2026-05-28 05:52:16,636 - __main__ - WARNING - ⚠️ Disconnected from MQTT Broker (rc=0)
2026-05-28 05:52:16,638 - __main__ - INFO - Will attempt to reconnect in 5 seconds...
2026-05-28 05:52:40,685 - __main__ - INFO - 🚀 Starting Lab Monitoring System v2.1.0
2026-05-28 05:52:40,685 - __main__ - INFO - Configuration: USE_MQTT=True, SERVER_PORT=8800
2026-05-28 05:52:42,758 - __main__ - INFO - 🚀 MQTT client started
2026-05-28 05:52:53,421 - __main__ - INFO - ✅ Connected to MQTT Broker at localhost:1883
2026-05-28 05:52:53,422 - __main__ - INFO - 📡 Subscribed to: lab/monitoring/+ dan lab/command/result/+
2026-05-28 05:53:02,458 - __main__ - INFO - 🔌 WebSocket connected. Total: 1
2026-05-28 05:53:42,759 - __main__ - INFO - 📊 Stats - Uptime: 0:01:02.115746, Messages: 798, Failed: 0, Clients: 3, WS Connections: 1, Broadcast Failures: 0
2026-05-28 05:53:59,590 - __main__ - INFO - Command published: taskkill to DESKTOP-MH6IF27 (ID: DESKTOP-MH6IF27_1779922439590_1302)
2026-05-28 05:53:59,935 - commands - INFO - Command: taskkill | Host: DESKTOP-MH6IF27 | Status: success | Output: ERROR: The process "{process_name}" not found.
...
2026-05-28 05:53:59,938 - __main__ - INFO - [✓] Command result diterima: taskkill dari DESKTOP-MH6IF27
2026-05-28 05:54:42,767 - __main__ - INFO - 📊 Stats - Uptime: 0:02:02.123856, Messages: 1472, Failed: 0, Clients: 3, WS Connections: 1, Broadcast Failures: 0
2026-05-28 05:55:42,772 - __main__ - INFO - 📊 Stats - Uptime: 0:03:02.128060, Messages: 2145, Failed: 0, Clients: 3, WS Connections: 1, Broadcast Failures: 0
2026-05-28 05:56:42,782 - __main__ - INFO - 📊 Stats - Uptime: 0:04:02.139086, Messages: 2816, Failed: 0, Clients: 3, WS Connections: 1, Broadcast Failures: 0
2026-05-28 05:57:42,774 - __main__ - INFO - 📊 Stats - Uptime: 0:05:02.130809, Messages: 3483, Failed: 0, Clients: 3, WS Connections: 1, Broadcast Failures: 0
2026-05-28 05:58:42,790 - __main__ - INFO - 📊 Stats - Uptime: 0:06:02.146735, Messages: 4163, Failed: 0, Clients: 3, WS Connections: 1, Broadcast Failures: 0
2026-05-28 05:58:43,070 - __main__ - INFO - 🔌 WebSocket connection removed. Remaining: 0
2026-05-28 05:58:43,120 - __main__ - ERROR - Broadcast failed: Set changed size during iteration
Traceback (most recent call last):
  File "C:\Users\LENOVO\OneDrive\Desktop\JARKOM\main.py", line 414, in safe_broadcast_update
RuntimeError: Set changed size during iteration

2026-05-28 05:58:43,162 - __main__ - INFO - 🛑 Shutting down Lab Monitoring System
2026-05-28 05:58:43,208 - __main__ - WARNING - ⚠️ Disconnected from MQTT Broker (rc=0)
2026-05-28 05:58:43,208 - __main__ - INFO - Will attempt to reconnect in 5 seconds...
2026-05-28 05:59:11,884 - __main__ - INFO - 🚀 Starting Lab Monitoring System v2.1.0
2026-05-28 05:59:11,885 - __main__ - INFO - Configuration: USE_MQTT=True, SERVER_PORT=8800
2026-05-28 05:59:13,946 - __main__ - INFO - 🚀 MQTT client started
2026-05-28 05:59:13,946 - __main__ - INFO - ✅ Connected to MQTT Broker at localhost:1883
2026-05-28 05:59:13,963 - __main__ - INFO - 📡 Subscribed to: lab/monitoring/+ dan lab/command/result/+
2026-05-28 05:59:22,259 - __main__ - INFO - 🔌 WebSocket connected. Total: 1
2026-05-28 05:59:41,582 - __main__ - INFO - Command published: tasklist to DESKTOP-RDHIAJV (ID: DESKTOP-RDHIAJV_1779922781581_8263, params: {})
2026-05-28 05:59:41,887 - commands - INFO - Command: tasklist | Host: DESKTOP-RDHIAJV | Status: success | Output: 
Image Name                     PID Session Name        Session#    Mem Usage
======================...
2026-05-28 05:59:41,889 - __main__ - INFO - [✓] Command result diterima: tasklist dari DESKTOP-RDHIAJV
2026-05-28 05:59:59,393 - __main__ - INFO - Command published: taskkill to DESKTOP-RDHIAJV (ID: DESKTOP-RDHIAJV_1779922799393_9497, params: {'process_name': 'explorer.exe'})
2026-05-28 05:59:59,529 - commands - INFO - Command: taskkill | Host: DESKTOP-RDHIAJV | Status: success | Output: ERROR: The process "{process_name}" not found.
...
2026-05-28 05:59:59,531 - __main__ - INFO - [✓] Command result diterima: taskkill dari DESKTOP-RDHIAJV
2026-05-28 06:00:07,103 - __main__ - INFO - Command published: taskkill to DESKTOP-RDHIAJV (ID: DESKTOP-RDHIAJV_1779922807102_9369, params: {'process_name': 'explorer.exe'})
2026-05-28 06:00:07,223 - commands - INFO - Command: taskkill | Host: DESKTOP-RDHIAJV | Status: success | Output: ERROR: The process "{process_name}" not found.
...
2026-05-28 06:00:07,225 - __main__ - INFO - [✓] Command result diterima: taskkill dari DESKTOP-RDHIAJV
2026-05-28 06:00:13,989 - __main__ - INFO - 📊 Stats - Uptime: 0:01:02.142855, Messages: 676, Failed: 0, Clients: 3, WS Connections: 1, Broadcast Failures: 0
2026-05-28 06:01:14,007 - __main__ - INFO - 📊 Stats - Uptime: 0:02:02.161172, Messages: 1339, Failed: 0, Clients: 3, WS Connections: 1, Broadcast Failures: 0
2026-05-28 06:02:01,226 - __main__ - INFO - 🔌 WebSocket connection removed. Remaining: 0
2026-05-28 06:02:01,316 - __main__ - INFO - 🛑 Shutting down Lab Monitoring System
2026-05-28 06:02:01,846 - __main__ - WARNING - ⚠️ Disconnected from MQTT Broker (rc=0)
2026-05-28 06:02:01,847 - __main__ - INFO - Will attempt to reconnect in 5 seconds...
2026-05-28 06:02:19,433 - __main__ - INFO - 🚀 Starting Lab Monitoring System v2.1.0
2026-05-28 06:02:19,434 - __main__ - INFO - Configuration: USE_MQTT=True, SERVER_PORT=8800
2026-05-28 06:02:21,514 - __main__ - INFO - 🚀 MQTT client started
2026-05-28 06:02:21,514 - __main__ - INFO - ✅ Connected to MQTT Broker at localhost:1883
2026-05-28 06:02:21,530 - __main__ - INFO - 📡 Subscribed to: lab/monitoring/+ dan lab/command/result/+
2026-05-28 06:02:22,111 - __main__ - INFO - 🔌 WebSocket connected. Total: 1
2026-05-28 06:02:40,778 - __main__ - INFO - Command published: tasklist to LOQ-15IAX9 (ID: LOQ-15IAX9_1779922960778_5859, params: {})
2026-05-28 06:02:41,570 - commands - INFO - Command: tasklist | Host: LOQ-15IAX9 | Status: success | Output: 
Image Name                     PID Session Name        Session#    Mem Usage
======================...
2026-05-28 06:02:41,572 - __main__ - INFO - [✓] Command result diterima: tasklist dari LOQ-15IAX9
2026-05-28 06:03:06,084 - __main__ - INFO - Command published: taskkill to LOQ-15IAX9 (ID: LOQ-15IAX9_1779922986084_8240, params: {'process_name': 'e. g. explorer.exe'})
2026-05-28 06:03:06,353 - commands - INFO - Command: taskkill | Host: LOQ-15IAX9 | Status: success | Output: ERROR: Invalid argument/option - 'g.'.
Type "TASKKILL /?" for usage.
...
2026-05-28 06:03:06,355 - __main__ - INFO - [✓] Command result diterima: taskkill dari LOQ-15IAX9
2026-05-28 06:03:13,841 - __main__ - INFO - Command published: taskkill to LOQ-15IAX9 (ID: LOQ-15IAX9_1779922993840_1069, params: {'process_name': 'explorer.exe'})
2026-05-28 06:03:14,333 - commands - INFO - Command: taskkill | Host: LOQ-15IAX9 | Status: success | Output: SUCCESS: The process "explorer.exe" with PID 10552 has been terminated.
SUCCESS: The process "explor...
2026-05-28 06:03:14,334 - __main__ - INFO - [✓] Command result diterima: taskkill dari LOQ-15IAX9
2026-05-28 06:03:21,538 - __main__ - INFO - 📊 Stats - Uptime: 0:01:02.142551, Messages: 30, Failed: 0, Clients: 3, WS Connections: 1, Broadcast Failures: 0
2026-05-28 06:04:01,512 - __main__ - INFO - 🔌 WebSocket connection removed. Remaining: 0
2026-05-28 06:04:01,618 - __main__ - INFO - 🛑 Shutting down Lab Monitoring System
2026-05-28 06:04:02,492 - __main__ - WARNING - ⚠️ Disconnected from MQTT Broker (rc=0)
2026-05-28 06:04:02,493 - __main__ - INFO - Will attempt to reconnect in 5 seconds...
2026-05-28 06:10:16,800 - __main__ - INFO - 🚀 Starting Lab Monitoring System v2.1.0
2026-05-28 06:10:16,802 - __main__ - INFO - Configuration: USE_MQTT=True, SERVER_PORT=8800
2026-05-28 06:10:18,858 - __main__ - INFO - 🚀 MQTT client started
2026-05-28 06:10:18,858 - __main__ - INFO - ✅ Connected to MQTT Broker at localhost:1883
2026-05-28 06:10:18,876 - __main__ - INFO - 📡 Subscribed to: lab/monitoring/+ dan lab/command/result/+
2026-05-28 06:10:34,505 - __main__ - INFO - 🔌 WebSocket connected. Total: 1
2026-05-28 06:11:18,879 - __main__ - INFO - 📊 Stats - Uptime: 0:01:02.117608, Messages: 23, Failed: 0, Clients: 1, WS Connections: 1, Broadcast Failures: 0
2026-05-28 06:11:25,814 - __main__ - INFO - Command published: tasklist to DESKTOP-MH6IF27 (ID: DESKTOP-MH6IF27_1779923485814_4169, params: {})
2026-05-28 06:11:26,709 - commands - INFO - Command: tasklist | Host: DESKTOP-MH6IF27 | Status: success | Output: 
Image Name                     PID Session Name        Session#    Mem Usage
======================...
2026-05-28 06:11:26,711 - __main__ - INFO - [✓] Command result diterima: tasklist dari DESKTOP-MH6IF27
2026-05-28 06:12:06,127 - __main__ - INFO - Command published: taskkill to DESKTOP-MH6IF27 (ID: DESKTOP-MH6IF27_1779923526126_1567, params: {'process_name': 'Spotify.exe'})
2026-05-28 06:12:06,833 - commands - INFO - Command: taskkill | Host: DESKTOP-MH6IF27 | Status: success | Output: SUCCESS: The process "Spotify.exe" with PID 11000 has been terminated.
SUCCESS: The process "Spotify...
2026-05-28 06:12:06,836 - __main__ - INFO - [✓] Command result diterima: taskkill dari DESKTOP-MH6IF27
2026-05-28 06:12:18,886 - __main__ - INFO - 📊 Stats - Uptime: 0:02:02.124120, Messages: 217, Failed: 0, Clients: 1, WS Connections: 1, Broadcast Failures: 0
2026-05-28 06:13:18,910 - __main__ - INFO - 📊 Stats - Uptime: 0:03:02.148542, Messages: 237, Failed: 0, Clients: 1, WS Connections: 1, Broadcast Failures: 0
2026-05-28 06:14:18,914 - __main__ - INFO - 📊 Stats - Uptime: 0:04:02.151889, Messages: 267, Failed: 0, Clients: 1, WS Connections: 1, Broadcast Failures: 0
2026-05-28 06:15:18,915 - __main__ - INFO - 📊 Stats - Uptime: 0:05:02.153623, Messages: 301, Failed: 0, Clients: 1, WS Connections: 1, Broadcast Failures: 0
2026-05-28 06:16:18,931 - __main__ - INFO - 📊 Stats - Uptime: 0:06:02.168990, Messages: 456, Failed: 0, Clients: 1, WS Connections: 1, Broadcast Failures: 0
2026-05-28 06:17:18,953 - __main__ - INFO - 📊 Stats - Uptime: 0:07:02.191442, Messages: 677, Failed: 0, Clients: 1, WS Connections: 1, Broadcast Failures: 0
2026-05-28 06:18:18,959 - __main__ - INFO - 📊 Stats - Uptime: 0:08:02.197075, Messages: 983, Failed: 0, Clients: 1, WS Connections: 1, Broadcast Failures: 0
2026-05-28 06:19:18,980 - __main__ - INFO - 📊 Stats - Uptime: 0:09:02.217988, Messages: 1303, Failed: 0, Clients: 1, WS Connections: 1, Broadcast Failures: 0
2026-05-28 06:20:18,978 - __main__ - INFO - 📊 Stats - Uptime: 0:10:02.215832, Messages: 1562, Failed: 0, Clients: 1, WS Connections: 1, Broadcast Failures: 0
2026-05-28 06:21:18,999 - __main__ - INFO - 📊 Stats - Uptime: 0:11:02.236717, Messages: 1851, Failed: 0, Clients: 1, WS Connections: 1, Broadcast Failures: 0
2026-05-28 06:22:18,991 - __main__ - INFO - 📊 Stats - Uptime: 0:12:02.228806, Messages: 2155, Failed: 0, Clients: 1, WS Connections: 1, Broadcast Failures: 0
2026-05-28 06:23:18,990 - __main__ - INFO - 📊 Stats - Uptime: 0:13:02.227973, Messages: 2468, Failed: 0, Clients: 1, WS Connections: 1, Broadcast Failures: 0
2026-05-28 06:24:19,008 - __main__ - INFO - 📊 Stats - Uptime: 0:14:02.246237, Messages: 2776, Failed: 0, Clients: 1, WS Connections: 1, Broadcast Failures: 0
2026-05-28 06:25:19,032 - __main__ - INFO - 📊 Stats - Uptime: 0:15:02.269894, Messages: 3083, Failed: 0, Clients: 1, WS Connections: 1, Broadcast Failures: 0
2026-05-28 06:26:19,041 - __main__ - INFO - 📊 Stats - Uptime: 0:16:02.278956, Messages: 3428, Failed: 0, Clients: 1, WS Connections: 1, Broadcast Failures: 0
2026-05-28 06:27:19,024 - __main__ - INFO - 📊 Stats - Uptime: 0:17:02.262192, Messages: 3775, Failed: 0, Clients: 1, WS Connections: 1, Broadcast Failures: 0
2026-05-28 06:28:19,044 - __main__ - INFO - 📊 Stats - Uptime: 0:18:02.282158, Messages: 4123, Failed: 0, Clients: 1, WS Connections: 1, Broadcast Failures: 0
2026-05-28 06:29:19,066 - __main__ - INFO - 📊 Stats - Uptime: 0:19:02.303901, Messages: 4471, Failed: 0, Clients: 1, WS Connections: 1, Broadcast Failures: 0
2026-05-28 06:30:19,078 - __main__ - INFO - 📊 Stats - Uptime: 0:20:02.315830, Messages: 4818, Failed: 0, Clients: 1, WS Connections: 1, Broadcast Failures: 0
2026-05-28 06:31:19,097 - __main__ - INFO - 📊 Stats - Uptime: 0:21:02.335251, Messages: 5161, Failed: 0, Clients: 1, WS Connections: 1, Broadcast Failures: 0
2026-05-28 06:32:19,109 - __main__ - INFO - 📊 Stats - Uptime: 0:22:02.347121, Messages: 5507, Failed: 0, Clients: 1, WS Connections: 1, Broadcast Failures: 0
2026-05-28 06:33:19,131 - __main__ - INFO - 📊 Stats - Uptime: 0:23:02.369220, Messages: 5857, Failed: 0, Clients: 1, WS Connections: 1, Broadcast Failures: 0
2026-05-28 06:34:19,149 - __main__ - INFO - 📊 Stats - Uptime: 0:24:02.386993, Messages: 6205, Failed: 0, Clients: 1, WS Connections: 1, Broadcast Failures: 0
2026-05-28 06:35:19,174 - __main__ - INFO - 📊 Stats - Uptime: 0:25:02.411786, Messages: 6555, Failed: 0, Clients: 1, WS Connections: 1, Broadcast Failures: 0
2026-05-28 06:36:19,184 - __main__ - INFO - 📊 Stats - Uptime: 0:26:02.422218, Messages: 6905, Failed: 0, Clients: 1, WS Connections: 1, Broadcast Failures: 0
2026-05-28 06:37:19,198 - __main__ - INFO - 📊 Stats - Uptime: 0:27:02.436154, Messages: 7255, Failed: 0, Clients: 1, WS Connections: 1, Broadcast Failures: 0
2026-05-28 06:38:00,226 - __main__ - WARNING - Broadcast timeout to client, marking as disconnected
2026-05-28 06:38:00,249 - __main__ - INFO - Removed 1 disconnected clients
2026-05-28 06:38:05,242 - __main__ - INFO - 🔌 WebSocket connection removed. Remaining: 0
2026-05-28 06:38:19,218 - __main__ - INFO - 📊 Stats - Uptime: 0:28:02.456546, Messages: 7603, Failed: 0, Clients: 1, WS Connections: 0, Broadcast Failures: 0
2026-05-28 06:39:19,254 - __main__ - INFO - 📊 Stats - Uptime: 0:29:02.492457, Messages: 7884, Failed: 0, Clients: 1, WS Connections: 0, Broadcast Failures: 0
2026-05-28 06:40:19,245 - __main__ - INFO - 📊 Stats - Uptime: 0:30:02.483108, Messages: 7884, Failed: 0, Clients: 1, WS Connections: 0, Broadcast Failures: 0
2026-05-28 06:41:19,258 - __main__ - INFO - 📊 Stats - Uptime: 0:31:02.496033, Messages: 7884, Failed: 0, Clients: 1, WS Connections: 0, Broadcast Failures: 0
2026-05-28 06:41:42,896 - __main__ - WARNING - ⚠️ Disconnected from MQTT Broker (rc=7)
2026-05-28 06:41:42,896 - __main__ - INFO - Will attempt to reconnect in 5 seconds...
2026-05-28 06:41:49,584 - __main__ - INFO - 🛑 Shutting down Lab Monitoring System
2026-05-29 09:51:02,505 - __main__ - INFO - 🚀 Starting Lab Monitoring System v2.1.0
2026-05-29 09:51:02,506 - __main__ - INFO - Configuration: USE_MQTT=True, SERVER_PORT=8800
2026-05-29 09:51:02,516 - __main__ - INFO - 🚀 MQTT client started
2026-05-29 09:51:02,516 - __main__ - INFO - ✅ Connected to MQTT Broker at localhost:1883
2026-05-29 09:51:02,527 - __main__ - INFO - 📡 Subscribed to: lab/monitoring/+ dan lab/command/result/+
2026-05-29 09:51:33,477 - __main__ - INFO - 🔌 WebSocket connected. Total: 1
2026-05-29 09:52:01,557 - __main__ - INFO - 🔌 WebSocket connection removed. Remaining: 0
2026-05-29 09:52:02,003 - __main__ - INFO - 🔌 WebSocket connected. Total: 1
2026-05-29 09:52:02,538 - __main__ - INFO - 📊 Stats - Uptime: 0:01:00.158198, Messages: 0, Failed: 0, Clients: 0, WS Connections: 1, Broadcast Failures: 0
2026-05-29 09:52:37,392 - __main__ - INFO - 🔌 WebSocket connection removed. Remaining: 0
2026-05-29 09:52:37,496 - __main__ - INFO - 🛑 Shutting down Lab Monitoring System
2026-05-29 09:52:38,297 - __main__ - WARNING - ⚠️ Disconnected from MQTT Broker (rc=0)
2026-05-29 09:52:38,297 - __main__ - INFO - Will attempt to reconnect in 5 seconds...
2026-05-29 09:54:30,761 - __main__ - INFO - 🚀 Starting Lab Monitoring System v2.1.0
2026-05-29 09:54:30,761 - __main__ - INFO - Configuration: USE_MQTT=True, SERVER_PORT=8800
2026-05-29 09:54:30,777 - __main__ - INFO - 🚀 MQTT client started
2026-05-29 09:54:30,777 - __main__ - INFO - ✅ Connected to MQTT Broker at localhost:1883
2026-05-29 09:54:30,793 - __main__ - INFO - 📡 Subscribed to: lab/monitoring/+ dan lab/command/result/+
2026-05-29 09:54:40,241 - __main__ - INFO - 🔌 WebSocket connected. Total: 1
2026-05-29 09:55:30,806 - __main__ - INFO - 📊 Stats - Uptime: 0:01:00.076336, Messages: 0, Failed: 0, Clients: 0, WS Connections: 1, Broadcast Failures: 0
2026-05-29 09:55:36,379 - __main__ - INFO - 🔌 WebSocket connection removed. Remaining: 0
2026-05-29 09:55:36,816 - __main__ - INFO - 🔌 WebSocket connected. Total: 1
2026-05-29 09:55:53,768 - __main__ - WARNING - ⚠️ Disconnected from MQTT Broker (rc=7)
2026-05-29 09:55:53,768 - __main__ - INFO - Will attempt to reconnect in 5 seconds...
2026-05-29 09:55:56,123 - __main__ - INFO - 🔌 WebSocket connection removed. Remaining: 0
2026-05-29 09:55:56,234 - __main__ - INFO - 🛑 Shutting down Lab Monitoring System
2026-05-29 09:55:56,830 - __main__ - WARNING - ⚠️ Disconnected from MQTT Broker (rc=0)
2026-05-29 09:55:56,830 - __main__ - INFO - Will attempt to reconnect in 5 seconds...
2026-05-29 10:00:58,199 - __main__ - INFO - 🚀 Starting Lab Monitoring System v2.1.0
2026-05-29 10:00:58,199 - __main__ - INFO - Configuration: USE_MQTT=True, SERVER_PORT=8800
2026-05-29 10:00:58,231 - __main__ - INFO - ✅ Connected to MQTT Broker at localhost:1883
2026-05-29 10:00:58,231 - __main__ - INFO - 🚀 MQTT client started
2026-05-29 10:00:58,231 - __main__ - INFO - 📡 Subscribed to: lab/monitoring/+ dan lab/command/result/+
2026-05-29 10:01:48,711 - __main__ - INFO - 🔌 WebSocket connected. Total: 1
2026-05-29 10:01:58,251 - __main__ - INFO - 📊 Stats - Uptime: 0:01:00.084364, Messages: 0, Failed: 0, Clients: 0, WS Connections: 1, Broadcast Failures: 0
2026-05-29 10:02:58,265 - __main__ - INFO - 📊 Stats - Uptime: 0:02:00.098145, Messages: 0, Failed: 0, Clients: 0, WS Connections: 1, Broadcast Failures: 0
2026-05-29 10:03:58,269 - __main__ - INFO - 📊 Stats - Uptime: 0:03:00.102127, Messages: 0, Failed: 0, Clients: 0, WS Connections: 1, Broadcast Failures: 0
2026-05-29 10:04:58,276 - __main__ - INFO - 📊 Stats - Uptime: 0:04:00.109417, Messages: 0, Failed: 0, Clients: 0, WS Connections: 1, Broadcast Failures: 0
2026-05-29 10:05:21,969 - __main__ - WARNING - ⚠️ Disconnected from MQTT Broker (rc=7)
2026-05-29 10:05:21,971 - __main__ - INFO - Will attempt to reconnect in 5 seconds...
2026-05-29 10:05:24,822 - __main__ - INFO - 🔌 WebSocket connection removed. Remaining: 0
2026-05-29 10:05:24,933 - __main__ - INFO - 🛑 Shutting down Lab Monitoring System
2026-05-29 10:05:25,013 - __main__ - WARNING - ⚠️ Disconnected from MQTT Broker (rc=0)
2026-05-29 10:05:25,013 - __main__ - INFO - Will attempt to reconnect in 5 seconds...
2026-05-29 10:07:57,689 - __main__ - INFO - 🚀 Starting Lab Monitoring System v2.1.0
2026-05-29 10:07:57,689 - __main__ - INFO - Configuration: USE_MQTT=True, SERVER_PORT=8800
2026-05-29 10:07:57,715 - __main__ - INFO - ✅ Connected to MQTT Broker at localhost:1883
2026-05-29 10:07:57,715 - __main__ - INFO - 🚀 MQTT client started
2026-05-29 10:07:57,715 - __main__ - INFO - 📡 Subscribed to: lab/monitoring/+ dan lab/command/result/+
2026-05-29 10:08:11,209 - __main__ - INFO - 🔌 WebSocket connected. Total: 1
2026-05-29 10:08:52,299 - __main__ - WARNING - ⚠️ Disconnected from MQTT Broker (rc=7)
2026-05-29 10:08:52,299 - __main__ - INFO - Will attempt to reconnect in 5 seconds...
2026-05-29 10:08:55,182 - __main__ - INFO - 🔌 WebSocket connection removed. Remaining: 0
2026-05-29 10:08:55,294 - __main__ - INFO - 🛑 Shutting down Lab Monitoring System
2026-05-29 10:08:55,367 - __main__ - WARNING - ⚠️ Disconnected from MQTT Broker (rc=0)
2026-05-29 10:08:55,368 - __main__ - INFO - Will attempt to reconnect in 5 seconds...
2026-05-29 10:09:04,448 - __main__ - INFO - 🚀 Starting Lab Monitoring System v2.1.0
2026-05-29 10:09:04,448 - __main__ - INFO - Configuration: USE_MQTT=True, SERVER_PORT=8800
2026-05-29 10:09:04,459 - __main__ - INFO - 🚀 MQTT client started
2026-05-29 10:09:04,459 - __main__ - INFO - ✅ Connected to MQTT Broker at localhost:1883
2026-05-29 10:09:04,475 - __main__ - INFO - 📡 Subscribed to: lab/monitoring/+ dan lab/command/result/+
2026-05-29 10:09:07,919 - __main__ - INFO - 🔌 WebSocket connected. Total: 1
2026-05-29 10:09:13,068 - __main__ - INFO - 🔌 WebSocket connection removed. Remaining: 0
2026-05-29 10:09:13,452 - __main__ - INFO - 🔌 WebSocket connected. Total: 1
2026-05-29 10:09:41,738 - __main__ - INFO - 🔌 WebSocket connection removed. Remaining: 0
2026-05-29 10:09:42,110 - __main__ - INFO - 🔌 WebSocket connected. Total: 1
2026-05-29 10:10:04,493 - __main__ - INFO - 📊 Stats - Uptime: 0:01:00.083721, Messages: 0, Failed: 0, Clients: 0, WS Connections: 1, Broadcast Failures: 0
2026-05-29 10:11:04,495 - __main__ - INFO - 📊 Stats - Uptime: 0:02:00.086520, Messages: 0, Failed: 0, Clients: 0, WS Connections: 1, Broadcast Failures: 0
2026-05-29 10:12:01,329 - __main__ - INFO - 🔌 WebSocket connection removed. Remaining: 0
2026-05-29 10:12:01,440 - __main__ - INFO - 🛑 Shutting down Lab Monitoring System
2026-05-29 10:12:01,711 - __main__ - WARNING - ⚠️ Disconnected from MQTT Broker (rc=0)
2026-05-29 10:12:01,713 - __main__ - INFO - Will attempt to reconnect in 5 seconds...
2026-05-29 10:12:24,519 - __main__ - INFO - 🚀 Starting Lab Monitoring System v2.1.0
2026-05-29 10:12:24,519 - __main__ - INFO - Configuration: USE_MQTT=True, SERVER_PORT=8800
2026-05-29 10:12:26,590 - __main__ - INFO - ✅ Connected to MQTT Broker at localhost:1883
2026-05-29 10:12:26,590 - __main__ - INFO - 🚀 MQTT client started
2026-05-29 10:12:26,612 - __main__ - INFO - 📡 Subscribed to: lab/monitoring/+ dan lab/command/result/+
2026-05-29 10:12:26,739 - __main__ - INFO - 🔌 WebSocket connected. Total: 1
2026-05-29 10:13:24,222 - __main__ - INFO - 🔌 WebSocket connection removed. Remaining: 0
2026-05-29 10:13:24,600 - __main__ - INFO - 🔌 WebSocket connected. Total: 1
2026-05-29 10:13:26,629 - __main__ - INFO - 📊 Stats - Uptime: 0:01:02.140387, Messages: 1, Failed: 0, Clients: 1, WS Connections: 1, Broadcast Failures: 0
2026-05-29 10:13:28,763 - __main__ - INFO - 🔌 WebSocket connection removed. Remaining: 0
2026-05-29 10:13:28,867 - __main__ - INFO - 🛑 Shutting down Lab Monitoring System
2026-05-29 10:13:29,097 - __main__ - WARNING - ⚠️ Disconnected from MQTT Broker (rc=0)
2026-05-29 10:13:29,098 - __main__ - INFO - Will attempt to reconnect in 5 seconds...
2026-05-29 10:13:43,254 - __main__ - INFO - 🚀 Starting Lab Monitoring System v2.1.0
2026-05-29 10:13:43,255 - __main__ - INFO - Configuration: USE_MQTT=True, SERVER_PORT=8800
2026-05-29 10:13:43,259 - __main__ - INFO - 🚀 MQTT client started
2026-05-29 10:13:43,259 - __main__ - INFO - ✅ Connected to MQTT Broker at localhost:1883
2026-05-29 10:13:43,276 - __main__ - INFO - 📡 Subscribed to: lab/monitoring/+ dan lab/command/result/+
2026-05-29 10:13:44,245 - __main__ - INFO - 🔌 WebSocket connected. Total: 1
2026-05-29 10:14:43,274 - __main__ - INFO - 📊 Stats - Uptime: 0:01:00.055173, Messages: 0, Failed: 0, Clients: 0, WS Connections: 1, Broadcast Failures: 0
2026-05-29 10:15:43,279 - __main__ - INFO - 📊 Stats - Uptime: 0:02:00.060681, Messages: 0, Failed: 0, Clients: 0, WS Connections: 1, Broadcast Failures: 0
2026-05-29 10:16:43,286 - __main__ - INFO - 📊 Stats - Uptime: 0:03:00.067242, Messages: 0, Failed: 0, Clients: 0, WS Connections: 1, Broadcast Failures: 0
2026-05-29 10:17:43,307 - __main__ - INFO - 📊 Stats - Uptime: 0:04:00.088631, Messages: 0, Failed: 0, Clients: 0, WS Connections: 1, Broadcast Failures: 0
2026-05-29 10:18:43,311 - __main__ - INFO - 📊 Stats - Uptime: 0:05:00.092489, Messages: 0, Failed: 0, Clients: 0, WS Connections: 1, Broadcast Failures: 0
2026-05-29 10:19:38,184 - __main__ - INFO - 🔌 WebSocket connection removed. Remaining: 0
2026-05-29 10:19:38,614 - __main__ - INFO - 🔌 WebSocket connected. Total: 1
2026-05-29 10:19:42,055 - __main__ - INFO - 🔌 WebSocket connection removed. Remaining: 0
2026-05-29 10:19:42,169 - __main__ - INFO - 🛑 Shutting down Lab Monitoring System
2026-05-29 10:19:42,830 - __main__ - WARNING - ⚠️ Disconnected from MQTT Broker (rc=0)
2026-05-29 10:19:42,830 - __main__ - INFO - Will attempt to reconnect in 5 seconds...
2026-05-29 10:19:54,337 - __main__ - INFO - 🚀 Starting Lab Monitoring System v2.1.0
2026-05-29 10:19:54,338 - __main__ - INFO - Configuration: USE_MQTT=True, SERVER_PORT=8800
2026-05-29 10:19:54,346 - __main__ - INFO - 🚀 MQTT client started
2026-05-29 10:19:54,347 - __main__ - INFO - ✅ Connected to MQTT Broker at localhost:1883
2026-05-29 10:19:54,358 - __main__ - INFO - 📡 Subscribed to: lab/monitoring/+ dan lab/command/result/+
2026-05-29 10:19:54,895 - __main__ - INFO - 🔌 WebSocket connected. Total: 1
2026-05-29 10:20:12,029 - __main__ - INFO - 🔌 WebSocket connection removed. Remaining: 0
2026-05-29 10:20:12,406 - __main__ - INFO - 🔌 WebSocket connected. Total: 1
2026-05-29 10:20:54,358 - __main__ - INFO - 📊 Stats - Uptime: 0:01:00.060244, Messages: 0, Failed: 0, Clients: 0, WS Connections: 1, Broadcast Failures: 0
2026-05-29 10:21:54,362 - __main__ - INFO - 📊 Stats - Uptime: 0:02:00.063752, Messages: 0, Failed: 0, Clients: 0, WS Connections: 1, Broadcast Failures: 0
2026-05-29 10:22:54,383 - __main__ - INFO - 📊 Stats - Uptime: 0:03:00.084757, Messages: 0, Failed: 0, Clients: 0, WS Connections: 1, Broadcast Failures: 0
2026-05-29 10:23:54,383 - __main__ - INFO - 📊 Stats - Uptime: 0:04:00.084764, Messages: 0, Failed: 0, Clients: 0, WS Connections: 1, Broadcast Failures: 0
2026-05-29 10:23:58,014 - __main__ - WARNING - ⚠️ Disconnected from MQTT Broker (rc=7)
2026-05-29 10:23:58,017 - __main__ - INFO - Will attempt to reconnect in 5 seconds...
2026-05-29 10:24:01,070 - __main__ - INFO - ✅ Connected to MQTT Broker at localhost:1883
2026-05-29 10:24:01,070 - __main__ - INFO - 📡 Subscribed to: lab/monitoring/+ dan lab/command/result/+
2026-05-29 10:24:02,269 - __main__ - INFO - 🔌 WebSocket connection removed. Remaining: 0
2026-05-29 10:24:02,380 - __main__ - INFO - 🛑 Shutting down Lab Monitoring System
2026-05-29 10:24:03,078 - __main__ - WARNING - ⚠️ Disconnected from MQTT Broker (rc=0)
2026-05-29 10:24:03,078 - __main__ - INFO - Will attempt to reconnect in 5 seconds...
2026-05-29 10:28:05,620 - __main__ - INFO - 🚀 Starting Lab Monitoring System v2.1.0
2026-05-29 10:28:05,620 - __main__ - INFO - Configuration: USE_MQTT=True, SERVER_PORT=8800
2026-05-29 10:28:07,692 - __main__ - INFO - 🚀 MQTT client started
2026-05-29 10:28:07,692 - __main__ - INFO - ✅ Connected to MQTT Broker at localhost:1883
2026-05-29 10:28:07,704 - __main__ - INFO - 📡 Subscribed to: lab/monitoring/+ dan lab/command/result/+
2026-05-29 10:28:12,533 - __main__ - INFO - 🔌 WebSocket connected. Total: 1
2026-05-29 10:29:07,707 - __main__ - INFO - 📊 Stats - Uptime: 0:01:02.119206, Messages: 115, Failed: 0, Clients: 1, WS Connections: 1, Broadcast Failures: 0
2026-05-29 10:29:16,711 - __main__ - INFO - Command published: tasklist to DESKTOP-RDHIAJV (ID: DESKTOP-RDHIAJV_1780025356711_7755, params: {})
2026-05-29 10:29:17,822 - commands - INFO - Command: tasklist | Host: DESKTOP-RDHIAJV | Status: success | Output: 
Image Name                     PID Session Name        Session#    Mem Usage
======================...
2026-05-29 10:29:17,832 - __main__ - INFO - [✓] Command result diterima: tasklist dari DESKTOP-RDHIAJV
2026-05-29 10:29:28,912 - __main__ - INFO - Command published: tasklist to DESKTOP-RDHIAJV (ID: DESKTOP-RDHIAJV_1780025368912_9203, params: {})
2026-05-29 10:29:30,004 - commands - INFO - Command: tasklist | Host: DESKTOP-RDHIAJV | Status: success | Output: 
Image Name                     PID Session Name        Session#    Mem Usage
======================...
2026-05-29 10:29:30,005 - __main__ - INFO - [✓] Command result diterima: tasklist dari DESKTOP-RDHIAJV
2026-05-29 10:29:51,745 - __main__ - INFO - Command published: taskkill to DESKTOP-RDHIAJV (ID: DESKTOP-RDHIAJV_1780025391745_4808, params: {'process_name': 'WINWORD.EXE'})
2026-05-29 10:29:52,367 - commands - INFO - Command: taskkill | Host: DESKTOP-RDHIAJV | Status: success | Output: SUCCESS: The process "WINWORD.EXE" with PID 7472 has been terminated.
...
2026-05-29 10:29:52,368 - __main__ - INFO - [✓] Command result diterima: taskkill dari DESKTOP-RDHIAJV
2026-05-29 10:30:07,718 - __main__ - INFO - 📊 Stats - Uptime: 0:02:02.130121, Messages: 302, Failed: 0, Clients: 1, WS Connections: 1, Broadcast Failures: 0
2026-05-29 10:31:07,727 - __main__ - INFO - 📊 Stats - Uptime: 0:03:02.139311, Messages: 523, Failed: 0, Clients: 1, WS Connections: 1, Broadcast Failures: 0
2026-05-29 10:31:45,613 - __main__ - INFO - 🔌 WebSocket connection removed. Remaining: 0
2026-05-29 10:31:46,065 - __main__ - INFO - 🔌 WebSocket connected. Total: 1
2026-05-29 10:32:07,727 - __main__ - INFO - 📊 Stats - Uptime: 0:04:02.139843, Messages: 795, Failed: 0, Clients: 1, WS Connections: 1, Broadcast Failures: 0
2026-05-29 10:33:07,728 - __main__ - INFO - 📊 Stats - Uptime: 0:05:02.140662, Messages: 1087, Failed: 0, Clients: 1, WS Connections: 1, Broadcast Failures: 0
2026-05-29 10:34:07,724 - __main__ - INFO - 📊 Stats - Uptime: 0:06:02.136258, Messages: 1363, Failed: 0, Clients: 1, WS Connections: 1, Broadcast Failures: 0
2026-05-29 10:35:07,720 - __main__ - INFO - 📊 Stats - Uptime: 0:07:02.133053, Messages: 1614, Failed: 0, Clients: 1, WS Connections: 1, Broadcast Failures: 0
2026-05-29 10:36:07,719 - __main__ - INFO - 📊 Stats - Uptime: 0:08:02.131900, Messages: 1850, Failed: 0, Clients: 1, WS Connections: 1, Broadcast Failures: 0
2026-05-29 10:36:13,849 - __main__ - INFO - 🚀 Starting Lab Monitoring System v2.1.0
2026-05-29 10:36:13,858 - __main__ - INFO - Configuration: USE_MQTT=True, SERVER_PORT=8800
2026-05-29 10:36:15,956 - __main__ - INFO - 🚀 MQTT client started
2026-05-29 10:36:15,956 - __main__ - INFO - ✅ Connected to MQTT Broker at localhost:1883
2026-05-29 10:36:16,029 - __main__ - INFO - 📡 Subscribed to: lab/monitoring/+ dan lab/command/result/+
2026-05-29 10:36:16,041 - __main__ - INFO - 🛑 Shutting down Lab Monitoring System
2026-05-29 10:36:17,049 - __main__ - WARNING - ⚠️ Disconnected from MQTT Broker (rc=0)
2026-05-29 10:36:17,051 - __main__ - INFO - Will attempt to reconnect in 5 seconds...
2026-05-29 10:37:07,735 - __main__ - INFO - 📊 Stats - Uptime: 0:09:02.147557, Messages: 1850, Failed: 0, Clients: 1, WS Connections: 1, Broadcast Failures: 0
2026-05-29 10:38:01,147 - __main__ - INFO - 🔌 WebSocket connection removed. Remaining: 0
2026-05-29 10:38:01,595 - __main__ - INFO - 🔌 WebSocket connected. Total: 1
2026-05-29 10:38:07,752 - __main__ - INFO - 📊 Stats - Uptime: 0:10:02.164721, Messages: 1850, Failed: 0, Clients: 1, WS Connections: 1, Broadcast Failures: 0
2026-05-29 10:39:07,780 - __main__ - INFO - 📊 Stats - Uptime: 0:11:02.192159, Messages: 1850, Failed: 0, Clients: 1, WS Connections: 1, Broadcast Failures: 0
2026-05-29 10:40:07,793 - __main__ - INFO - 📊 Stats - Uptime: 0:12:02.205214, Messages: 1850, Failed: 0, Clients: 1, WS Connections: 1, Broadcast Failures: 0
2026-05-29 10:41:07,796 - __main__ - INFO - 📊 Stats - Uptime: 0:13:02.208910, Messages: 1850, Failed: 0, Clients: 1, WS Connections: 1, Broadcast Failures: 0
2026-05-29 10:42:07,800 - __main__ - INFO - 📊 Stats - Uptime: 0:14:02.212476, Messages: 1850, Failed: 0, Clients: 1, WS Connections: 1, Broadcast Failures: 0
2026-05-29 10:43:07,797 - __main__ - INFO - 📊 Stats - Uptime: 0:15:02.209366, Messages: 1850, Failed: 0, Clients: 1, WS Connections: 1, Broadcast Failures: 0
2026-05-29 10:44:07,810 - __main__ - INFO - 📊 Stats - Uptime: 0:16:02.222132, Messages: 1850, Failed: 0, Clients: 1, WS Connections: 1, Broadcast Failures: 0
2026-05-29 10:45:07,811 - __main__ - INFO - 📊 Stats - Uptime: 0:17:02.221453, Messages: 1850, Failed: 0, Clients: 1, WS Connections: 1, Broadcast Failures: 0
2026-05-29 10:46:07,816 - __main__ - INFO - 📊 Stats - Uptime: 0:18:02.228796, Messages: 1850, Failed: 0, Clients: 1, WS Connections: 1, Broadcast Failures: 0
2026-05-29 10:46:50,408 - __main__ - INFO - 🔌 WebSocket connection removed. Remaining: 0
2026-05-29 10:46:50,842 - __main__ - INFO - 🔌 WebSocket connected. Total: 1
2026-05-29 10:47:07,828 - __main__ - INFO - 📊 Stats - Uptime: 0:19:02.240226, Messages: 1852, Failed: 0, Clients: 1, WS Connections: 1, Broadcast Failures: 0
2026-05-29 10:47:17,902 - __main__ - WARNING - Unauthorized command attempt: restart
2026-05-29 10:48:07,851 - __main__ - INFO - 📊 Stats - Uptime: 0:20:02.263972, Messages: 2054, Failed: 0, Clients: 1, WS Connections: 1, Broadcast Failures: 0
2026-05-29 10:48:30,601 - __main__ - INFO - 🚀 Starting Lab Monitoring System v2.1.0
2026-05-29 10:48:30,601 - __main__ - INFO - Configuration: USE_MQTT=True, SERVER_PORT=8800
2026-05-29 10:48:32,651 - __main__ - INFO - 🚀 MQTT client started
2026-05-29 10:48:32,651 - __main__ - INFO - ✅ Connected to MQTT Broker at localhost:1883
2026-05-29 10:48:32,670 - __main__ - INFO - 📡 Subscribed to: lab/monitoring/+ dan lab/command/result/+
2026-05-29 10:48:41,198 - __main__ - INFO - 🔌 WebSocket connected. Total: 1
2026-05-29 10:49:05,928 - __main__ - INFO - 🚀 Starting Lab Monitoring System v2.1.0
2026-05-29 10:49:05,928 - __main__ - INFO - Configuration: USE_MQTT=True, SERVER_PORT=8800
2026-05-29 10:49:07,974 - __main__ - INFO - 🚀 MQTT client started
2026-05-29 10:49:07,974 - __main__ - INFO - ✅ Connected to MQTT Broker at localhost:1883
2026-05-29 10:49:08,001 - __main__ - INFO - 📡 Subscribed to: lab/monitoring/+ dan lab/command/result/+
2026-05-29 10:49:08,002 - __main__ - INFO - 🛑 Shutting down Lab Monitoring System
2026-05-29 10:49:08,625 - __main__ - WARNING - ⚠️ Disconnected from MQTT Broker (rc=0)
2026-05-29 10:49:08,625 - __main__ - INFO - Will attempt to reconnect in 5 seconds...
2026-05-29 10:49:10,545 - __main__ - INFO - 🔌 WebSocket connection removed. Remaining: 0
2026-05-29 10:49:10,964 - __main__ - INFO - 🔌 WebSocket connected. Total: 1
2026-05-29 10:49:16,436 - __main__ - INFO - Command published: restart to DESKTOP-RDHIAJV (ID: DESKTOP-RDHIAJV_1780026556436_9492, params: {})
2026-05-29 10:49:16,650 - commands - INFO - Command: restart | Host: DESKTOP-RDHIAJV | Status: success | Output: ...
2026-05-29 10:49:16,656 - __main__ - INFO - [✓] Command result diterima: restart dari DESKTOP-RDHIAJV
2026-05-29 10:49:32,658 - __main__ - INFO - 📊 Stats - Uptime: 0:01:02.106267, Messages: 176, Failed: 0, Clients: 1, WS Connections: 1, Broadcast Failures: 0
2026-05-29 10:50:32,662 - __main__ - INFO - 📊 Stats - Uptime: 0:02:02.110163, Messages: 233, Failed: 0, Clients: 1, WS Connections: 1, Broadcast Failures: 0
2026-05-29 10:51:32,662 - __main__ - INFO - 📊 Stats - Uptime: 0:03:02.109799, Messages: 233, Failed: 0, Clients: 1, WS Connections: 1, Broadcast Failures: 0
2026-05-29 10:52:32,663 - __main__ - INFO - 📊 Stats - Uptime: 0:04:02.110816, Messages: 233, Failed: 0, Clients: 1, WS Connections: 1, Broadcast Failures: 0
2026-05-29 10:53:32,664 - __main__ - INFO - 📊 Stats - Uptime: 0:05:02.111946, Messages: 233, Failed: 0, Clients: 1, WS Connections: 1, Broadcast Failures: 0
2026-05-29 10:54:32,675 - __main__ - INFO - 📊 Stats - Uptime: 0:06:02.122541, Messages: 233, Failed: 0, Clients: 1, WS Connections: 1, Broadcast Failures: 0
2026-05-29 10:55:32,689 - __main__ - INFO - 📊 Stats - Uptime: 0:07:02.137051, Messages: 233, Failed: 0, Clients: 1, WS Connections: 1, Broadcast Failures: 0
2026-05-29 10:56:32,702 - __main__ - INFO - 📊 Stats - Uptime: 0:08:02.149975, Messages: 233, Failed: 0, Clients: 1, WS Connections: 1, Broadcast Failures: 0
2026-05-29 10:57:32,716 - __main__ - INFO - 📊 Stats - Uptime: 0:09:02.164438, Messages: 233, Failed: 0, Clients: 1, WS Connections: 1, Broadcast Failures: 0
2026-05-29 10:58:32,721 - __main__ - INFO - 📊 Stats - Uptime: 0:10:02.168711, Messages: 233, Failed: 0, Clients: 1, WS Connections: 1, Broadcast Failures: 0
2026-05-29 10:59:32,725 - __main__ - INFO - 📊 Stats - Uptime: 0:11:02.172591, Messages: 233, Failed: 0, Clients: 1, WS Connections: 1, Broadcast Failures: 0
2026-05-29 11:00:32,725 - __main__ - INFO - 📊 Stats - Uptime: 0:12:02.173209, Messages: 233, Failed: 0, Clients: 1, WS Connections: 1, Broadcast Failures: 0
2026-05-29 11:01:32,725 - __main__ - INFO - 📊 Stats - Uptime: 0:13:02.173276, Messages: 233, Failed: 0, Clients: 1, WS Connections: 1, Broadcast Failures: 0
2026-05-29 11:02:32,726 - __main__ - INFO - 📊 Stats - Uptime: 0:14:02.173921, Messages: 233, Failed: 0, Clients: 1, WS Connections: 1, Broadcast Failures: 0
2026-05-29 11:03:32,731 - __main__ - INFO - 📊 Stats - Uptime: 0:15:02.178751, Messages: 233, Failed: 0, Clients: 1, WS Connections: 1, Broadcast Failures: 0
2026-05-29 11:04:32,723 - __main__ - INFO - 📊 Stats - Uptime: 0:16:02.171345, Messages: 233, Failed: 0, Clients: 1, WS Connections: 1, Broadcast Failures: 0
2026-05-29 11:05:32,730 - __main__ - INFO - 📊 Stats - Uptime: 0:17:02.177711, Messages: 233, Failed: 0, Clients: 1, WS Connections: 1, Broadcast Failures: 0
2026-05-29 11:06:32,747 - __main__ - INFO - 📊 Stats - Uptime: 0:18:02.194916, Messages: 233, Failed: 0, Clients: 1, WS Connections: 1, Broadcast Failures: 0
2026-05-29 11:07:32,746 - __main__ - INFO - 📊 Stats - Uptime: 0:19:02.193679, Messages: 233, Failed: 0, Clients: 1, WS Connections: 1, Broadcast Failures: 0
2026-05-29 11:08:32,761 - __main__ - INFO - 📊 Stats - Uptime: 0:20:02.208814, Messages: 233, Failed: 0, Clients: 1, WS Connections: 1, Broadcast Failures: 0
2026-05-29 11:09:32,756 - __main__ - INFO - 📊 Stats - Uptime: 0:21:02.204365, Messages: 233, Failed: 0, Clients: 1, WS Connections: 1, Broadcast Failures: 0
2026-05-29 11:10:32,749 - __main__ - INFO - 📊 Stats - Uptime: 0:22:02.196497, Messages: 233, Failed: 0, Clients: 1, WS Connections: 1, Broadcast Failures: 0
2026-05-29 11:11:32,762 - __main__ - INFO - 📊 Stats - Uptime: 0:23:02.209761, Messages: 233, Failed: 0, Clients: 1, WS Connections: 1, Broadcast Failures: 0
2026-05-29 11:12:32,768 - __main__ - INFO - 📊 Stats - Uptime: 0:24:02.216360, Messages: 233, Failed: 0, Clients: 1, WS Connections: 1, Broadcast Failures: 0
2026-05-29 11:13:32,771 - __main__ - INFO - 📊 Stats - Uptime: 0:25:02.218478, Messages: 233, Failed: 0, Clients: 1, WS Connections: 1, Broadcast Failures: 0
2026-05-29 11:14:32,772 - __main__ - INFO - 📊 Stats - Uptime: 0:26:02.220246, Messages: 233, Failed: 0, Clients: 1, WS Connections: 1, Broadcast Failures: 0
2026-05-29 11:15:32,777 - __main__ - INFO - 📊 Stats - Uptime: 0:27:02.225355, Messages: 233, Failed: 0, Clients: 1, WS Connections: 1, Broadcast Failures: 0
2026-05-29 11:16:32,776 - __main__ - INFO - 📊 Stats - Uptime: 0:28:02.224280, Messages: 233, Failed: 0, Clients: 1, WS Connections: 1, Broadcast Failures: 0
2026-05-29 11:17:32,771 - __main__ - INFO - 📊 Stats - Uptime: 0:29:02.218611, Messages: 233, Failed: 0, Clients: 1, WS Connections: 1, Broadcast Failures: 0
2026-05-29 11:18:32,768 - __main__ - INFO - 📊 Stats - Uptime: 0:30:02.215632, Messages: 233, Failed: 0, Clients: 1, WS Connections: 1, Broadcast Failures: 0
2026-05-29 11:19:32,767 - __main__ - INFO - 📊 Stats - Uptime: 0:31:02.214720, Messages: 233, Failed: 0, Clients: 1, WS Connections: 1, Broadcast Failures: 0
2026-05-29 11:20:32,775 - __main__ - INFO - 📊 Stats - Uptime: 0:32:02.223390, Messages: 233, Failed: 0, Clients: 1, WS Connections: 1, Broadcast Failures: 0
2026-05-29 11:21:32,772 - __main__ - INFO - 📊 Stats - Uptime: 0:33:02.219980, Messages: 233, Failed: 0, Clients: 1, WS Connections: 1, Broadcast Failures: 0
2026-05-29 11:22:32,777 - __main__ - INFO - 📊 Stats - Uptime: 0:34:02.224732, Messages: 233, Failed: 0, Clients: 1, WS Connections: 1, Broadcast Failures: 0
2026-05-29 11:23:32,792 - __main__ - INFO - 📊 Stats - Uptime: 0:35:02.239999, Messages: 233, Failed: 0, Clients: 1, WS Connections: 1, Broadcast Failures: 0
2026-05-29 11:24:32,788 - __main__ - INFO - 📊 Stats - Uptime: 0:36:02.235927, Messages: 233, Failed: 0, Clients: 1, WS Connections: 1, Broadcast Failures: 0
2026-05-29 11:25:32,794 - __main__ - INFO - 📊 Stats - Uptime: 0:37:02.241657, Messages: 233, Failed: 0, Clients: 1, WS Connections: 1, Broadcast Failures: 0
2026-05-29 11:26:32,805 - __main__ - INFO - 📊 Stats - Uptime: 0:38:02.252669, Messages: 233, Failed: 0, Clients: 1, WS Connections: 1, Broadcast Failures: 0
2026-05-29 11:27:32,809 - __main__ - INFO - 📊 Stats - Uptime: 0:39:02.257434, Messages: 233, Failed: 0, Clients: 1, WS Connections: 1, Broadcast Failures: 0
2026-05-29 11:28:15,024 - __main__ - WARNING - ⚠️ Disconnected from MQTT Broker (rc=7)
2026-05-29 11:28:15,025 - __main__ - INFO - Will attempt to reconnect in 5 seconds...
2026-05-29 11:28:32,811 - __main__ - INFO - 📊 Stats - Uptime: 0:40:02.259054, Messages: 233, Failed: 0, Clients: 1, WS Connections: 1, Broadcast Failures: 0
2026-05-29 11:29:21,207 - __main__ - INFO - 🔌 WebSocket connection removed. Remaining: 0
2026-05-29 11:29:21,637 - __main__ - INFO - 🔌 WebSocket connected. Total: 1
2026-05-29 11:29:32,818 - __main__ - INFO - 📊 Stats - Uptime: 0:41:02.265584, Messages: 233, Failed: 0, Clients: 1, WS Connections: 1, Broadcast Failures: 0
2026-05-29 11:30:32,824 - __main__ - INFO - 📊 Stats - Uptime: 0:42:02.271705, Messages: 233, Failed: 0, Clients: 1, WS Connections: 1, Broadcast Failures: 0
2026-05-29 11:31:32,831 - __main__ - INFO - 📊 Stats - Uptime: 0:43:02.279182, Messages: 233, Failed: 0, Clients: 1, WS Connections: 1, Broadcast Failures: 0
2026-05-29 11:32:32,833 - __main__ - INFO - 📊 Stats - Uptime: 0:44:02.281376, Messages: 233, Failed: 0, Clients: 1, WS Connections: 1, Broadcast Failures: 0
2026-05-29 11:33:32,833 - __main__ - INFO - 📊 Stats - Uptime: 0:45:02.281097, Messages: 233, Failed: 0, Clients: 1, WS Connections: 1, Broadcast Failures: 0
2026-05-29 11:34:32,845 - __main__ - INFO - 📊 Stats - Uptime: 0:46:02.293045, Messages: 233, Failed: 0, Clients: 1, WS Connections: 1, Broadcast Failures: 0
2026-05-29 11:35:32,856 - __main__ - INFO - 📊 Stats - Uptime: 0:47:02.304026, Messages: 233, Failed: 0, Clients: 1, WS Connections: 1, Broadcast Failures: 0
2026-05-29 11:36:32,864 - __main__ - INFO - 📊 Stats - Uptime: 0:48:02.311950, Messages: 233, Failed: 0, Clients: 1, WS Connections: 1, Broadcast Failures: 0
2026-05-29 11:37:32,874 - __main__ - INFO - 📊 Stats - Uptime: 0:49:02.322036, Messages: 233, Failed: 0, Clients: 1, WS Connections: 1, Broadcast Failures: 0
2026-05-29 11:38:32,887 - __main__ - INFO - 📊 Stats - Uptime: 0:50:02.335092, Messages: 233, Failed: 0, Clients: 1, WS Connections: 1, Broadcast Failures: 0
2026-05-29 11:39:32,900 - __main__ - INFO - 📊 Stats - Uptime: 0:51:02.347711, Messages: 233, Failed: 0, Clients: 1, WS Connections: 1, Broadcast Failures: 0
2026-05-29 11:40:32,896 - __main__ - INFO - 📊 Stats - Uptime: 0:52:02.343912, Messages: 233, Failed: 0, Clients: 1, WS Connections: 1, Broadcast Failures: 0
2026-05-29 11:41:32,902 - __main__ - INFO - 📊 Stats - Uptime: 0:53:02.350290, Messages: 233, Failed: 0, Clients: 1, WS Connections: 1, Broadcast Failures: 0
2026-05-29 11:42:32,902 - __main__ - INFO - 📊 Stats - Uptime: 0:54:02.350046, Messages: 233, Failed: 0, Clients: 1, WS Connections: 1, Broadcast Failures: 0
2026-05-29 11:43:32,901 - __main__ - INFO - 📊 Stats - Uptime: 0:55:02.348963, Messages: 233, Failed: 0, Clients: 1, WS Connections: 1, Broadcast Failures: 0
2026-05-29 11:44:32,899 - __main__ - INFO - 📊 Stats - Uptime: 0:56:02.347355, Messages: 233, Failed: 0, Clients: 1, WS Connections: 1, Broadcast Failures: 0
2026-05-29 11:45:32,898 - __main__ - INFO - 📊 Stats - Uptime: 0:57:02.346142, Messages: 233, Failed: 0, Clients: 1, WS Connections: 1, Broadcast Failures: 0
2026-05-29 11:46:32,895 - __main__ - INFO - 📊 Stats - Uptime: 0:58:02.342736, Messages: 233, Failed: 0, Clients: 1, WS Connections: 1, Broadcast Failures: 0
2026-05-29 11:47:32,898 - __main__ - INFO - 📊 Stats - Uptime: 0:59:02.345884, Messages: 233, Failed: 0, Clients: 1, WS Connections: 1, Broadcast Failures: 0
2026-05-29 11:48:32,903 - __main__ - INFO - 📊 Stats - Uptime: 1:00:02.350713, Messages: 233, Failed: 0, Clients: 1, WS Connections: 1, Broadcast Failures: 0
2026-05-29 11:49:32,904 - __main__ - INFO - 📊 Stats - Uptime: 1:01:02.352216, Messages: 233, Failed: 0, Clients: 1, WS Connections: 1, Broadcast Failures: 0
2026-05-29 11:50:32,915 - __main__ - INFO - 📊 Stats - Uptime: 1:02:02.363396, Messages: 233, Failed: 0, Clients: 1, WS Connections: 1, Broadcast Failures: 0
2026-05-29 11:51:32,918 - __main__ - INFO - 📊 Stats - Uptime: 1:03:02.366020, Messages: 233, Failed: 0, Clients: 1, WS Connections: 1, Broadcast Failures: 0
2026-05-29 11:52:32,918 - __main__ - INFO - 📊 Stats - Uptime: 1:04:02.365745, Messages: 233, Failed: 0, Clients: 1, WS Connections: 1, Broadcast Failures: 0
2026-05-29 11:53:32,919 - __main__ - INFO - 📊 Stats - Uptime: 1:05:02.366497, Messages: 233, Failed: 0, Clients: 1, WS Connections: 1, Broadcast Failures: 0
2026-05-29 11:54:32,927 - __main__ - INFO - 📊 Stats - Uptime: 1:06:02.374634, Messages: 233, Failed: 0, Clients: 1, WS Connections: 1, Broadcast Failures: 0
2026-05-29 11:55:32,922 - __main__ - INFO - 📊 Stats - Uptime: 1:07:02.369889, Messages: 233, Failed: 0, Clients: 1, WS Connections: 1, Broadcast Failures: 0
2026-05-29 11:56:32,930 - __main__ - INFO - 📊 Stats - Uptime: 1:08:02.378402, Messages: 233, Failed: 0, Clients: 1, WS Connections: 1, Broadcast Failures: 0
2026-05-29 11:57:32,924 - __main__ - INFO - 📊 Stats - Uptime: 1:09:02.372330, Messages: 233, Failed: 0, Clients: 1, WS Connections: 1, Broadcast Failures: 0
2026-05-29 11:58:32,934 - __main__ - INFO - 📊 Stats - Uptime: 1:10:02.382015, Messages: 233, Failed: 0, Clients: 1, WS Connections: 1, Broadcast Failures: 0
2026-05-29 11:59:32,933 - __main__ - INFO - 📊 Stats - Uptime: 1:11:02.380841, Messages: 233, Failed: 0, Clients: 1, WS Connections: 1, Broadcast Failures: 0
2026-05-29 12:00:32,930 - __main__ - INFO - 📊 Stats - Uptime: 1:12:02.377741, Messages: 233, Failed: 0, Clients: 1, WS Connections: 1, Broadcast Failures: 0
2026-05-29 12:01:32,936 - __main__ - INFO - 📊 Stats - Uptime: 1:13:02.383501, Messages: 233, Failed: 0, Clients: 1, WS Connections: 1, Broadcast Failures: 0
2026-05-29 12:02:32,955 - __main__ - INFO - 📊 Stats - Uptime: 1:14:02.403302, Messages: 233, Failed: 0, Clients: 1, WS Connections: 1, Broadcast Failures: 0
2026-05-29 12:03:32,954 - __main__ - INFO - 📊 Stats - Uptime: 1:15:02.401906, Messages: 233, Failed: 0, Clients: 1, WS Connections: 1, Broadcast Failures: 0
2026-05-29 12:04:32,960 - __main__ - INFO - 📊 Stats - Uptime: 1:16:02.408077, Messages: 233, Failed: 0, Clients: 1, WS Connections: 1, Broadcast Failures: 0
2026-05-29 12:05:14,477 - __main__ - INFO - 🔌 WebSocket connection removed. Remaining: 0
2026-05-29 13:31:14,819 - __main__ - INFO - 🚀 Starting Lab Monitoring System v2.1.0
2026-05-29 13:31:14,819 - __main__ - INFO - Configuration: USE_MQTT=True, SERVER_PORT=8800
2026-05-29 13:31:14,850 - __main__ - INFO - ✅ Connected to MQTT Broker at localhost:1883
2026-05-29 13:31:14,850 - __main__ - INFO - 🚀 MQTT client started
2026-05-29 13:31:14,850 - __main__ - INFO - 📡 Subscribed to: lab/monitoring/+ dan lab/command/result/+
2026-05-29 13:31:22,964 - __main__ - INFO - 🔌 WebSocket connected. Total: 1
2026-05-29 13:32:14,847 - __main__ - INFO - 📊 Stats - Uptime: 0:01:00.187164, Messages: 0, Failed: 0, Clients: 0, WS Connections: 1, Broadcast Failures: 0
2026-05-29 13:33:14,859 - __main__ - INFO - 📊 Stats - Uptime: 0:02:00.198990, Messages: 0, Failed: 0, Clients: 0, WS Connections: 1, Broadcast Failures: 0
2026-05-29 13:34:14,864 - __main__ - INFO - 📊 Stats - Uptime: 0:03:00.203878, Messages: 0, Failed: 0, Clients: 0, WS Connections: 1, Broadcast Failures: 0
2026-05-29 13:35:14,864 - __main__ - INFO - 📊 Stats - Uptime: 0:04:00.204559, Messages: 0, Failed: 0, Clients: 0, WS Connections: 1, Broadcast Failures: 0
2026-05-29 13:36:14,855 - __main__ - INFO - 📊 Stats - Uptime: 0:05:00.195064, Messages: 0, Failed: 0, Clients: 0, WS Connections: 1, Broadcast Failures: 0
2026-05-29 13:37:14,860 - __main__ - INFO - 📊 Stats - Uptime: 0:06:00.200434, Messages: 0, Failed: 0, Clients: 0, WS Connections: 1, Broadcast Failures: 0
2026-05-29 13:38:14,863 - __main__ - INFO - 📊 Stats - Uptime: 0:07:00.203489, Messages: 0, Failed: 0, Clients: 0, WS Connections: 1, Broadcast Failures: 0
2026-05-29 13:39:14,869 - __main__ - INFO - 📊 Stats - Uptime: 0:08:00.208868, Messages: 0, Failed: 0, Clients: 0, WS Connections: 1, Broadcast Failures: 0
2026-05-29 13:40:14,875 - __main__ - INFO - 📊 Stats - Uptime: 0:09:00.215333, Messages: 0, Failed: 0, Clients: 0, WS Connections: 1, Broadcast Failures: 0
2026-05-29 13:41:04,295 - __main__ - INFO - 🔌 WebSocket connection removed. Remaining: 0
2026-05-29 13:41:04,742 - __main__ - INFO - 🔌 WebSocket connected. Total: 1
2026-05-29 13:41:05,274 - __main__ - INFO - 🔌 WebSocket connection removed. Remaining: 0
2026-05-29 13:41:05,680 - __main__ - INFO - 🔌 WebSocket connected. Total: 1
2026-05-29 13:41:06,146 - __main__ - INFO - 🔌 WebSocket connection removed. Remaining: 0
2026-05-29 13:41:06,559 - __main__ - INFO - 🔌 WebSocket connected. Total: 1
2026-05-29 13:41:14,869 - __main__ - INFO - 📊 Stats - Uptime: 0:10:00.209673, Messages: 0, Failed: 0, Clients: 0, WS Connections: 1, Broadcast Failures: 0
2026-05-29 13:41:41,050 - __main__ - WARNING - ⚠️ Disconnected from MQTT Broker (rc=7)
2026-05-29 13:41:41,050 - __main__ - INFO - Will attempt to reconnect in 5 seconds...
2026-05-29 13:41:44,152 - __main__ - INFO - ✅ Connected to MQTT Broker at localhost:1883
2026-05-29 13:41:44,152 - __main__ - INFO - 📡 Subscribed to: lab/monitoring/+ dan lab/command/result/+
2026-05-29 13:42:14,865 - __main__ - INFO - 📊 Stats - Uptime: 0:11:00.205113, Messages: 165, Failed: 0, Clients: 1, WS Connections: 1, Broadcast Failures: 0
2026-05-29 13:43:14,854 - __main__ - INFO - 📊 Stats - Uptime: 0:12:00.194315, Messages: 467, Failed: 0, Clients: 1, WS Connections: 1, Broadcast Failures: 0
2026-05-29 13:44:14,863 - __main__ - INFO - 📊 Stats - Uptime: 0:13:00.203494, Messages: 785, Failed: 0, Clients: 1, WS Connections: 1, Broadcast Failures: 0
2026-05-29 13:45:14,869 - __main__ - INFO - 📊 Stats - Uptime: 0:14:00.209631, Messages: 1102, Failed: 0, Clients: 1, WS Connections: 1, Broadcast Failures: 0
2026-05-29 13:46:14,896 - __main__ - INFO - 📊 Stats - Uptime: 0:15:00.235882, Messages: 1432, Failed: 0, Clients: 1, WS Connections: 1, Broadcast Failures: 0
2026-05-29 13:47:14,901 - __main__ - INFO - 📊 Stats - Uptime: 0:16:00.240835, Messages: 1757, Failed: 0, Clients: 1, WS Connections: 1, Broadcast Failures: 0
2026-05-29 13:48:14,904 - __main__ - INFO - 📊 Stats - Uptime: 0:17:00.244370, Messages: 2049, Failed: 0, Clients: 1, WS Connections: 1, Broadcast Failures: 0
2026-05-29 13:49:14,915 - __main__ - INFO - 📊 Stats - Uptime: 0:18:00.255517, Messages: 2368, Failed: 0, Clients: 1, WS Connections: 1, Broadcast Failures: 0
2026-05-29 13:50:14,903 - __main__ - INFO - 📊 Stats - Uptime: 0:19:00.243817, Messages: 2698, Failed: 0, Clients: 1, WS Connections: 1, Broadcast Failures: 0
2026-05-29 13:51:14,912 - __main__ - INFO - 📊 Stats - Uptime: 0:20:00.252049, Messages: 3027, Failed: 0, Clients: 1, WS Connections: 1, Broadcast Failures: 0
2026-05-29 13:52:14,901 - __main__ - INFO - 📊 Stats - Uptime: 0:21:00.241129, Messages: 3462, Failed: 0, Clients: 2, WS Connections: 1, Broadcast Failures: 0
2026-05-29 13:52:25,920 - __main__ - INFO - Command published: tasklist to expertskydr1v3 (ID: expertskydr1v3_1780037545914_9070, params: {})
2026-05-29 13:52:26,264 - commands - INFO - Command: tasklist | Host: expertskydr1v3 | Status: success | Output: 
Image Name                     PID Session Name        Session#    Mem Usage
======================...
2026-05-29 13:52:26,301 - __main__ - INFO - [✓] Command result diterima: tasklist dari expertskydr1v3
2026-05-29 13:52:44,498 - __main__ - INFO - Command published: tasklist to expertskydr1v3 (ID: expertskydr1v3_1780037564498_5241, params: {})
2026-05-29 13:52:45,108 - commands - INFO - Command: tasklist | Host: expertskydr1v3 | Status: success | Output: 
Image Name                     PID Session Name        Session#    Mem Usage
======================...
2026-05-29 13:52:45,111 - __main__ - INFO - [✓] Command result diterima: tasklist dari expertskydr1v3
2026-05-29 13:52:58,789 - __main__ - INFO - Command published: taskkill to expertskydr1v3 (ID: expertskydr1v3_1780037578789_9679, params: {'process_name': 'WIN'})
2026-05-29 13:52:59,477 - commands - INFO - Command: taskkill | Host: expertskydr1v3 | Status: success | Output: ERROR: The process "WIN" not found.
...
2026-05-29 13:52:59,477 - __main__ - INFO - [✓] Command result diterima: taskkill dari expertskydr1v3
2026-05-29 13:53:04,510 - __main__ - INFO - Command published: taskkill to expertskydr1v3 (ID: expertskydr1v3_1780037584510_9493, params: {'process_name': 'WINWORD.EXE'})
2026-05-29 13:53:04,808 - commands - INFO - Command: taskkill | Host: expertskydr1v3 | Status: success | Output: SUCCESS: The process "WINWORD.EXE" with PID 12332 has been terminated.
...
2026-05-29 13:53:04,808 - __main__ - INFO - [✓] Command result diterima: taskkill dari expertskydr1v3
2026-05-29 13:53:14,585 - __main__ - INFO - Command published: restart to expertskydr1v3 (ID: expertskydr1v3_1780037594585_8311, params: {})
2026-05-29 13:53:14,911 - __main__ - INFO - 📊 Stats - Uptime: 0:22:00.251105, Messages: 4148, Failed: 0, Clients: 2, WS Connections: 1, Broadcast Failures: 0
2026-05-29 13:53:14,939 - commands - INFO - Command: restart | Host: expertskydr1v3 | Status: success | Output: ...
2026-05-29 13:53:14,951 - __main__ - INFO - [✓] Command result diterima: restart dari expertskydr1v3
2026-05-29 13:53:21,428 - __main__ - INFO - Command published: cancel_shutdown to expertskydr1v3 (ID: expertskydr1v3_1780037601428_2076, params: {})
2026-05-29 13:53:21,600 - commands - INFO - Command: cancel_shutdown | Host: expertskydr1v3 | Status: success | Output: ...
2026-05-29 13:53:21,600 - __main__ - INFO - [✓] Command result diterima: cancel_shutdown dari expertskydr1v3
2026-05-29 13:54:14,901 - __main__ - INFO - 📊 Stats - Uptime: 0:23:00.240937, Messages: 4647, Failed: 0, Clients: 2, WS Connections: 1, Broadcast Failures: 0
2026-05-29 13:55:14,912 - __main__ - INFO - 📊 Stats - Uptime: 0:24:00.251942, Messages: 5001, Failed: 0, Clients: 2, WS Connections: 1, Broadcast Failures: 0
2026-05-29 13:56:14,909 - __main__ - INFO - 📊 Stats - Uptime: 0:25:00.249391, Messages: 5330, Failed: 0, Clients: 2, WS Connections: 1, Broadcast Failures: 0
2026-05-29 13:57:14,928 - __main__ - INFO - 📊 Stats - Uptime: 0:26:00.268045, Messages: 5659, Failed: 0, Clients: 2, WS Connections: 1, Broadcast Failures: 0
2026-05-29 13:58:14,935 - __main__ - INFO - 📊 Stats - Uptime: 0:27:00.275173, Messages: 5980, Failed: 0, Clients: 2, WS Connections: 1, Broadcast Failures: 0
2026-05-29 13:59:14,942 - __main__ - INFO - 📊 Stats - Uptime: 0:28:00.282388, Messages: 6308, Failed: 0, Clients: 2, WS Connections: 1, Broadcast Failures: 0
2026-05-29 14:00:14,945 - __main__ - INFO - 📊 Stats - Uptime: 0:29:00.285070, Messages: 6796, Failed: 0, Clients: 3, WS Connections: 1, Broadcast Failures: 0
2026-05-29 14:01:14,958 - __main__ - INFO - 📊 Stats - Uptime: 0:30:00.298768, Messages: 7480, Failed: 0, Clients: 3, WS Connections: 1, Broadcast Failures: 0
2026-05-29 14:02:14,957 - __main__ - INFO - 📊 Stats - Uptime: 0:31:00.297067, Messages: 8162, Failed: 0, Clients: 3, WS Connections: 1, Broadcast Failures: 0
2026-05-29 14:03:14,950 - __main__ - INFO - 📊 Stats - Uptime: 0:32:00.289641, Messages: 8835, Failed: 0, Clients: 3, WS Connections: 1, Broadcast Failures: 0
2026-05-29 14:03:52,219 - __main__ - WARNING - Broadcast timeout to client, marking as disconnected
2026-05-29 14:03:52,219 - __main__ - INFO - Removed 1 disconnected clients
2026-05-29 14:03:57,043 - __main__ - INFO - 🔌 WebSocket connection removed. Remaining: 0
2026-05-29 14:04:14,960 - __main__ - INFO - 📊 Stats - Uptime: 0:33:00.299823, Messages: 9493, Failed: 0, Clients: 4, WS Connections: 0, Broadcast Failures: 0
2026-05-29 14:04:22,514 - __main__ - INFO - 🔌 WebSocket connected. Total: 1
2026-05-29 14:05:14,951 - __main__ - INFO - 📊 Stats - Uptime: 0:34:00.291056, Messages: 10180, Failed: 0, Clients: 4, WS Connections: 1, Broadcast Failures: 0
2026-05-29 14:06:14,960 - __main__ - INFO - 📊 Stats - Uptime: 0:35:00.300188, Messages: 11244, Failed: 0, Clients: 4, WS Connections: 1, Broadcast Failures: 0
2026-05-29 14:07:14,972 - __main__ - INFO - 📊 Stats - Uptime: 0:36:00.312405, Messages: 12254, Failed: 0, Clients: 4, WS Connections: 1, Broadcast Failures: 0
2026-05-29 14:08:14,974 - __main__ - INFO - 📊 Stats - Uptime: 0:37:00.313902, Messages: 13282, Failed: 0, Clients: 4, WS Connections: 1, Broadcast Failures: 0
2026-05-29 14:09:14,967 - __main__ - INFO - 📊 Stats - Uptime: 0:38:00.307087, Messages: 13986, Failed: 0, Clients: 4, WS Connections: 1, Broadcast Failures: 0
2026-05-29 14:10:14,979 - __main__ - INFO - 📊 Stats - Uptime: 0:39:00.318948, Messages: 14664, Failed: 0, Clients: 4, WS Connections: 1, Broadcast Failures: 0
2026-05-29 14:11:07,258 - __main__ - WARNING - Broadcast timeout to client, marking as disconnected
2026-05-29 14:11:07,258 - __main__ - INFO - Removed 1 disconnected clients
2026-05-29 14:11:12,208 - __main__ - INFO - 🔌 WebSocket connection removed. Remaining: 0
2026-05-29 14:11:15,000 - __main__ - INFO - 📊 Stats - Uptime: 0:40:00.339949, Messages: 15055, Failed: 0, Clients: 4, WS Connections: 0, Broadcast Failures: 0
2026-05-29 14:11:39,898 - __main__ - INFO - 🔌 WebSocket connected. Total: 1
2026-05-29 14:12:14,998 - __main__ - INFO - 📊 Stats - Uptime: 0:41:00.338359, Messages: 15690, Failed: 0, Clients: 5, WS Connections: 1, Broadcast Failures: 0
2026-05-29 14:13:15,002 - __main__ - INFO - 📊 Stats - Uptime: 0:42:00.342126, Messages: 16427, Failed: 0, Clients: 5, WS Connections: 1, Broadcast Failures: 0
2026-05-29 14:14:14,977 - __main__ - INFO - 📊 Stats - Uptime: 0:43:00.317316, Messages: 17164, Failed: 0, Clients: 5, WS Connections: 1, Broadcast Failures: 0
2026-05-29 14:15:14,993 - __main__ - INFO - 📊 Stats - Uptime: 0:44:00.333144, Messages: 17808, Failed: 0, Clients: 5, WS Connections: 1, Broadcast Failures: 0
2026-05-29 14:16:15,020 - __main__ - INFO - 📊 Stats - Uptime: 0:45:00.360491, Messages: 18489, Failed: 0, Clients: 5, WS Connections: 1, Broadcast Failures: 0
2026-05-29 14:16:51,502 - __main__ - INFO - Removed 1 disconnected clients
2026-05-29 14:16:51,503 - __main__ - INFO - 🔌 WebSocket connection removed. Remaining: 0
2026-05-29 14:16:52,168 - __main__ - INFO - 🔌 WebSocket connected. Total: 1
2026-05-29 14:17:12,028 - __main__ - INFO - Command published: shutdown to Aprilia13- (ID: Aprilia13-_1780039032026_5830, params: {})
2026-05-29 14:17:12,370 - commands - INFO - Command: shutdown | Host: Aprilia13- | Status: success | Output: ...
2026-05-29 14:17:12,370 - __main__ - INFO - [✓] Command result diterima: shutdown dari Aprilia13-
2026-05-29 14:17:15,031 - __main__ - INFO - 📊 Stats - Uptime: 0:46:00.370886, Messages: 19318, Failed: 0, Clients: 5, WS Connections: 1, Broadcast Failures: 0
2026-05-29 14:17:18,013 - __main__ - INFO - Command published: cancel_shutdown to Aprilia13- (ID: Aprilia13-_1780039038013_7024, params: {})
2026-05-29 14:17:18,407 - commands - INFO - Command: cancel_shutdown | Host: Aprilia13- | Status: success | Output: ...
2026-05-29 14:17:18,407 - __main__ - INFO - [✓] Command result diterima: cancel_shutdown dari Aprilia13-
2026-05-29 14:18:15,035 - __main__ - INFO - 📊 Stats - Uptime: 0:47:00.375415, Messages: 20206, Failed: 0, Clients: 5, WS Connections: 1, Broadcast Failures: 0
2026-05-29 14:19:15,052 - __main__ - INFO - 📊 Stats - Uptime: 0:48:00.391939, Messages: 21119, Failed: 0, Clients: 5, WS Connections: 1, Broadcast Failures: 0
2026-05-29 14:20:15,025 - __main__ - INFO - 📊 Stats - Uptime: 0:49:00.365224, Messages: 21900, Failed: 0, Clients: 5, WS Connections: 1, Broadcast Failures: 0
2026-05-29 14:20:56,627 - __main__ - WARNING - Broadcast timeout to client, marking as disconnected
2026-05-29 14:20:56,627 - __main__ - INFO - Removed 1 disconnected clients
2026-05-29 14:21:01,636 - __main__ - INFO - 🔌 WebSocket connection removed. Remaining: 0
2026-05-29 14:21:15,043 - __main__ - INFO - 📊 Stats - Uptime: 0:50:00.382989, Messages: 22736, Failed: 0, Clients: 5, WS Connections: 0, Broadcast Failures: 0
2026-05-29 14:21:43,135 - __main__ - INFO - 🔌 WebSocket connected. Total: 1
2026-05-29 14:22:15,026 - __main__ - INFO - 📊 Stats - Uptime: 0:51:00.366105, Messages: 23645, Failed: 0, Clients: 5, WS Connections: 1, Broadcast Failures: 0
2026-05-29 14:23:08,235 - __main__ - WARNING - Broadcast timeout to client, marking as disconnected
2026-05-29 14:23:08,235 - __main__ - INFO - Removed 1 disconnected clients
2026-05-29 14:23:12,907 - __main__ - INFO - 🔌 WebSocket connection removed. Remaining: 0
2026-05-29 14:23:15,044 - __main__ - INFO - 📊 Stats - Uptime: 0:52:00.384736, Messages: 24425, Failed: 0, Clients: 5, WS Connections: 0, Broadcast Failures: 0
2026-05-29 14:24:05,745 - __main__ - INFO - 🔌 WebSocket connected. Total: 1
2026-05-29 14:24:15,037 - __main__ - INFO - 📊 Stats - Uptime: 0:53:00.377769, Messages: 25317, Failed: 0, Clients: 5, WS Connections: 1, Broadcast Failures: 0
2026-05-29 14:24:50,963 - __main__ - WARNING - Broadcast timeout to client, marking as disconnected
2026-05-29 14:24:50,963 - __main__ - INFO - Removed 1 disconnected clients
2026-05-29 14:24:55,745 - __main__ - INFO - 🔌 WebSocket connection removed. Remaining: 0
2026-05-29 14:25:15,049 - __main__ - INFO - 📊 Stats - Uptime: 0:54:00.389465, Messages: 26209, Failed: 0, Clients: 5, WS Connections: 0, Broadcast Failures: 0
2026-05-29 14:26:15,050 - __main__ - INFO - 📊 Stats - Uptime: 0:55:00.390410, Messages: 27085, Failed: 0, Clients: 5, WS Connections: 0, Broadcast Failures: 0
2026-05-29 14:28:01,883 - __main__ - WARNING - [TIMEOUT] LAPTOP-UHSOPLSO marked offline (no data for 62s)
2026-05-29 14:28:01,887 - __main__ - WARNING - [TIMEOUT] HYPEG12 marked offline (no data for 62s)
2026-05-29 14:28:01,889 - __main__ - WARNING - [TIMEOUT] LOQ-15IAX9 marked offline (no data for 61s)
2026-05-29 14:28:02,098 - __main__ - WARNING - [TIMEOUT] Aprilia13- marked offline (no data for 62s)
2026-05-29 14:28:02,167 - __main__ - INFO - 📊 Stats - Uptime: 0:56:47.507172, Messages: 27701, Failed: 0, Clients: 5, WS Connections: 0, Broadcast Failures: 0
2026-05-29 14:28:12,182 - __main__ - INFO - 🔌 WebSocket connected. Total: 1
2026-05-29 14:28:26,645 - __main__ - INFO - 🔌 WebSocket connection removed. Remaining: 0
2026-05-29 14:28:27,656 - __main__ - INFO - 🔌 WebSocket connected. Total: 1
2026-05-29 14:28:39,268 - __main__ - INFO - Command published: restart to Aprilia13- (ID: Aprilia13-_1780039719268_8357, params: {})
2026-05-29 14:28:39,485 - commands - INFO - Command: restart | Host: Aprilia13- | Status: success | Output: ...
2026-05-29 14:28:39,485 - __main__ - INFO - [✓] Command result diterima: restart dari Aprilia13-
2026-05-29 14:28:45,018 - __main__ - INFO - Command published: cancel_shutdown to Aprilia13- (ID: Aprilia13-_1780039725018_7350, params: {})
2026-05-29 14:28:45,120 - commands - INFO - Command: cancel_shutdown | Host: Aprilia13- | Status: success | Output: ...
2026-05-29 14:28:45,120 - __main__ - INFO - [✓] Command result diterima: cancel_shutdown dari Aprilia13-
2026-05-29 14:29:02,222 - __main__ - INFO - 📊 Stats - Uptime: 0:57:47.562804, Messages: 28322, Failed: 0, Clients: 5, WS Connections: 1, Broadcast Failures: 0
2026-05-29 14:30:02,222 - __main__ - INFO - 📊 Stats - Uptime: 0:58:47.561910, Messages: 29194, Failed: 0, Clients: 5, WS Connections: 1, Broadcast Failures: 0
2026-05-29 14:31:02,218 - __main__ - INFO - 📊 Stats - Uptime: 0:59:47.558241, Messages: 29843, Failed: 0, Clients: 5, WS Connections: 1, Broadcast Failures: 0
2026-05-29 14:32:02,227 - __main__ - INFO - 📊 Stats - Uptime: 1:00:47.567711, Messages: 30444, Failed: 0, Clients: 5, WS Connections: 1, Broadcast Failures: 0
2026-05-29 14:33:02,236 - __main__ - INFO - 📊 Stats - Uptime: 1:01:47.575826, Messages: 30835, Failed: 0, Clients: 5, WS Connections: 1, Broadcast Failures: 0
2026-05-29 14:34:02,236 - __main__ - INFO - 📊 Stats - Uptime: 1:02:47.576113, Messages: 31265, Failed: 0, Clients: 5, WS Connections: 1, Broadcast Failures: 0
2026-05-29 14:35:02,235 - __main__ - INFO - 📊 Stats - Uptime: 1:03:47.575367, Messages: 31875, Failed: 0, Clients: 5, WS Connections: 1, Broadcast Failures: 0
2026-05-29 14:35:09,193 - __main__ - WARNING - Broadcast timeout to client, marking as disconnected
2026-05-29 14:35:09,195 - __main__ - INFO - Removed 1 disconnected clients
2026-05-29 14:35:14,090 - __main__ - INFO - 🔌 WebSocket connection removed. Remaining: 0
2026-05-29 14:35:42,110 - __main__ - INFO - 🔌 WebSocket connected. Total: 1
2026-05-29 14:36:02,249 - __main__ - INFO - 📊 Stats - Uptime: 1:04:47.589074, Messages: 32503, Failed: 0, Clients: 5, WS Connections: 1, Broadcast Failures: 0
2026-05-29 14:37:02,243 - __main__ - INFO - 📊 Stats - Uptime: 1:05:47.583798, Messages: 33113, Failed: 0, Clients: 5, WS Connections: 1, Broadcast Failures: 0
2026-05-29 14:37:28,840 - __main__ - WARNING - Broadcast timeout to client, marking as disconnected
2026-05-29 14:37:28,841 - __main__ - INFO - Removed 1 disconnected clients
2026-05-29 14:37:33,792 - __main__ - INFO - 🔌 WebSocket connection removed. Remaining: 0
2026-05-29 14:37:50,339 - __main__ - INFO - 🔌 WebSocket connected. Total: 1
2026-05-29 14:38:02,233 - __main__ - INFO - 📊 Stats - Uptime: 1:06:47.573233, Messages: 33740, Failed: 0, Clients: 5, WS Connections: 1, Broadcast Failures: 0
2026-05-29 14:39:02,242 - __main__ - INFO - 📊 Stats - Uptime: 1:07:47.582547, Messages: 34373, Failed: 0, Clients: 5, WS Connections: 1, Broadcast Failures: 0
2026-05-29 14:39:11,685 - __main__ - WARNING - Broadcast timeout to client, marking as disconnected
2026-05-29 14:39:11,686 - __main__ - INFO - Removed 1 disconnected clients
2026-05-29 14:39:16,500 - __main__ - INFO - 🔌 WebSocket connection removed. Remaining: 0
2026-05-29 14:39:46,224 - __main__ - INFO - 🔌 WebSocket connected. Total: 1
2026-05-29 14:40:02,254 - __main__ - INFO - 📊 Stats - Uptime: 1:08:47.594270, Messages: 34998, Failed: 0, Clients: 5, WS Connections: 1, Broadcast Failures: 0
2026-05-29 14:41:02,267 - __main__ - INFO - 📊 Stats - Uptime: 1:09:47.607188, Messages: 35649, Failed: 0, Clients: 5, WS Connections: 1, Broadcast Failures: 0
2026-05-29 14:41:08,068 - __main__ - WARNING - Broadcast timeout to client, marking as disconnected
2026-05-29 14:41:08,068 - __main__ - INFO - Removed 1 disconnected clients
2026-05-29 14:41:13,067 - __main__ - INFO - 🔌 WebSocket connection removed. Remaining: 0
2026-05-29 14:41:55,001 - __main__ - INFO - 🔌 WebSocket connected. Total: 1
2026-05-29 14:42:02,271 - __main__ - INFO - 📊 Stats - Uptime: 1:10:47.611524, Messages: 36237, Failed: 0, Clients: 5, WS Connections: 1, Broadcast Failures: 0
2026-05-29 14:43:02,281 - __main__ - INFO - 📊 Stats - Uptime: 1:11:47.621396, Messages: 36826, Failed: 0, Clients: 5, WS Connections: 1, Broadcast Failures: 0
2026-05-29 14:43:08,737 - __main__ - WARNING - Broadcast timeout to client, marking as disconnected
2026-05-29 14:43:08,738 - __main__ - INFO - Removed 1 disconnected clients
2026-05-29 14:43:13,615 - __main__ - INFO - 🔌 WebSocket connection removed. Remaining: 0
2026-05-29 14:43:31,378 - __main__ - INFO - 🔌 WebSocket connected. Total: 1
2026-05-29 14:44:02,293 - __main__ - INFO - 📊 Stats - Uptime: 1:12:47.633672, Messages: 37457, Failed: 0, Clients: 5, WS Connections: 1, Broadcast Failures: 0
2026-05-29 14:44:16,417 - __main__ - WARNING - Broadcast timeout to client, marking as disconnected
2026-05-29 14:44:16,417 - __main__ - INFO - Removed 1 disconnected clients
2026-05-29 14:44:21,410 - __main__ - INFO - 🔌 WebSocket connection removed. Remaining: 0
2026-05-29 14:45:02,298 - __main__ - INFO - 📊 Stats - Uptime: 1:13:47.638023, Messages: 38098, Failed: 0, Clients: 5, WS Connections: 0, Broadcast Failures: 0
2026-05-29 14:45:08,182 - __main__ - INFO - 🔌 WebSocket connected. Total: 1
2026-05-29 14:45:53,290 - __main__ - WARNING - Broadcast timeout to client, marking as disconnected
2026-05-29 14:45:53,292 - __main__ - INFO - Removed 1 disconnected clients
2026-05-29 14:45:58,194 - __main__ - INFO - 🔌 WebSocket connection removed. Remaining: 0
2026-05-29 14:46:02,286 - __main__ - INFO - 📊 Stats - Uptime: 1:14:47.626540, Messages: 38733, Failed: 0, Clients: 5, WS Connections: 0, Broadcast Failures: 0
2026-05-29 14:46:55,865 - __main__ - INFO - 🔌 WebSocket connected. Total: 1
2026-05-29 14:47:02,290 - __main__ - INFO - 📊 Stats - Uptime: 1:15:47.630448, Messages: 39353, Failed: 0, Clients: 5, WS Connections: 1, Broadcast Failures: 0
2026-05-29 14:48:02,279 - __main__ - INFO - 📊 Stats - Uptime: 1:16:47.619068, Messages: 39977, Failed: 0, Clients: 5, WS Connections: 1, Broadcast Failures: 0
2026-05-29 14:48:16,397 - __main__ - WARNING - Broadcast timeout to client, marking as disconnected
2026-05-29 14:48:16,398 - __main__ - INFO - Removed 1 disconnected clients
2026-05-29 14:48:21,400 - __main__ - INFO - 🔌 WebSocket connection removed. Remaining: 0
2026-05-29 14:48:59,264 - __main__ - INFO - 🔌 WebSocket connected. Total: 1
2026-05-29 14:49:02,293 - __main__ - INFO - 📊 Stats - Uptime: 1:17:47.633137, Messages: 40598, Failed: 0, Clients: 5, WS Connections: 1, Broadcast Failures: 0
2026-05-29 14:49:44,371 - __main__ - WARNING - Broadcast timeout to client, marking as disconnected
2026-05-29 14:49:44,371 - __main__ - INFO - Removed 1 disconnected clients
2026-05-29 14:49:49,295 - __main__ - INFO - 🔌 WebSocket connection removed. Remaining: 0
2026-05-29 14:50:02,311 - __main__ - INFO - 📊 Stats - Uptime: 1:18:47.651492, Messages: 41221, Failed: 0, Clients: 5, WS Connections: 0, Broadcast Failures: 0
2026-05-29 14:50:45,400 - __main__ - INFO - 🔌 WebSocket connected. Total: 1
2026-05-29 14:51:02,317 - __main__ - INFO - 📊 Stats - Uptime: 1:19:47.656857, Messages: 41828, Failed: 0, Clients: 5, WS Connections: 1, Broadcast Failures: 0
2026-05-29 14:51:30,631 - __main__ - WARNING - Broadcast timeout to client, marking as disconnected
2026-05-29 14:51:30,631 - __main__ - INFO - Removed 1 disconnected clients
2026-05-29 14:51:35,413 - __main__ - INFO - 🔌 WebSocket connection removed. Remaining: 0
2026-05-29 14:52:02,337 - __main__ - INFO - 📊 Stats - Uptime: 1:20:47.676994, Messages: 42440, Failed: 0, Clients: 5, WS Connections: 0, Broadcast Failures: 0
2026-05-29 14:53:02,351 - __main__ - INFO - 📊 Stats - Uptime: 1:21:47.691205, Messages: 43152, Failed: 0, Clients: 5, WS Connections: 0, Broadcast Failures: 0
2026-05-29 14:54:02,340 - __main__ - INFO - 📊 Stats - Uptime: 1:22:47.680098, Messages: 43866, Failed: 0, Clients: 5, WS Connections: 0, Broadcast Failures: 0
2026-05-29 14:55:02,350 - __main__ - INFO - 📊 Stats - Uptime: 1:23:47.690337, Messages: 44542, Failed: 0, Clients: 5, WS Connections: 0, Broadcast Failures: 0
2026-05-29 14:56:02,355 - __main__ - INFO - 📊 Stats - Uptime: 1:24:47.695238, Messages: 45194, Failed: 0, Clients: 5, WS Connections: 0, Broadcast Failures: 0
2026-05-29 14:57:02,371 - __main__ - INFO - 📊 Stats - Uptime: 1:25:47.711051, Messages: 45687, Failed: 0, Clients: 5, WS Connections: 0, Broadcast Failures: 0
2026-05-29 14:58:02,372 - __main__ - INFO - 📊 Stats - Uptime: 1:26:47.712306, Messages: 46003, Failed: 0, Clients: 5, WS Connections: 0, Broadcast Failures: 0
2026-05-29 14:59:02,383 - __main__ - INFO - 📊 Stats - Uptime: 1:27:47.723366, Messages: 46321, Failed: 0, Clients: 5, WS Connections: 0, Broadcast Failures: 0
2026-05-29 15:00:02,399 - __main__ - INFO - 📊 Stats - Uptime: 1:28:47.738942, Messages: 46633, Failed: 0, Clients: 5, WS Connections: 0, Broadcast Failures: 0
2026-05-29 15:01:02,403 - __main__ - INFO - 📊 Stats - Uptime: 1:29:47.743235, Messages: 46939, Failed: 0, Clients: 5, WS Connections: 0, Broadcast Failures: 0
2026-05-29 15:02:02,423 - __main__ - INFO - 📊 Stats - Uptime: 1:30:47.762856, Messages: 47255, Failed: 0, Clients: 5, WS Connections: 0, Broadcast Failures: 0
2026-05-29 15:03:02,436 - __main__ - INFO - 📊 Stats - Uptime: 1:31:47.776800, Messages: 47563, Failed: 0, Clients: 5, WS Connections: 0, Broadcast Failures: 0
2026-05-29 15:04:02,431 - __main__ - INFO - 📊 Stats - Uptime: 1:32:47.771001, Messages: 47876, Failed: 0, Clients: 5, WS Connections: 0, Broadcast Failures: 0
2026-05-29 15:05:02,448 - __main__ - INFO - 📊 Stats - Uptime: 1:33:47.788022, Messages: 48193, Failed: 0, Clients: 5, WS Connections: 0, Broadcast Failures: 0
2026-05-29 15:06:02,458 - __main__ - INFO - 📊 Stats - Uptime: 1:34:47.798596, Messages: 48486, Failed: 0, Clients: 5, WS Connections: 0, Broadcast Failures: 0
2026-05-29 15:07:02,432 - __main__ - INFO - 📊 Stats - Uptime: 1:35:47.772287, Messages: 48729, Failed: 0, Clients: 5, WS Connections: 0, Broadcast Failures: 0
2026-05-29 15:07:57,936 - __main__ - INFO - 🔌 WebSocket connected. Total: 1
2026-05-29 15:07:58,504 - __main__ - INFO - 🔌 WebSocket connection removed. Remaining: 0
2026-05-29 15:07:59,356 - __main__ - INFO - 🔌 WebSocket connected. Total: 1
2026-05-29 15:08:02,443 - __main__ - INFO - 📊 Stats - Uptime: 1:36:47.783530, Messages: 48988, Failed: 0, Clients: 5, WS Connections: 1, Broadcast Failures: 0
2026-05-29 15:08:13,091 - __main__ - INFO - Command published: shutdown to LAPTOP-UHSOPLSO (ID: LAPTOP-UHSOPLSO_1780042093091_3190, params: {})
2026-05-29 15:08:13,632 - commands - INFO - Command: shutdown | Host: LAPTOP-UHSOPLSO | Status: success | Output: ...
2026-05-29 15:08:13,632 - __main__ - INFO - [✓] Command result diterima: shutdown dari LAPTOP-UHSOPLSO
2026-05-29 15:08:19,985 - __main__ - INFO - Command published: cancel_shutdown to LAPTOP-UHSOPLSO (ID: LAPTOP-UHSOPLSO_1780042099984_4776, params: {})
2026-05-29 15:08:20,386 - commands - INFO - Command: cancel_shutdown | Host: LAPTOP-UHSOPLSO | Status: success | Output: ...
2026-05-29 15:08:20,396 - __main__ - INFO - [✓] Command result diterima: cancel_shutdown dari LAPTOP-UHSOPLSO
2026-05-29 15:09:02,443 - __main__ - INFO - 📊 Stats - Uptime: 1:37:47.783441, Messages: 49254, Failed: 0, Clients: 5, WS Connections: 1, Broadcast Failures: 0
2026-05-29 15:10:02,461 - __main__ - INFO - 📊 Stats - Uptime: 1:38:47.801677, Messages: 49474, Failed: 0, Clients: 5, WS Connections: 1, Broadcast Failures: 0
2026-05-29 15:11:02,483 - __main__ - INFO - 📊 Stats - Uptime: 1:39:47.823665, Messages: 49791, Failed: 0, Clients: 5, WS Connections: 1, Broadcast Failures: 0
2026-05-29 15:12:02,487 - __main__ - INFO - 📊 Stats - Uptime: 1:40:47.827522, Messages: 50104, Failed: 0, Clients: 5, WS Connections: 1, Broadcast Failures: 0
2026-05-29 15:12:34,072 - __main__ - INFO - 🔌 WebSocket connection removed. Remaining: 0
2026-05-29 15:12:34,455 - __main__ - INFO - 🔌 WebSocket connected. Total: 1
2026-05-29 15:13:02,486 - __main__ - INFO - 📊 Stats - Uptime: 1:41:47.826678, Messages: 50422, Failed: 0, Clients: 5, WS Connections: 1, Broadcast Failures: 0
2026-05-29 15:14:02,483 - __main__ - INFO - 📊 Stats - Uptime: 1:42:47.823363, Messages: 50726, Failed: 0, Clients: 5, WS Connections: 1, Broadcast Failures: 0
2026-05-29 15:15:02,491 - __main__ - INFO - 📊 Stats - Uptime: 1:43:47.830993, Messages: 51037, Failed: 0, Clients: 5, WS Connections: 1, Broadcast Failures: 0
2026-05-29 15:16:02,488 - __main__ - INFO - 📊 Stats - Uptime: 1:44:47.828216, Messages: 51334, Failed: 0, Clients: 5, WS Connections: 1, Broadcast Failures: 0
2026-05-29 15:17:02,478 - __main__ - INFO - 📊 Stats - Uptime: 1:45:47.818295, Messages: 51625, Failed: 0, Clients: 5, WS Connections: 1, Broadcast Failures: 0
2026-05-29 15:17:05,803 - __main__ - WARNING - Broadcast timeout to client, marking as disconnected
2026-05-29 15:17:05,803 - __main__ - INFO - Removed 1 disconnected clients
2026-05-29 15:17:10,777 - __main__ - INFO - 🔌 WebSocket connection removed. Remaining: 0
2026-05-29 15:18:02,495 - __main__ - INFO - 📊 Stats - Uptime: 1:46:47.835484, Messages: 51933, Failed: 0, Clients: 5, WS Connections: 0, Broadcast Failures: 0
2026-05-29 15:19:02,507 - __main__ - INFO - 📊 Stats - Uptime: 1:47:47.847065, Messages: 52229, Failed: 0, Clients: 5, WS Connections: 0, Broadcast Failures: 0
2026-05-29 15:20:02,513 - __main__ - INFO - 📊 Stats - Uptime: 1:48:47.853218, Messages: 52525, Failed: 0, Clients: 5, WS Connections: 0, Broadcast Failures: 0
2026-05-29 15:21:02,524 - __main__ - INFO - 📊 Stats - Uptime: 1:49:47.864399, Messages: 52828, Failed: 0, Clients: 5, WS Connections: 0, Broadcast Failures: 0
2026-05-29 15:22:02,529 - __main__ - INFO - 📊 Stats - Uptime: 1:50:47.869748, Messages: 53115, Failed: 0, Clients: 5, WS Connections: 0, Broadcast Failures: 0
2026-05-29 15:23:02,544 - __main__ - INFO - 📊 Stats - Uptime: 1:51:47.884422, Messages: 53315, Failed: 0, Clients: 5, WS Connections: 0, Broadcast Failures: 0
2026-05-29 15:24:02,543 - __main__ - INFO - 📊 Stats - Uptime: 1:52:47.883388, Messages: 53518, Failed: 0, Clients: 5, WS Connections: 0, Broadcast Failures: 0
2026-05-29 15:25:02,543 - __main__ - INFO - 📊 Stats - Uptime: 1:53:47.883418, Messages: 53755, Failed: 0, Clients: 5, WS Connections: 0, Broadcast Failures: 0
2026-05-29 15:26:02,543 - __main__ - INFO - 📊 Stats - Uptime: 1:54:47.883137, Messages: 54051, Failed: 0, Clients: 5, WS Connections: 0, Broadcast Failures: 0
2026-05-29 15:27:02,556 - __main__ - INFO - 📊 Stats - Uptime: 1:55:47.896639, Messages: 54316, Failed: 0, Clients: 5, WS Connections: 0, Broadcast Failures: 0
2026-05-29 15:27:19,528 - __main__ - INFO - 🔌 WebSocket connected. Total: 1
2026-05-29 15:28:02,575 - __main__ - INFO - 📊 Stats - Uptime: 1:56:47.915348, Messages: 54473, Failed: 0, Clients: 5, WS Connections: 1, Broadcast Failures: 0
2026-05-29 15:29:02,580 - __main__ - INFO - 📊 Stats - Uptime: 1:57:47.920259, Messages: 54725, Failed: 0, Clients: 5, WS Connections: 1, Broadcast Failures: 0
2026-05-29 15:30:02,575 - __main__ - INFO - 📊 Stats - Uptime: 1:58:47.915362, Messages: 54971, Failed: 0, Clients: 5, WS Connections: 1, Broadcast Failures: 0
2026-05-29 15:30:21,995 - __main__ - INFO - 🔌 WebSocket connection removed. Remaining: 0
2026-05-29 15:30:25,326 - __main__ - WARNING - [TIMEOUT] LAPTOP-UHSOPLSO marked offline (no data for 17s)
2026-05-29 15:31:02,580 - __main__ - INFO - 📊 Stats - Uptime: 1:59:47.919952, Messages: 54985, Failed: 0, Clients: 5, WS Connections: 0, Broadcast Failures: 0
2026-05-29 15:32:02,580 - __main__ - INFO - 📊 Stats - Uptime: 2:00:47.920793, Messages: 54998, Failed: 0, Clients: 5, WS Connections: 0, Broadcast Failures: 0
2026-05-29 15:33:02,569 - __main__ - INFO - 📊 Stats - Uptime: 2:01:47.909475, Messages: 55007, Failed: 0, Clients: 5, WS Connections: 0, Broadcast Failures: 0
2026-05-29 15:33:15,606 - __main__ - WARNING - [TIMEOUT] LAPTOP-UHSOPLSO marked offline (no data for 17s)
2026-05-29 15:34:02,582 - __main__ - INFO - 📊 Stats - Uptime: 2:02:47.922633, Messages: 55011, Failed: 0, Clients: 5, WS Connections: 0, Broadcast Failures: 0
2026-05-29 15:35:02,595 - __main__ - INFO - 📊 Stats - Uptime: 2:03:47.935700, Messages: 55017, Failed: 0, Clients: 5, WS Connections: 0, Broadcast Failures: 0
2026-05-29 15:36:02,601 - __main__ - INFO - 📊 Stats - Uptime: 2:04:47.941200, Messages: 55072, Failed: 0, Clients: 5, WS Connections: 0, Broadcast Failures: 0
2026-05-29 15:37:02,603 - __main__ - INFO - 📊 Stats - Uptime: 2:05:47.943458, Messages: 55224, Failed: 0, Clients: 5, WS Connections: 0, Broadcast Failures: 0
2026-05-29 15:38:02,618 - __main__ - INFO - 📊 Stats - Uptime: 2:06:47.957955, Messages: 55332, Failed: 0, Clients: 5, WS Connections: 0, Broadcast Failures: 0
2026-05-29 15:39:02,630 - __main__ - INFO - 📊 Stats - Uptime: 2:07:47.970785, Messages: 55539, Failed: 0, Clients: 5, WS Connections: 0, Broadcast Failures: 0
2026-05-29 15:40:02,618 - __main__ - INFO - 📊 Stats - Uptime: 2:08:47.958672, Messages: 55796, Failed: 0, Clients: 5, WS Connections: 0, Broadcast Failures: 0
2026-05-29 15:40:34,295 - __main__ - WARNING - ⚠️ Disconnected from MQTT Broker (rc=7)
2026-05-29 15:40:34,295 - __main__ - INFO - Will attempt to reconnect in 5 seconds...
2026-05-29 15:40:50,918 - __main__ - WARNING - [TIMEOUT] LAPTOP-UHSOPLSO marked offline (no data for 17s)
2026-05-29 15:41:02,629 - __main__ - INFO - 📊 Stats - Uptime: 2:09:47.968919, Messages: 55945, Failed: 0, Clients: 5, WS Connections: 0, Broadcast Failures: 0
2026-05-29 15:42:02,627 - __main__ - INFO - 📊 Stats - Uptime: 2:10:47.966959, Messages: 55945, Failed: 0, Clients: 5, WS Connections: 0, Broadcast Failures: 0
2026-05-29 15:43:02,630 - __main__ - INFO - 📊 Stats - Uptime: 2:11:47.970585, Messages: 55945, Failed: 0, Clients: 5, WS Connections: 0, Broadcast Failures: 0
2026-05-29 15:44:02,634 - __main__ - INFO - 📊 Stats - Uptime: 2:12:47.973997, Messages: 55945, Failed: 0, Clients: 5, WS Connections: 0, Broadcast Failures: 0
2026-05-29 15:45:02,657 - __main__ - INFO - 📊 Stats - Uptime: 2:13:47.997803, Messages: 55945, Failed: 0, Clients: 5, WS Connections: 0, Broadcast Failures: 0
2026-05-29 15:46:02,665 - __main__ - INFO - 📊 Stats - Uptime: 2:14:48.005280, Messages: 55945, Failed: 0, Clients: 5, WS Connections: 0, Broadcast Failures: 0
2026-05-29 16:41:55,108 - __main__ - INFO - 🚀 Starting Lab Monitoring System v2.1.0
2026-05-29 16:41:55,108 - __main__ - INFO - Configuration: USE_MQTT=True, SERVER_PORT=8800
2026-05-29 16:41:59,209 - __main__ - ERROR - Failed to connect MQTT: [WinError 10061] No connection could be made because the target machine actively refused it
2026-05-29 16:41:59,211 - __main__ - WARNING - ⚠️ Running in offline mode - no MQTT data
2026-05-29 16:41:59,215 - __main__ - INFO - 💡 Set USE_MQTT=False in config to run in demo mode
2026-05-29 16:42:02,473 - __main__ - INFO - 🛑 Shutting down Lab Monitoring System
2026-05-29 16:42:06,733 - __main__ - INFO - 🚀 Starting Lab Monitoring System v2.1.0
2026-05-29 16:42:06,733 - __main__ - INFO - Configuration: USE_MQTT=True, SERVER_PORT=8800
2026-05-29 16:42:10,829 - __main__ - ERROR - Failed to connect MQTT: [WinError 10061] No connection could be made because the target machine actively refused it
2026-05-29 16:42:10,833 - __main__ - WARNING - ⚠️ Running in offline mode - no MQTT data
2026-05-29 16:42:10,834 - __main__ - INFO - 💡 Set USE_MQTT=False in config to run in demo mode
2026-05-29 16:42:11,403 - __main__ - INFO - 🔌 WebSocket connected. Total: 1
2026-05-29 16:43:10,839 - __main__ - INFO - 📊 Stats - Uptime: 0:01:04.169803, Messages: 0, Failed: 0, Clients: 0, WS Connections: 1, Broadcast Failures: 0
2026-05-29 16:43:20,834 - __main__ - INFO - 🔌 WebSocket connection removed. Remaining: 0
2026-05-29 16:43:21,270 - __main__ - INFO - 🔌 WebSocket connected. Total: 1
2026-05-29 16:43:32,261 - __main__ - INFO - 🔌 WebSocket connection removed. Remaining: 0
2026-05-29 16:43:32,370 - __main__ - INFO - 🛑 Shutting down Lab Monitoring System
2026-05-29 16:44:22,398 - __main__ - INFO - 🚀 Starting Lab Monitoring System v2.1.0
2026-05-29 16:44:22,398 - __main__ - INFO - Configuration: USE_MQTT=True, SERVER_PORT=8800
2026-05-29 16:44:26,477 - __main__ - ERROR - Failed to connect MQTT: [WinError 10061] No connection could be made because the target machine actively refused it
2026-05-29 16:44:26,477 - __main__ - WARNING - ⚠️ Running in offline mode - no MQTT data
2026-05-29 16:44:26,477 - __main__ - INFO - 💡 Set USE_MQTT=False in config to run in demo mode
2026-05-29 16:44:27,463 - __main__ - INFO - 🔌 WebSocket connected. Total: 1
2026-05-29 16:45:08,174 - __main__ - INFO - 🔌 WebSocket connection removed. Remaining: 0
2026-05-29 16:45:08,282 - __main__ - INFO - 🛑 Shutting down Lab Monitoring System
2026-05-29 16:47:30,489 - __main__ - INFO - 🚀 Starting Lab Monitoring System v2.1.0
2026-05-29 16:47:30,489 - __main__ - INFO - Configuration: USE_MQTT=True, SERVER_PORT=8800
2026-05-29 16:47:30,495 - __main__ - INFO - 🚀 MQTT client started
2026-05-29 16:47:30,495 - __main__ - INFO - ✅ Connected to MQTT Broker at localhost:1883
2026-05-29 16:47:30,501 - __main__ - INFO - 📡 Subscribed to: lab/monitoring/+ dan lab/command/result/+
2026-05-29 16:47:31,035 - __main__ - INFO - 🔌 WebSocket connected. Total: 1
2026-05-29 16:48:30,482 - __main__ - INFO - 📊 Stats - Uptime: 0:01:00.061435, Messages: 0, Failed: 0, Clients: 0, WS Connections: 1, Broadcast Failures: 0
2026-05-29 16:49:21,245 - __main__ - WARNING - ⚠️ Disconnected from MQTT Broker (rc=7)
2026-05-29 16:49:21,245 - __main__ - INFO - Will attempt to reconnect in 5 seconds...
2026-05-29 16:49:30,483 - __main__ - INFO - 📊 Stats - Uptime: 0:02:00.062392, Messages: 0, Failed: 0, Clients: 0, WS Connections: 1, Broadcast Failures: 0
2026-05-29 16:49:50,547 - __main__ - INFO - ✅ Connected to MQTT Broker at localhost:1883
2026-05-29 16:49:50,547 - __main__ - INFO - 📡 Subscribed to: lab/monitoring/+ dan lab/command/result/+
2026-05-29 16:49:52,159 - __main__ - INFO - 🔌 WebSocket connection removed. Remaining: 0
2026-05-29 16:49:52,270 - __main__ - INFO - 🛑 Shutting down Lab Monitoring System
2026-05-29 16:49:52,576 - __main__ - WARNING - ⚠️ Disconnected from MQTT Broker (rc=0)
2026-05-29 16:49:52,576 - __main__ - INFO - Will attempt to reconnect in 5 seconds...
2026-05-29 16:49:55,570 - __main__ - INFO - 🚀 Starting Lab Monitoring System v2.1.0
2026-05-29 16:49:55,570 - __main__ - INFO - Configuration: USE_MQTT=True, SERVER_PORT=8800
2026-05-29 16:49:57,631 - __main__ - INFO - 🚀 MQTT client started
2026-05-29 16:49:57,633 - __main__ - INFO - ✅ Connected to MQTT Broker at localhost:1883
2026-05-29 16:49:57,639 - __main__ - INFO - 📡 Subscribed to: lab/monitoring/+ dan lab/command/result/+
2026-05-29 16:49:59,013 - __main__ - INFO - 🔌 WebSocket connected. Total: 1
2026-05-29 16:50:16,411 - __main__ - INFO - Command published: shutdown to HYPEG12 (ID: HYPEG12_1780048216409_9344, params: {})
2026-05-29 16:50:16,934 - commands - INFO - Command: shutdown | Host: HYPEG12 | Status: success | Output: ...
2026-05-29 16:50:16,934 - __main__ - INFO - [✓] Command result diterima: shutdown dari HYPEG12
2026-05-29 16:50:23,862 - __main__ - INFO - Command published: cancel_shutdown to HYPEG12 (ID: HYPEG12_1780048223862_3193, params: {})
2026-05-29 16:50:24,022 - commands - INFO - Command: cancel_shutdown | Host: HYPEG12 | Status: success | Output: ...
2026-05-29 16:50:24,022 - __main__ - INFO - [✓] Command result diterima: cancel_shutdown dari HYPEG12
2026-05-29 16:50:42,625 - __main__ - INFO - 🔌 WebSocket connection removed. Remaining: 0
2026-05-29 16:50:42,738 - __main__ - INFO - 🛑 Shutting down Lab Monitoring System
2026-05-29 16:50:43,382 - __main__ - WARNING - ⚠️ Disconnected from MQTT Broker (rc=0)
2026-05-29 16:50:43,382 - __main__ - INFO - Will attempt to reconnect in 5 seconds...
2026-05-29 21:59:46,428 - __main__ - INFO - 🚀 Starting Lab Monitoring System v2.1.0
2026-05-29 21:59:46,428 - __main__ - INFO - Configuration: USE_MQTT=True, SERVER_PORT=8800
2026-05-29 21:59:48,501 - __main__ - INFO - ✅ Connected to MQTT Broker at localhost:1883
2026-05-29 21:59:48,501 - __main__ - INFO - 🚀 MQTT client started
2026-05-29 21:59:48,501 - __main__ - INFO - 📡 Subscribed to: lab/monitoring/+ dan lab/command/result/+
2026-05-29 21:59:59,772 - __main__ - INFO - 🔌 WebSocket connected. Total: 1
2026-05-29 22:00:48,509 - __main__ - INFO - 📊 Stats - Uptime: 0:01:02.268097, Messages: 0, Failed: 0, Clients: 0, WS Connections: 1, Broadcast Failures: 0
2026-05-29 22:01:48,515 - __main__ - INFO - 📊 Stats - Uptime: 0:02:02.273585, Messages: 31, Failed: 0, Clients: 1, WS Connections: 1, Broadcast Failures: 0
2026-05-29 22:02:48,515 - __main__ - INFO - 📊 Stats - Uptime: 0:03:02.273505, Messages: 59, Failed: 0, Clients: 1, WS Connections: 1, Broadcast Failures: 0
2026-05-29 22:03:48,515 - __main__ - INFO - 📊 Stats - Uptime: 0:04:02.272783, Messages: 89, Failed: 0, Clients: 1, WS Connections: 1, Broadcast Failures: 0
2026-05-29 22:04:48,531 - __main__ - INFO - 📊 Stats - Uptime: 0:05:02.289720, Messages: 127, Failed: 0, Clients: 1, WS Connections: 1, Broadcast Failures: 0
2026-05-29 22:05:48,540 - __main__ - INFO - 📊 Stats - Uptime: 0:06:02.298537, Messages: 194, Failed: 0, Clients: 1, WS Connections: 1, Broadcast Failures: 0
2026-05-29 22:06:48,552 - __main__ - INFO - 📊 Stats - Uptime: 0:07:02.310409, Messages: 301, Failed: 0, Clients: 1, WS Connections: 1, Broadcast Failures: 0
2026-05-29 22:07:48,570 - __main__ - INFO - 📊 Stats - Uptime: 0:08:02.329076, Messages: 409, Failed: 0, Clients: 1, WS Connections: 1, Broadcast Failures: 0
2026-05-29 22:08:28,375 - __main__ - INFO - Command published: shutdown to LOQ-15IAX9 (ID: LOQ-15IAX9_1780067308374_4319, params: {})
2026-05-29 22:08:28,503 - commands - INFO - Command: shutdown | Host: LOQ-15IAX9 | Status: success | Output: ...
2026-05-29 22:08:28,503 - __main__ - INFO - [✓] Command result diterima: shutdown dari LOQ-15IAX9
2026-05-29 22:08:37,837 - __main__ - INFO - Command published: cancel_shutdown to LOQ-15IAX9 (ID: LOQ-15IAX9_1780067317837_8301, params: {})
2026-05-29 22:08:38,091 - commands - INFO - Command: cancel_shutdown | Host: LOQ-15IAX9 | Status: success | Output: ...
2026-05-29 22:08:38,094 - __main__ - INFO - [✓] Command result diterima: cancel_shutdown dari LOQ-15IAX9
2026-05-29 22:08:48,581 - __main__ - INFO - 📊 Stats - Uptime: 0:09:02.340209, Messages: 463, Failed: 0, Clients: 1, WS Connections: 1, Broadcast Failures: 0
2026-05-29 22:09:48,608 - __main__ - INFO - 📊 Stats - Uptime: 0:10:02.366645, Messages: 511, Failed: 0, Clients: 1, WS Connections: 1, Broadcast Failures: 0
2026-05-29 22:10:48,621 - __main__ - INFO - 📊 Stats - Uptime: 0:11:02.379594, Messages: 560, Failed: 0, Clients: 1, WS Connections: 1, Broadcast Failures: 0
2026-05-29 22:11:48,628 - __main__ - INFO - 📊 Stats - Uptime: 0:12:02.386710, Messages: 607, Failed: 0, Clients: 1, WS Connections: 1, Broadcast Failures: 0
2026-05-29 22:12:48,625 - __main__ - INFO - 📊 Stats - Uptime: 0:13:02.383537, Messages: 679, Failed: 0, Clients: 1, WS Connections: 1, Broadcast Failures: 0
2026-05-29 22:13:48,637 - __main__ - INFO - 📊 Stats - Uptime: 0:14:02.396212, Messages: 754, Failed: 0, Clients: 1, WS Connections: 1, Broadcast Failures: 0
2026-05-29 22:14:48,645 - __main__ - INFO - 📊 Stats - Uptime: 0:15:02.403903, Messages: 839, Failed: 0, Clients: 1, WS Connections: 1, Broadcast Failures: 0
2026-05-29 22:15:48,641 - __main__ - INFO - 📊 Stats - Uptime: 0:16:02.399807, Messages: 924, Failed: 0, Clients: 1, WS Connections: 1, Broadcast Failures: 0
2026-05-29 22:16:48,642 - __main__ - INFO - 📊 Stats - Uptime: 0:17:02.401074, Messages: 1012, Failed: 0, Clients: 1, WS Connections: 1, Broadcast Failures: 0
2026-05-29 22:17:48,674 - __main__ - INFO - 📊 Stats - Uptime: 0:18:02.432515, Messages: 1102, Failed: 0, Clients: 1, WS Connections: 1, Broadcast Failures: 0
2026-05-29 22:18:48,667 - __main__ - INFO - 📊 Stats - Uptime: 0:19:02.425995, Messages: 1184, Failed: 0, Clients: 1, WS Connections: 1, Broadcast Failures: 0
2026-05-29 22:19:48,674 - __main__ - INFO - 📊 Stats - Uptime: 0:20:02.432987, Messages: 1276, Failed: 0, Clients: 1, WS Connections: 1, Broadcast Failures: 0
2026-05-29 22:20:48,687 - __main__ - INFO - 📊 Stats - Uptime: 0:21:02.445785, Messages: 1370, Failed: 0, Clients: 1, WS Connections: 1, Broadcast Failures: 0
2026-05-29 22:21:48,699 - __main__ - INFO - 📊 Stats - Uptime: 0:22:02.458325, Messages: 1455, Failed: 0, Clients: 1, WS Connections: 1, Broadcast Failures: 0
2026-05-29 22:22:48,698 - __main__ - INFO - 📊 Stats - Uptime: 0:23:02.456462, Messages: 1545, Failed: 0, Clients: 1, WS Connections: 1, Broadcast Failures: 0
2026-05-29 22:23:48,685 - __main__ - INFO - 📊 Stats - Uptime: 0:24:02.443942, Messages: 1637, Failed: 0, Clients: 1, WS Connections: 1, Broadcast Failures: 0
2026-05-29 22:24:48,693 - __main__ - INFO - 📊 Stats - Uptime: 0:25:02.452157, Messages: 1719, Failed: 0, Clients: 1, WS Connections: 1, Broadcast Failures: 0
2026-05-29 22:25:11,179 - __main__ - INFO - 🔌 WebSocket connection removed. Remaining: 0
2026-05-29 22:25:11,280 - __main__ - INFO - 🛑 Shutting down Lab Monitoring System
2026-05-29 22:25:11,734 - __main__ - WARNING - ⚠️ Disconnected from MQTT Broker (rc=0)
2026-05-29 22:25:11,734 - __main__ - INFO - Will attempt to reconnect in 5 seconds...
2026-05-30 10:19:22,818 - __main__ - INFO - 🚀 Starting Lab Monitoring System v2.1.0
2026-05-30 10:19:22,819 - __main__ - INFO - Configuration: USE_MQTT=True, SERVER_PORT=8800
2026-05-30 10:19:22,844 - __main__ - INFO - 🚀 MQTT client started
2026-05-30 10:19:22,844 - __main__ - INFO - ✅ Connected to MQTT Broker at localhost:1883
2026-05-30 10:19:22,847 - __main__ - INFO - 📡 Subscribed to: lab/monitoring/+ dan lab/command/result/+
2026-05-30 10:19:35,542 - __main__ - INFO - 🔌 WebSocket connected. Total: 1
2026-05-30 10:20:07,530 - __main__ - WARNING - ⚠️ Disconnected from MQTT Broker (rc=7)
2026-05-30 10:20:07,533 - __main__ - INFO - Will attempt to reconnect in 5 seconds...
2026-05-30 10:20:22,849 - __main__ - INFO - 📊 Stats - Uptime: 0:01:00.274079, Messages: 4, Failed: 0, Clients: 1, WS Connections: 1, Broadcast Failures: 0
2026-05-30 10:20:23,112 - __main__ - INFO - 🔌 WebSocket connection removed. Remaining: 0
2026-05-30 10:20:23,222 - __main__ - INFO - 🛑 Shutting down Lab Monitoring System
2026-05-30 22:05:48,842 - __main__ - INFO - 🚀 Starting Lab Monitoring System v2.1.0
2026-05-30 22:05:48,843 - __main__ - INFO - Configuration: USE_MQTT=True, SERVER_PORT=8800
2026-05-30 22:05:48,864 - __main__ - INFO - 🚀 MQTT client started
2026-05-30 22:05:48,866 - __main__ - INFO - ✅ Connected to MQTT Broker at localhost:1883
2026-05-30 22:05:48,868 - __main__ - INFO - 📡 Subscribed to: lab/monitoring/+ dan lab/command/result/+
2026-05-30 22:06:04,968 - __main__ - INFO - 🔌 WebSocket connected. Total: 1
2026-05-30 22:06:48,853 - __main__ - INFO - 📊 Stats - Uptime: 0:01:00.273995, Messages: 7, Failed: 0, Clients: 1, WS Connections: 1, Broadcast Failures: 0
2026-05-30 22:07:48,871 - __main__ - INFO - 📊 Stats - Uptime: 0:02:00.291734, Messages: 22, Failed: 0, Clients: 1, WS Connections: 1, Broadcast Failures: 0
2026-05-30 22:08:48,873 - __main__ - INFO - 📊 Stats - Uptime: 0:03:00.294047, Messages: 37, Failed: 0, Clients: 1, WS Connections: 1, Broadcast Failures: 0
2026-05-30 22:09:25,161 - __main__ - INFO - 🔌 WebSocket connection removed. Remaining: 0
2026-05-30 22:09:25,588 - __main__ - INFO - 🔌 WebSocket connected. Total: 1
2026-05-30 22:09:48,857 - __main__ - INFO - 📊 Stats - Uptime: 0:04:00.278121, Messages: 51, Failed: 0, Clients: 1, WS Connections: 1, Broadcast Failures: 0
2026-05-30 22:10:48,860 - __main__ - INFO - 📊 Stats - Uptime: 0:05:00.280802, Messages: 65, Failed: 0, Clients: 1, WS Connections: 1, Broadcast Failures: 0
2026-05-30 22:11:48,882 - __main__ - INFO - 📊 Stats - Uptime: 0:06:00.302687, Messages: 80, Failed: 0, Clients: 1, WS Connections: 1, Broadcast Failures: 0
2026-05-30 22:12:48,901 - __main__ - INFO - 📊 Stats - Uptime: 0:07:00.322111, Messages: 95, Failed: 0, Clients: 1, WS Connections: 1, Broadcast Failures: 0
2026-05-30 22:13:48,920 - __main__ - INFO - 📊 Stats - Uptime: 0:08:00.341627, Messages: 109, Failed: 0, Clients: 1, WS Connections: 1, Broadcast Failures: 0
2026-05-30 22:14:10,443 - __main__ - INFO - 🔌 WebSocket connection removed. Remaining: 0
2026-05-30 22:14:10,535 - __main__ - INFO - 🛑 Shutting down Lab Monitoring System
2026-05-30 22:14:11,531 - __main__ - WARNING - ⚠️ Disconnected from MQTT Broker (rc=0)
2026-05-30 22:14:11,537 - __main__ - INFO - Will attempt to reconnect in 5 seconds...
2026-05-30 22:14:15,840 - __main__ - INFO - 🚀 Starting Lab Monitoring System v2.1.0
2026-05-30 22:14:15,841 - __main__ - INFO - Configuration: USE_MQTT=True, SERVER_PORT=8800
2026-05-30 22:14:15,873 - __main__ - INFO - 🚀 MQTT client started
2026-05-30 22:14:15,874 - __main__ - INFO - ✅ Connected to MQTT Broker at localhost:1883
2026-05-30 22:14:15,875 - __main__ - INFO - 📡 Subscribed to: lab/monitoring/+ dan lab/command/result/+
2026-05-30 22:14:16,752 - __main__ - INFO - 🔌 WebSocket connected. Total: 1
2026-05-30 22:14:31,961 - __main__ - INFO - 🔌 WebSocket connection removed. Remaining: 0
2026-05-30 22:14:32,393 - __main__ - INFO - 🔌 WebSocket connected. Total: 1
2026-05-30 22:15:15,877 - __main__ - INFO - 📊 Stats - Uptime: 0:01:00.135041, Messages: 16, Failed: 0, Clients: 1, WS Connections: 1, Broadcast Failures: 0
2026-05-30 22:16:15,882 - __main__ - INFO - 📊 Stats - Uptime: 0:02:00.139898, Messages: 30, Failed: 0, Clients: 1, WS Connections: 1, Broadcast Failures: 0
2026-05-30 22:17:15,896 - __main__ - INFO - 📊 Stats - Uptime: 0:03:00.154140, Messages: 46, Failed: 0, Clients: 1, WS Connections: 1, Broadcast Failures: 0
2026-05-30 22:17:38,076 - __main__ - INFO - Command published: tasklist to LOQ-15IAX9 (ID: LOQ-15IAX9_1780154258076_6438, params: {})
2026-05-30 22:18:11,399 - __main__ - INFO - Command published: tasklist to LOQ-15IAX9 (ID: LOQ-15IAX9_1780154291399_1734, params: {})
2026-05-30 22:18:15,921 - __main__ - INFO - 📊 Stats - Uptime: 0:04:00.178691, Messages: 61, Failed: 0, Clients: 1, WS Connections: 1, Broadcast Failures: 0
2026-05-30 22:18:24,777 - __main__ - INFO - 🔌 WebSocket connection removed. Remaining: 0
2026-05-30 22:18:25,229 - __main__ - INFO - 🔌 WebSocket connected. Total: 1
2026-05-30 22:18:30,366 - __main__ - INFO - Command published: tasklist to LOQ-15IAX9 (ID: LOQ-15IAX9_1780154310366_1064, params: {})
2026-05-30 22:19:15,923 - __main__ - INFO - 📊 Stats - Uptime: 0:05:00.180481, Messages: 76, Failed: 0, Clients: 1, WS Connections: 1, Broadcast Failures: 0
2026-05-30 22:19:22,240 - __main__ - INFO - Command published: whoami to LOQ-15IAX9 (ID: LOQ-15IAX9_1780154362238_8727, params: {})
2026-05-30 22:20:15,919 - __main__ - INFO - 📊 Stats - Uptime: 0:06:00.176325, Messages: 91, Failed: 0, Clients: 1, WS Connections: 1, Broadcast Failures: 0
2026-05-30 22:21:15,938 - __main__ - INFO - 📊 Stats - Uptime: 0:07:00.195246, Messages: 106, Failed: 0, Clients: 1, WS Connections: 1, Broadcast Failures: 0
2026-05-30 22:21:30,581 - __main__ - INFO - Command published: tasklist to LOQ-15IAX9 (ID: LOQ-15IAX9_1780154490580_2158, params: {})
2026-05-30 22:21:31,307 - commands - INFO - Command: tasklist | Host: LOQ-15IAX9 | Status: success | Output: Image Name                     PID Session Name        Session#    Mem Usage
=======================...
2026-05-30 22:21:31,312 - __main__ - INFO - [✓] Command result diterima: tasklist dari LOQ-15IAX9
2026-05-30 22:21:37,535 - __main__ - INFO - Command published: ipconfig to LOQ-15IAX9 (ID: LOQ-15IAX9_1780154497535_3631, params: {})
2026-05-30 22:21:37,620 - commands - INFO - Command: ipconfig | Host: LOQ-15IAX9 | Status: success | Output: Windows IP Configuration


Wireless LAN adapter Wi-Fi:

   Media State . . . . . . . . . . . : Media...
2026-05-30 22:21:37,621 - __main__ - INFO - [✓] Command result diterima: ipconfig dari LOQ-15IAX9
2026-05-30 22:21:48,088 - __main__ - INFO - Command published: ipconfig to LOQ-15IAX9 (ID: LOQ-15IAX9_1780154508088_1896, params: {})
2026-05-30 22:21:48,342 - commands - INFO - Command: ipconfig | Host: LOQ-15IAX9 | Status: success | Output: Windows IP Configuration


Wireless LAN adapter Wi-Fi:

   Media State . . . . . . . . . . . : Media...
2026-05-30 22:21:48,344 - __main__ - INFO - [✓] Command result diterima: ipconfig dari LOQ-15IAX9
2026-05-30 22:21:56,108 - __main__ - INFO - Command published: whoami to LOQ-15IAX9 (ID: LOQ-15IAX9_1780154516107_9563, params: {})
2026-05-30 22:21:56,508 - commands - INFO - Command: whoami | Host: LOQ-15IAX9 | Status: success | Output: LENOVO...
2026-05-30 22:21:56,510 - __main__ - INFO - [✓] Command result diterima: whoami dari LOQ-15IAX9
2026-05-30 22:22:00,960 - __main__ - INFO - Command published: systeminfo to LOQ-15IAX9 (ID: LOQ-15IAX9_1780154520960_2289, params: {})
2026-05-30 22:22:05,143 - commands - INFO - Command: systeminfo | Host: LOQ-15IAX9 | Status: success | Output: Host Name:                     LOQ-15IAX9
OS Name:                       Microsoft Windows 11 Home S...
2026-05-30 22:22:05,144 - __main__ - INFO - [✓] Command result diterima: systeminfo dari LOQ-15IAX9
2026-05-30 22:22:15,953 - __main__ - INFO - 📊 Stats - Uptime: 0:08:00.210511, Messages: 121, Failed: 0, Clients: 1, WS Connections: 1, Broadcast Failures: 0
2026-05-30 22:22:18,041 - __main__ - INFO - Command published: ipconfig to LOQ-15IAX9 (ID: LOQ-15IAX9_1780154538041_6329, params: {})
2026-05-30 22:22:18,115 - commands - INFO - Command: ipconfig | Host: LOQ-15IAX9 | Status: success | Output: Windows IP Configuration


Wireless LAN adapter Wi-Fi:

   Media State . . . . . . . . . . . : Media...
2026-05-30 22:22:18,116 - __main__ - INFO - [✓] Command result diterima: ipconfig dari LOQ-15IAX9
2026-05-30 22:23:15,938 - __main__ - INFO - 📊 Stats - Uptime: 0:09:00.195470, Messages: 137, Failed: 0, Clients: 1, WS Connections: 1, Broadcast Failures: 0
2026-05-30 22:24:15,960 - __main__ - INFO - 📊 Stats - Uptime: 0:10:00.217408, Messages: 153, Failed: 0, Clients: 1, WS Connections: 1, Broadcast Failures: 0
2026-05-30 22:24:28,081 - __main__ - INFO - Command published: ipconfig to LOQ-15IAX9 (ID: LOQ-15IAX9_1780154668081_5679, params: {})
2026-05-30 22:24:28,355 - commands - INFO - Command: ipconfig | Host: LOQ-15IAX9 | Status: success | Output: Windows IP Configuration


Wireless LAN adapter Wi-Fi:

   Media State . . . . . . . . . . . : ...
2026-05-30 22:24:28,356 - __main__ - INFO - [✓] Command result diterima: ipconfig dari LOQ-15IAX9
2026-05-30 22:24:36,335 - __main__ - INFO - Command published: tasklist to LOQ-15IAX9 (ID: LOQ-15IAX9_1780154676333_8547, params: {})
2026-05-30 22:24:36,946 - commands - INFO - Command: tasklist | Host: LOQ-15IAX9 | Status: success | Output: Image Name                     PID Session Name        Session#    Mem Usage
======================...
2026-05-30 22:24:36,948 - __main__ - INFO - [✓] Command result diterima: tasklist dari LOQ-15IAX9
2026-05-30 22:24:43,474 - __main__ - INFO - Command published: systeminfo to LOQ-15IAX9 (ID: LOQ-15IAX9_1780154683474_2406, params: {})
2026-05-30 22:24:48,309 - commands - INFO - Command: systeminfo | Host: LOQ-15IAX9 | Status: success | Output: Host Name:                     LOQ-15IAX9
OS Name:                       Microsoft Windows 11 Home ...
2026-05-30 22:24:48,311 - __main__ - INFO - [✓] Command result diterima: systeminfo dari LOQ-15IAX9
2026-05-30 22:24:51,847 - __main__ - INFO - Command published: ipconfig to LOQ-15IAX9 (ID: LOQ-15IAX9_1780154691847_4480, params: {})
2026-05-30 22:24:52,095 - commands - INFO - Command: ipconfig | Host: LOQ-15IAX9 | Status: success | Output: Windows IP Configuration


Wireless LAN adapter Wi-Fi:

   Media State . . . . . . . . . . . : ...
2026-05-30 22:24:52,095 - __main__ - INFO - [✓] Command result diterima: ipconfig dari LOQ-15IAX9
2026-05-30 22:25:15,983 - __main__ - INFO - 📊 Stats - Uptime: 0:11:00.240305, Messages: 167, Failed: 0, Clients: 1, WS Connections: 1, Broadcast Failures: 0
2026-05-30 22:26:15,990 - __main__ - INFO - 📊 Stats - Uptime: 0:12:00.247960, Messages: 182, Failed: 0, Clients: 1, WS Connections: 1, Broadcast Failures: 0
2026-05-30 22:27:15,992 - __main__ - INFO - 📊 Stats - Uptime: 0:13:00.250179, Messages: 198, Failed: 0, Clients: 1, WS Connections: 1, Broadcast Failures: 0
2026-05-30 22:27:52,160 - __main__ - INFO - 🔌 WebSocket connection removed. Remaining: 0
2026-05-30 22:27:52,595 - __main__ - INFO - 🔌 WebSocket connected. Total: 1
2026-05-30 22:28:10,770 - __main__ - INFO - Command published: ipconfig to LOQ-15IAX9 (ID: LOQ-15IAX9_1780154890770_8002, params: {})
2026-05-30 22:28:11,058 - commands - INFO - Command: ipconfig | Host: LOQ-15IAX9 | Status: success | Output: Windows IP Configuration


Wireless LAN adapter Wi-Fi:

   Media State . . . . . . . . . . . : ...
2026-05-30 22:28:11,060 - __main__ - INFO - [✓] Command result diterima: ipconfig dari LOQ-15IAX9
2026-05-30 22:28:15,999 - __main__ - INFO - 📊 Stats - Uptime: 0:14:00.256360, Messages: 213, Failed: 0, Clients: 1, WS Connections: 1, Broadcast Failures: 0
2026-05-30 22:29:15,992 - __main__ - INFO - 📊 Stats - Uptime: 0:15:00.249224, Messages: 228, Failed: 0, Clients: 1, WS Connections: 1, Broadcast Failures: 0
2026-05-30 22:30:15,995 - __main__ - INFO - 📊 Stats - Uptime: 0:16:00.252651, Messages: 243, Failed: 0, Clients: 1, WS Connections: 1, Broadcast Failures: 0
2026-05-30 22:31:16,005 - __main__ - INFO - 📊 Stats - Uptime: 0:17:00.262261, Messages: 258, Failed: 0, Clients: 1, WS Connections: 1, Broadcast Failures: 0
2026-05-30 22:32:15,979 - __main__ - INFO - 📊 Stats - Uptime: 0:18:00.236245, Messages: 272, Failed: 0, Clients: 1, WS Connections: 1, Broadcast Failures: 0
2026-05-30 22:33:15,996 - __main__ - INFO - 📊 Stats - Uptime: 0:19:00.253401, Messages: 287, Failed: 0, Clients: 1, WS Connections: 1, Broadcast Failures: 0
2026-05-30 22:34:16,011 - __main__ - INFO - 📊 Stats - Uptime: 0:20:00.268388, Messages: 303, Failed: 0, Clients: 1, WS Connections: 1, Broadcast Failures: 0
2026-05-30 22:35:16,034 - __main__ - INFO - 📊 Stats - Uptime: 0:21:00.291887, Messages: 318, Failed: 0, Clients: 1, WS Connections: 1, Broadcast Failures: 0
2026-05-30 22:36:16,049 - __main__ - INFO - 📊 Stats - Uptime: 0:22:00.306786, Messages: 333, Failed: 0, Clients: 1, WS Connections: 1, Broadcast Failures: 0
2026-05-30 22:37:16,067 - __main__ - INFO - 📊 Stats - Uptime: 0:23:00.324780, Messages: 348, Failed: 0, Clients: 1, WS Connections: 1, Broadcast Failures: 0
2026-05-30 22:38:16,078 - __main__ - INFO - 📊 Stats - Uptime: 0:24:00.335547, Messages: 363, Failed: 0, Clients: 1, WS Connections: 1, Broadcast Failures: 0
2026-05-30 22:39:16,094 - __main__ - INFO - 📊 Stats - Uptime: 0:25:00.351772, Messages: 378, Failed: 0, Clients: 1, WS Connections: 1, Broadcast Failures: 0
2026-05-30 22:40:16,100 - __main__ - INFO - 📊 Stats - Uptime: 0:26:00.357380, Messages: 393, Failed: 0, Clients: 1, WS Connections: 1, Broadcast Failures: 0
2026-05-30 22:41:16,089 - __main__ - INFO - 📊 Stats - Uptime: 0:27:00.346586, Messages: 407, Failed: 0, Clients: 1, WS Connections: 1, Broadcast Failures: 0
2026-05-30 22:42:16,111 - __main__ - INFO - 📊 Stats - Uptime: 0:28:00.369019, Messages: 421, Failed: 0, Clients: 1, WS Connections: 1, Broadcast Failures: 0
2026-05-30 22:43:16,124 - __main__ - INFO - 📊 Stats - Uptime: 0:29:00.381881, Messages: 435, Failed: 0, Clients: 1, WS Connections: 1, Broadcast Failures: 0
2026-05-30 22:44:16,109 - __main__ - INFO - 📊 Stats - Uptime: 0:30:00.367086, Messages: 450, Failed: 0, Clients: 1, WS Connections: 1, Broadcast Failures: 0
2026-05-30 22:45:16,121 - __main__ - INFO - 📊 Stats - Uptime: 0:31:00.378373, Messages: 464, Failed: 0, Clients: 1, WS Connections: 1, Broadcast Failures: 0
2026-05-30 22:46:16,131 - __main__ - INFO - 📊 Stats - Uptime: 0:32:00.389144, Messages: 478, Failed: 0, Clients: 1, WS Connections: 1, Broadcast Failures: 0
2026-05-30 22:47:16,141 - __main__ - INFO - 📊 Stats - Uptime: 0:33:00.398678, Messages: 492, Failed: 0, Clients: 1, WS Connections: 1, Broadcast Failures: 0
2026-05-30 22:48:16,151 - __main__ - INFO - 📊 Stats - Uptime: 0:34:00.408977, Messages: 506, Failed: 0, Clients: 1, WS Connections: 1, Broadcast Failures: 0
2026-05-30 22:49:16,154 - __main__ - INFO - 📊 Stats - Uptime: 0:35:00.411820, Messages: 521, Failed: 0, Clients: 1, WS Connections: 1, Broadcast Failures: 0
2026-05-30 22:50:16,159 - __main__ - INFO - 📊 Stats - Uptime: 0:36:00.416987, Messages: 536, Failed: 0, Clients: 1, WS Connections: 1, Broadcast Failures: 0
2026-05-30 22:51:16,171 - __main__ - INFO - 📊 Stats - Uptime: 0:37:00.427754, Messages: 551, Failed: 0, Clients: 1, WS Connections: 1, Broadcast Failures: 0
2026-05-30 22:52:15,914 - __main__ - WARNING - ⚠️ Disconnected from MQTT Broker (rc=7)
2026-05-30 22:52:15,915 - __main__ - INFO - Will attempt to reconnect in 5 seconds...
2026-05-30 22:52:16,175 - __main__ - INFO - 📊 Stats - Uptime: 0:38:00.432801, Messages: 567, Failed: 0, Clients: 1, WS Connections: 1, Broadcast Failures: 0
2026-05-30 22:52:44,329 - __main__ - INFO - 🔌 WebSocket connection removed. Remaining: 0
2026-05-30 22:52:44,436 - __main__ - INFO - 🛑 Shutting down Lab Monitoring System
